blue_bans,red_bans,blue_picks,red_picks,patch,blue_roster,red_roster,blue_side,red_side,winner,loser
Zoe,Aphelios,Mordekaiser,Aatrox,10.6,GimGoon,369,,,,
Trundle,Kalista,Lee Sin,Gragas,10.6,Tian,Karsa,,,,
Sett,Renekton,Rumble,Sylas,10.6,Doinb,Knight,,,,
RekSai,Braum,Varus,Miss Fortune,10.6,Lwx,JackeyLove,,,,
Olaf,Tahm Kench,Blitzcrank,Thresh,10.6,Crisp,yuyanjia,,,,
,,,,,,,Funplus Phoenix,Top Esports,red_side,blue_side
Mordekaiser,Zoe,Ornn,Renekton,10.6,369,GimGoon,,,,
Aatrox,Trundle,RekSai,Elise,10.6,Karsa,Tian,,,,
Kalista,Thresh,Syndra,Azir,10.6,Knight,Doinb,,,,
Vladimir,Olaf,Aphelios,Miss Fortune,10.6,JackeyLove,Lwx,,,,
Sett,Lee Sin,Braum,Rakan,10.6,yuyanjia,Crisp,,,,
,,,,,,,Top Esports,Funplus Phoenix,blue_side,red_side
Azir,Pantheon,Ornn,Mordekaiser,10.6,Morgan,Breathe,,,,
Zoe,Thresh,Kindred,Trundle,10.6,beishang,H4cker,,,,
Aphelios,Kalista,Rumble,Cassiopeia,10.6,Teacherma,icon,,,,
LeBlanc,Sett,Varus,Miss Fortune,10.6,Elk,SmLz,,,,
Sylas,Braum,Leona,Taric,10.6,Missing,cold,,,,
,,,,,,,Team WE,OMG,red_side,blue_side
Pantheon,Azir,Mordekaiser,Renekton,10.6,Breathe,Morgan,,,,
Thresh,Aphelios,Trundle,Jarvan IV,10.6,H4cker,beishang,,,,
Sett,Kalista,Kled,Galio,10.6,icon,Teacherma,,,,
Wukong,Cassiopeia,Miss Fortune,Varus,10.6,SmLz,Elk,,,,
Ornn,LeBlanc,Taric,Nautilus,10.6,cold,Missing,,,,
,,,,,,,OMG,Team WE,red_side,blue_side
Azir,Pantheon,Renekton,Mordekaiser,10.6,Morgan,Breathe,,,,
Cassiopeia,Thresh,Jarvan IV,Trundle,10.6,beishang,H4cker,,,,
Aphelios,Kalista,Galio,Corki,10.6,Teacherma,icon,,,,
Ornn,Xayah,Ashe,Varus,10.6,Elk,SmLz,,,,
Wukong,Miss Fortune,Nautilus,Taric,10.6,Missing,cold,,,,
,,,,,,,Team WE,OMG,blue_side,red_side
Jarvan IV,Kalista,Renekton,Ornn,10.6,Crazy,Lies,,,,
Wukong,Sett,Trundle,RekSai,10.6,Haro,Peanut,,,,
Aphelios,Senna,Zoe,Syndra,10.6,Wuming,Yuuki,,,,
Azir,Olaf,Varus,Miss Fortune,10.6,ZWuJi,Kramer,,,,
Irelia,Elise,Thresh,Leona,10.6,Ley,killua,,,,
,,,,,,,Rogue Warriors,LGD Gaming,blue_side,red_side
Zoe,Jarvan IV,Ornn,Renekton,10.6,Lies,Crazy,,,,
Sett,Wukong,Lee Sin,Trundle,10.6,Peanut,Haro,,,,
Thresh,Aphelios,Corki,Sylas,10.6,fenfen,Wuming,,,,
Syndra,Kindred,Nautilus,Varus,10.6,killua,ZWuJi,,,,
LeBlanc,Graves,Senna,Morgana,10.6,Kramer,Ley,,,,
,,,,,,,LGD Gaming,Rogue Warriors,blue_side,red_side
Jarvan IV,Sett,Wukong,Hecarim,10.6,Holder,Lies,,,,
Ornn,Thresh,Lee Sin,Elise,10.6,Haro,Peanut,,,,
Aphelios,Varus,Azir,Pantheon,10.6,Ruby,fenfen,,,,
Renekton,Zoe,Miss Fortune,Kalista,10.6,ZWuJi,Kramer,,,,
Kassadin,Galio,Leona,Taric,10.6,Ley,killua,,,,
,,,,,,,Rogue Warriors,LGD Gaming,blue_side,red_side
Wukong,Senna,Jayce,Aatrox,10.6,TheShy,chenlun17,,,,
Jarvan IV,Lucian,Sejuani,Elise,10.6,Leyan,Xx,,,,
Trundle,Graves,Syndra,Zoe,10.6,RooKie,Maple,,,,
Bard,Olaf,Kalista,Aphelios,10.6,Puff,Light,,,,
LeBlanc,Lee Sin,Taric,Braum,10.6,Southwind,Duan,,,,
,,,,,,,Invictus Gaming,LNG Esports,red_side,blue_side
Wukong,Senna,Kalista,Aatrox,10.6,TheShy,chenlun17,,,,
Jarvan IV,Lucian,Lee Sin,RekSai,10.6,Leyan,Xx,,,,
Trundle,Jayce,Syndra,Zoe,10.6,RooKie,Maple,,,,
LeBlanc,Taric,Ezreal,Aphelios,10.6,Puff,Light,,,,
Rumble,Thresh,Braum,Rakan,10.6,Southwind,Duan,,,,
,,,,,,,Invictus Gaming,LNG Esports,blue_side,red_side
Wukong,Senna,Kalista,Ornn,10.6,TheShy,chenlun17,,,,
Jarvan IV,Lucian,Lee Sin,Xin Zhao,10.6,Leyan,Xx,,,,
Trundle,Jayce,Syndra,Zoe,10.6,RooKie,Maple,,,,
RekSai,Taric,Varus,Aphelios,10.6,Puff,Light,,,,
Olaf,Ezreal,Thresh,Braum,10.6,Southwind,Duan,,,,
,,,,,,,Invictus Gaming,LNG Esports,blue_side,red_side
Azir,Pantheon,Renekton,Sett,10.6,Morgan,Aodi,,,,
Trundle,Wukong,Jarvan IV,Gragas,10.6,beishang,JunJia,,,,
Sejuani,Kalista,Galio,Corki,10.6,Teacherma,Scout,,,,
LeBlanc,Rumble,Aphelios,Miss Fortune,10.6,Elk,Hope,,,,
Irelia,Ornn,Thresh,Nautilus,10.6,Missing,meiko,,,,
,,,,,,,Team WE,Edward Gaming,blue_side,red_side
Azir,Pantheon,Sett,Mordekaiser,10.6,Morgan,Aodi,,,,
Trundle,Kalista,Ekko,Jarvan IV,10.6,beishang,JunJia,,,,
Sejuani,Wukong,Nocturne,Lissandra,10.6,Teacherma,Scout,,,,
Zoe,Olaf,Aphelios,Varus,10.6,Elk,Hope,,,,
LeBlanc,Graves,Nautilus,Thresh,10.6,Missing,meiko,,,,
,,,,,,,Team WE,Edward Gaming,red_side,blue_side
Azir,Pantheon,Aatrox,Sett,10.6,Morgan,Aodi,,,,
Mordekaiser,Kalista,Trundle,Sejuani,10.6,beishang,JunJia,,,,
Varus,Wukong,Galio,Corki,10.6,Teacherma,Scout,,,,
Ekko,Ornn,Aphelios,Miss Fortune,10.6,Elk,Hope,,,,
Irelia,Rumble,Thresh,Nautilus,10.6,Missing,meiko,,,,
,,,,,,,Team WE,Edward Gaming,blue_side,red_side
Elise,Kalista,Wukong,Ornn,10.6,Lies,Zoom,,,,
Sett,Senna,Lee Sin,Graves,10.6,Peanut,Kanavi,,,,
LeBlanc,Varus,Azir,Corki,10.6,Yuuki,Yagao,,,,
RekSai,Trundle,Aphelios,Syndra,10.6,Kramer,LokeN,,,,
Lucian,Sejuani,Braum,Thresh,10.6,killua,LvMao,,,,
,,,,,,,LGD Gaming,JD Gaming,red_side,blue_side
Elise,Kalista,Wukong,Ornn,10.6,Lies,Zoom,,,,
Sett,Senna,Trundle,Kindred,10.6,Peanut,Kanavi,,,,
LeBlanc,Varus,Azir,Syndra,10.6,Yuuki,Yagao,,,,
Thresh,Braum,Aphelios,Ezreal,10.6,Kramer,LokeN,,,,
Kassadin,Nautilus,Bard,Yuumi,10.6,killua,LvMao,,,,
,,,,,,,LGD Gaming,JD Gaming,red_side,blue_side
Kassadin,Aphelios,Maokai,Wukong,10.6,Langx,Bin,,,,
Lee Sin,Ornn,Kindred,Trundle,10.6,XLB,SofM,,,,
Jarvan IV,Elise,Galio,LeBlanc,10.6,xiaohu,Angel,,,,
Miss Fortune,Syndra,Varus,Ezreal,10.6,Betty,huanfeng,,,,
Kalista,Lissandra,Braum,Tahm Kench,10.6,Ming,SwordArt,,,,
,,,,,,,Royal Never Give Up,Suning,blue_side,red_side
Kassadin,Aphelios,Maokai,Wukong,10.6,Langx,Bin,,,,
Lee Sin,Ornn,Kindred,Trundle,10.6,XLB,SofM,,,,
Jarvan IV,Elise,LeBlanc,Syndra,10.6,xiaohu,Angel,,,,
Miss Fortune,Thresh,Varus,Ezreal,10.6,Betty,huanfeng,,,,
Kalista,Mordekaiser,Braum,Rakan,10.6,Ming,SwordArt,,,,
,,,,,,,Royal Never Give Up,Suning,red_side,blue_side
Kassadin,Aphelios,Kennen,Renekton,10.6,Langx,Bin,,,,
Kalista,Maokai,Olaf,Lee Sin,10.6,XLB,SofM,,,,
Jarvan IV,RekSai,Zoe,Syndra,10.6,xiaohu,Angel,,,,
Nautilus,Ornn,Varus,Miss Fortune,10.6,Betty,huanfeng,,,,
Wukong,Thresh,Braum,Rakan,10.6,Ming,SwordArt,,,,
,,,,,,,Royal Never Give Up,Suning,red_side,blue_side
Thresh,Aphelios,Aatrox,Renekton,10.6,GimGoon,Crazy,,,,
Elise,Mordekaiser,Sett,Nidalee,10.6,Tian,Haro,,,,
Wukong,Kassadin,Viktor,Azir,10.6,Doinb,Ruby,,,,
Zoe,Galio,Kalista,Varus,10.6,Lwx,ZWuJi,,,,
Olaf,Jarvan IV,Taric,Braum,10.6,Crisp,Ley,,,,
,,,,,,,Funplus Phoenix,Rogue Warriors,blue_side,red_side
Kassadin,Thresh,Aatrox,Renekton,10.6,Crazy,GimGoon,,,,
Elise,Taric,Olaf,Lee Sin,10.6,Haro,Tian,,,,
Varus,Aphelios,Zoe,Sylas,10.6,Wuming,Doinb,,,,
Azir,Ornn,Kalista,Tahm Kench,10.6,ZWuJi,Crisp,,,,
Mordekaiser,RekSai,Pyke,Senna,10.6,Ley,Lwx,,,,
,,,,,,,Rogue Warriors,Funplus Phoenix,blue_side,red_side
Thresh,Aphelios,Mordekaiser,Aatrox,10.6,GimGoon,Crazy,,,,
Elise,Kalista,Lee Sin,RekSai,10.6,Tian,Haro,,,,
Zoe,Varus,Lissandra,LeBlanc,10.6,Doinb,Wuming,,,,
Olaf,Kassadin,Miss Fortune,Xayah,10.6,Lwx,ZWuJi,,,,
Galio,Renekton,Leona,Rakan,10.6,Crisp,Ley,,,,
,,,,,,,Funplus Phoenix,Rogue Warriors,blue_side,red_side
Syndra,Varus,Aatrox,Renekton,10.6,Cube,Aliez,,,,
Bard,Kalista,Trundle,Lee Sin,10.6,Aix,xiaohan,,,,
LeBlanc,Wukong,Corki,Kassadin,10.6,Forge,clx,,,,
Elise,Sylas,Tahm Kench,Neeko,10.6,Hang,Mole,,,,
Gragas,Ornn,Senna,Pyke,10.6,iBOY,Y4,,,,
,,,,,,,Vici Gaming,Victory Five,blue_side,red_side
Kalista,Syndra,Aatrox,Mordekaiser,10.6,Aliez,Cube,,,,
Trundle,Bard,Ekko,Olaf,10.6,xiaohan,Aix,,,,
Varus,Lee Sin,Renekton,LeBlanc,10.6,clx,Forge,,,,
Wukong,Senna,Neeko,Aphelios,10.6,Mole,iBOY,,,,
Ornn,Kassadin,Tahm Kench,Nautilus,10.6,Y4,Hang,,,,
,,,,,,,Victory Five,Vici Gaming,red_side,blue_side
Lucian,Jarvan IV,Wukong,Aatrox,10.6,Jinoo,TheShy,,,,
Senna,Nautilus,Sejuani,Trundle,10.6,Jiejie,Leyan,,,,
Tahm Kench,Kalista,Ekko,Syndra,10.6,Scout,RooKie,,,,
Ornn,Azir,Miss Fortune,Aphelios,10.6,Hope,Puff,,,,
Thresh,Irelia,Sett,Leona,10.6,meiko,Southwind,,,,
,,,,,,,Edward Gaming,Invictus Gaming,red_side,blue_side
Jarvan IV,Senna,Aatrox,Kennen,10.6,TheShy,Jinoo,,,,
Nautilus,Lucian,Sett,Trundle,10.6,Leyan,Jiejie,,,,
Wukong,Kalista,Syndra,Azir,10.6,RooKie,Scout,,,,
Ornn,Thresh,Aphelios,Miss Fortune,10.6,Puff,Hope,,,,
Blitzcrank,Taric,Braum,Leona,10.6,Southwind,meiko,,,,
,,,,,,,Invictus Gaming,Edward Gaming,blue_side,red_side
Kalista,Irelia,Wukong,Ornn,10.6,Natural,Zoom,,,,
Mordekaiser,Varus,Jarvan IV,Kindred,10.6,Xiaopeng,Kanavi,,,,
Elise,Trundle,Sylas,LeBlanc,10.6,xiye,Yagao,,,,
Taric,Syndra,Miss Fortune,Aphelios,10.6,GALA,LokeN,,,,
Braum,Zoe,Nautilus,Thresh,10.6,Mark,LvMao,,,,
,,,,,,,Dominus Esports,JD Gaming,red_side,blue_side
Irelia,Kalista,Maokai,Wukong,10.6,Zoom,Natural,,,,
Varus,Mordekaiser,RekSai,Jarvan IV,10.6,Kanavi,Xiaopeng,,,,
Trundle,Zoe,Sylas,Corki,10.6,Yagao,xiye,,,,
Nautilus,LeBlanc,Aphelios,Miss Fortune,10.6,LokeN,GALA,,,,
Azir,Kassadin,Leona,Rakan,10.6,LvMao,Mark,,,,
,,,,,,,JD Gaming,Dominus Esports,blue_side,red_side
Thresh,Azir,Mordekaiser,Wukong,10.6,chenlun17,Morgan,,,,
Pantheon,Aphelios,Trundle,Jarvan IV,10.6,Xx,beishang,,,,
Rumble,Kalista,Sylas,Neeko,10.6,Maple,Teacherma,,,,
Diana,Zoe,Varus,Miss Fortune,10.6,Light,Elk,,,,
Aurelion Sol,LeBlanc,Tahm Kench,Leona,10.6,Duan,Missing,,,,
,,,,,,,LNG Esports,Team WE,blue_side,red_side
Azir,Thresh,Sett,Aatrox,10.6,Morgan,chenlun17,,,,
Zoe,Pantheon,Graves,Trundle,10.6,beishang,Xx,,,,
Wukong,Rumble,Aurelion Sol,Syndra,10.6,Teacherma,Maple,,,,
LeBlanc,Kindred,Kalista,Aphelios,10.6,Elk,Light,,,,
Sylas,Elise,Taric,Braum,10.6,Missing,Duan,,,,
,,,,,,,Team WE,LNG Esports,blue_side,red_side
Pantheon,Azir,Jax,Wukong,10.6,chenlun17,Morgan,,,,
Rumble,Aphelios,Trundle,Gragas,10.6,Xx,beishang,,,,
Renekton,Kalista,Zoe,Nocturne,10.6,Maple,Teacherma,,,,
Ekko,Mordekaiser,Varus,Kaisa,10.6,Light,Elk,,,,
Elise,LeBlanc,Tahm Kench,Sett,10.6,Duan,Missing,,,,
,,,,,,,LNG Esports,Team WE,blue_side,red_side
Jarvan IV,Zoe,Jax,Wukong,10.6,369,Xiaobai,,,,
Thresh,Renekton,Trundle,RekSai,10.6,Karsa,Wei,,,,
Sett,Syndra,Neeko,Azir,10.6,Knight,Cryin,,,,
LeBlanc,Malphite,Varus,Aphelios,10.6,JackeyLove,Wink,,,,
Kassadin,Mordekaiser,Braum,Taric,10.6,Qiuqiu,ShiauC,,,,
,,,,,,,Top Esports,eStar,blue_side,red_side
Jarvan IV,Zoe,Maokai,Wukong,10.6,369,Xiaobai,,,,
Thresh,Renekton,Trundle,Olaf,10.6,Karsa,Wei,,,,
Sett,Syndra,Corki,Azir,10.6,Knight,Cryin,,,,
LeBlanc,Jax,Ezreal,Aphelios,10.6,JackeyLove,Wink,,,,
Kassadin,Mordekaiser,Yuumi,Taric,10.6,Qiuqiu,ShiauC,,,,
,,,,,,,Top Esports,eStar,blue_side,red_side
Varus,Kalista,Rumble,Mordekaiser,10.6,Lies,GimGoon,,,,
Elise,Wukong,Jarvan IV,Lee Sin,10.6,Peanut,Tian,,,,
Sett,Senna,Azir,Corki,10.6,Yuuki,Doinb,,,,
Kassadin,Ornn,Aphelios,Miss Fortune,10.6,Kramer,Lwx,,,,
Sylas,Renekton,Braum,Leona,10.6,killua,Crisp,,,,
,,,,,,,LGD Gaming,Funplus Phoenix,red_side,blue_side
Wukong,Elise,Aatrox,Rumble,10.6,GimGoon,Lies,,,,
Senna,Sett,Trundle,Jarvan IV,10.6,Tian,Peanut,,,,
Aphelios,Kalista,Azir,Akali,10.6,Doinb,Yuuki,,,,
Bard,Mordekaiser,Varus,Miss Fortune,10.6,Lwx,Kramer,,,,
Rakan,Kassadin,Braum,Taric,10.6,Crisp,killua,,,,
,,,,,,,Funplus Phoenix,LGD Gaming,blue_side,red_side
Kalista,Syndra,Renekton,Ornn,10.6,Aliez,kingen,,,,
Jarvan IV,Senna,Gragas,Trundle,10.6,xiaohan,Meteor,,,,
Thresh,Aphelios,Jayce,Azir,10.6,clx,FoFo,,,,
Sylas,Elise,Varus,Kaisa,10.6,Mole,jinjiao,,,,
Irelia,Lee Sin,Bard,Sett,10.6,Y4,XinMo,,,,
,,,,,,,Victory Five,Bilibili Gaming,red_side,blue_side
Kalista,Syndra,Aatrox,Renekton,10.6,Aliez,kingen,,,,
Jarvan IV,Senna,RekSai,Elise,10.6,xiaohan,Meteor,,,,
Thresh,Bard,LeBlanc,Galio,10.6,clx,FoFo,,,,
Sylas,Lee Sin,Varus,Kaisa,10.6,Mole,jinjiao,,,,
Trundle,Gragas,Pyke,Sett,10.6,Y4,XinMo,,,,
,,,,,,,Victory Five,Bilibili Gaming,red_side,blue_side
Jarvan IV,Aphelios,Aatrox,Ornn,10.6,TheShy,Morgan,,,,
Pantheon,Kalista,Sett,Olaf,10.6,Leyan,beishang,,,,
Thresh,Lucian,Azir,Corki,10.6,RooKie,Teacherma,,,,
Rumble,Nidalee,Tahm Kench,Varus,10.6,Southwind,Elk,,,,
Wukong,Trundle,Senna,Braum,10.6,Puff,Missing,,,,
,,,,,,,Invictus Gaming,Team WE,blue_side,red_side
Senna,Thresh,Ornn,Vladimir,10.6,Morgan,TheShy,,,,
Azir,Kalista,Ekko,Sett,10.6,beishang,Leyan,,,,
Braum,Aphelios,Pantheon,Syndra,10.6,Teacherma,RooKie,,,,
LeBlanc,Jarvan IV,Miss Fortune,Varus,10.6,Elk,Puff,,,,
Zoe,Elise,Nautilus,Tahm Kench,10.6,Missing,Southwind,,,,
,,,,,,,Team WE,Invictus Gaming,blue_side,red_side
Jarvan IV,Azir,Rumble,Ornn,10.6,TheShy,Morgan,,,,
Pantheon,Senna,RekSai,Kindred,10.6,Leyan,beishang,,,,
Thresh,Kalista,Orianna,Syndra,10.6,RooKie,Teacherma,,,,
Olaf,LeBlanc,Aphelios,Miss Fortune,10.6,Puff,Elk,,,,
Elise,Zoe,Braum,Bard,10.6,Southwind,Missing,,,,
,,,,,,,Invictus Gaming,Team WE,blue_side,red_side
LeBlanc,Wukong,Sett,Jax,10.6,Langx,Natural,,,,
Varus,Aphelios,Jarvan IV,Trundle,10.6,XLB,Xiaopeng,,,,
Renekton,Kalista,Azir,Corki,10.6,xiaohu,xiye,,,,
Kassadin,Syndra,Kaisa,Miss Fortune,10.6,Betty,GALA,,,,
Aatrox,Zoe,Nautilus,Leona,10.6,Ming,Mark,,,,
,,,,,,,Royal Never Give Up,Dominus Esports,red_side,blue_side
Kalista,Aphelios,Camille,Aatrox,10.6,Natural,Langx,,,,
Mordekaiser,Renekton,Trundle,Elise,10.6,Xiaopeng,XLB,,,,
Olaf,Wukong,LeBlanc,Kassadin,10.6,xiye,xiaohu,,,,
Sett,Jax,Miss Fortune,Varus,10.6,GALA,Betty,,,,
Syndra,Irelia,Nautilus,Braum,10.6,Mark,Ming,,,,
,,,,,,,Dominus Esports,Royal Never Give Up,blue_side,red_side
Senna,Sett,Aatrox,Irelia,10.6,Jinoo,Breathe,,,,
Tahm Kench,Jarvan IV,Lee Sin,Trundle,10.6,Jiejie,H4cker,,,,
Aphelios,Kalista,Syndra,Ekko,10.6,Scout,icon,,,,
Ornn,Kennen,Varus,Sivir,10.6,Hope,SmLz,,,,
Gangplank,Alistar,Thresh,Taric,10.6,meiko,cold,,,,
,,,,,,,Edward Gaming,OMG,blue_side,red_side
Senna,Sett,Maokai,Wukong,10.6,Jinoo,Breathe,,,,
Tahm Kench,Jarvan IV,Trundle,Ekko,10.6,Jiejie,H4cker,,,,
Aphelios,Kalista,Azir,Kassadin,10.6,Scout,icon,,,,
Gangplank,Ornn,Miss Fortune,Varus,10.6,Hope,SmLz,,,,
Irelia,Mordekaiser,Nautilus,Leona,10.6,meiko,cold,,,,
,,,,,,,Edward Gaming,OMG,blue_side,red_side
Sett,Senna,Maokai,Ornn,10.6,Lies,kingen,,,,
Renekton,Wukong,Kindred,Graves,10.6,Peanut,Meteor,,,,
Trundle,Lee Sin,Corki,Azir,10.6,Yuuki,FoFo,,,,
Kassadin,Jarvan IV,Kalista,Aphelios,10.6,Kramer,jinjiao,,,,
Olaf,Irelia,Taric,Braum,10.6,killua,XinMo,,,,
,,,,,,,LGD Gaming,Bilibili Gaming,red_side,blue_side
Wukong,Sett,Vladimir,Ornn,10.6,kingen,Lies,,,,
Senna,Renekton,Zac,Sejuani,10.6,Meteor,Peanut,,,,
Lee Sin,Trundle,Irelia,Azir,10.6,FoFo,Yuuki,,,,
RekSai,Olaf,Kalista,Aphelios,10.6,jinjiao,Kramer,,,,
Zoe,Elise,Taric,Braum,10.6,XinMo,killua,,,,
,,,,,,,Bilibili Gaming,LGD Gaming,blue_side,red_side
Jarvan IV,Olaf,Ornn,Wukong,10.6,Cube,Bin,,,,
Sett,Kalista,Trundle,Gragas,10.6,Aix,SofM,,,,
Kassadin,Aphelios,LeBlanc,Galio,10.6,Forge,Angel,,,,
Nautilus,Renekton,Varus,Miss Fortune,10.6,iBOY,huanfeng,,,,
Lee Sin,RekSai,Tahm Kench,Taric,10.6,Hang,SwordArt,,,,
,,,,,,,Vici Gaming,Suning,blue_side,red_side
Jarvan IV,Olaf,Ornn,Wukong,10.6,Cube,Bin,,,,
Sett,Kalista,RekSai,Trundle,10.6,Aix,SofM,,,,
Kassadin,Aphelios,Azir,Corki,10.6,Forge,Angel,,,,
Zoe,LeBlanc,Varus,Miss Fortune,10.6,iBOY,huanfeng,,,,
Nautilus,Sylas,Tahm Kench,Braum,10.6,Hang,SwordArt,,,,
,,,,,,,Vici Gaming,Suning,red_side,blue_side
Jarvan IV,Kalista,Sett,Renekton,10.6,Cube,Bin,,,,
Wukong,Olaf,Elise,Lee Sin,10.6,Aix,SofM,,,,
Kassadin,Aphelios,Sylas,LeBlanc,10.6,Forge,Angel,,,,
Nautilus,Qiyana,Varus,Miss Fortune,10.6,iBOY,huanfeng,,,,
Mordekaiser,Galio,Tahm Kench,Braum,10.6,Hang,SwordArt,,,,
,,,,,,,Vici Gaming,Suning,red_side,blue_side
Thresh,LeBlanc,Sett,Wukong,10.6,Zoom,Holder,,,,
Olaf,Renekton,Nidalee,Elise,10.6,Kanavi,Haro,,,,
Senna,Taric,Azir,Zoe,10.6,Yagao,Wuming,,,,
Leona,Lucian,Kalista,Aphelios,10.6,LokeN,ZWuJi,,,,
Galio,Jayce,Nautilus,Alistar,10.6,LvMao,Ley,,,,
,,,,,,,JD Gaming,Rogue Warriors,blue_side,red_side
Thresh,LeBlanc,Sett,Wukong,10.6,Zoom,Holder,,,,
Olaf,Renekton,Elise,Lee Sin,10.6,Kanavi,Haro,,,,
Senna,Taric,Zoe,Galio,10.6,Yagao,Wuming,,,,
Nidalee,Leona,Varus,Aphelios,10.6,LokeN,ZWuJi,,,,
RekSai,Azir,Tahm Kench,Nautilus,10.6,LvMao,Ley,,,,
,,,,,,,JD Gaming,Rogue Warriors,blue_side,red_side
Jarvan IV,Varus,Malphite,Sett,10.6,369,Aliez,,,,
LeBlanc,Kalista,RekSai,Wukong,10.6,Karsa,xiaohan,,,,
Syndra,Thresh,Zoe,Jayce,10.6,Knight,clx,,,,
Kassadin,Jax,Aphelios,Neeko,10.6,JackeyLove,Mole,,,,
Olaf,Nautilus,Braum,Bard,10.6,yuyanjia,Y4,,,,
,,,,,,,Top Esports,Victory Five,blue_side,red_side
Syndra,Varus,Sett,Wukong,10.6,369,Aliez,,,,
LeBlanc,Kalista,RekSai,Lee Sin,10.6,Karsa,xiaohan,,,,
Jarvan IV,Thresh,Sylas,Pantheon,10.6,Knight,clx,,,,
Olaf,Zoe,Aphelios,Neeko,10.6,JackeyLove,Mole,,,,
Kassadin,Malphite,Nautilus,Bard,10.6,yuyanjia,Y4,,,,
,,,,,,,Top Esports,Victory Five,blue_side,red_side
Renekton,Aphelios,Mordekaiser,Wukong,10.6,chenlun17,Langx,,,,
Zoe,Kalista,RekSai,Jarvan IV,10.6,Xx,XLB,,,,
Rumble,LeBlanc,Azir,Corki,10.6,Maple,xiaohu,,,,
Nautilus,Trundle,Varus,Miss Fortune,10.6,Light,Betty,,,,
Blitzcrank,Olaf,Thresh,Morgana,10.6,Duan,Ming,,,,
,,,,,,,LNG Esports,Royal Never Give Up,red_side,blue_side
Renekton,Aphelios,Mordekaiser,Wukong,10.6,chenlun17,Langx,,,,
Zoe,Kalista,Olaf,Trundle,10.6,Xx,XLB,,,,
Jarvan IV,LeBlanc,Azir,Corki,10.6,Maple,xiaohu,,,,
Morgana,Thresh,Varus,Miss Fortune,10.6,Light,Betty,,,,
Nautilus,Braum,Tahm Kench,Taric,10.6,Duan,Ming,,,,
,,,,,,,LNG Esports,Royal Never Give Up,red_side,blue_side
Jarvan IV,Aphelios,Gangplank,Renekton,10.6,Breathe,Xiaobai,,,,
Thresh,Taric,Lee Sin,Trundle,10.6,H4cker,Wei,,,,
Varus,Kalista,Azir,Corki,10.6,icon,Cryin,,,,
Kassadin,Ornn,Tahm Kench,Miss Fortune,10.6,cold,Wink,,,,
LeBlanc,Aatrox,Senna,Sett,10.6,SmLz,ShiauC,,,,
,,,,,,,OMG,eStar,red_side,blue_side
Jarvan IV,Aphelios,Aatrox,Renekton,10.6,Breathe,Xiaobai,,,,
Thresh,Taric,Elise,RekSai,10.6,H4cker,Wei,,,,
Sett,Zoe,Cassiopeia,Azir,10.6,icon,Cryin,,,,
LeBlanc,Syndra,Kalista,Varus,10.6,SmLz,Wink,,,,
Trundle,Olaf,Nautilus,Leona,10.6,cold,ShiauC,,,,
,,,,,,,OMG,eStar,red_side,blue_side
Jarvan IV,Senna,Lucian,Mordekaiser,10.6,TheShy,kingen,,,,
Sett,Kalista,Elise,Trundle,10.6,Leyan,Meteor,,,,
Renekton,Aphelios,Neeko,Azir,10.6,RooKie,FoFo,,,,
Olaf,Syndra,Varus,Kaisa,10.6,Puff,jinjiao,,,,
LeBlanc,Zoe,Leona,Nautilus,10.6,Southwind,XinMo,,,,
,,,,,,,Invictus Gaming,Bilibili Gaming,red_side,blue_side
Jarvan IV,Kalista,Lucian,Mordekaiser,10.6,TheShy,kingen,,,,
Sett,Aphelios,Elise,Olaf,10.6,Leyan,Meteor,,,,
Renekton,Senna,Orianna,LeBlanc,10.6,RooKie,FoFo,,,,
Azir,Syndra,Varus,Kaisa,10.6,Puff,jinjiao,,,,
Corki,Zoe,Leona,Nautilus,10.6,Southwind,XinMo,,,,
,,,,,,,Invictus Gaming,Bilibili Gaming,blue_side,red_side
Jarvan IV,Kalista,Aatrox,Jayce,10.6,TheShy,kingen,,,,
Sett,Aphelios,Lee Sin,Elise,10.6,Leyan,Meteor,,,,
Renekton,Lucian,Syndra,Zoe,10.6,RooKie,FoFo,,,,
Azir,Rumble,Varus,Kaisa,10.6,Puff,jinjiao,,,,
Ornn,Thresh,Tahm Kench,Nautilus,10.6,Southwind,XinMo,,,,
,,,,,,,Invictus Gaming,Bilibili Gaming,blue_side,red_side
Elise,Kalista,Ornn,Aatrox,10.6,Jinoo,GimGoon,,,,
Mordekaiser,Jarvan IV,Trundle,Lee Sin,10.6,Jiejie,Tian,,,,
Tahm Kench,Braum,LeBlanc,Galio,10.6,Scout,Doinb,,,,
Kassadin,Wukong,Kaisa,Aphelios,10.6,Hope,Lwx,,,,
Lissandra,Azir,Sett,Thresh,10.6,meiko,Crisp,,,,
,,,,,,,Edward Gaming,Funplus Phoenix,red_side,blue_side
Elise,Kalista,Kennen,Aatrox,10.6,Jinoo,GimGoon,,,,
Mordekaiser,Jarvan IV,Trundle,Lee Sin,10.6,Jiejie,Tian,,,,
Thresh,Sett,Syndra,Sylas,10.6,Scout,Doinb,,,,
Kassadin,Wukong,Miss Fortune,Aphelios,10.6,Hope,Lwx,,,,
Rumble,Azir,Nautilus,Braum,10.6,meiko,Crisp,,,,
,,,,,,,Edward Gaming,Funplus Phoenix,blue_side,red_side
Elise,Kalista,Jayce,Aatrox,10.6,Jinoo,GimGoon,,,,
Mordekaiser,Jarvan IV,Trundle,Lee Sin,10.6,Jiejie,Tian,,,,
Thresh,Kennen,Syndra,Rumble,10.6,Scout,Doinb,,,,
Galio,Wukong,Kaisa,Aphelios,10.6,Hope,Lwx,,,,
Kassadin,Azir,Sett,Leona,10.6,meiko,Crisp,,,,
,,,,,,,Edward Gaming,Funplus Phoenix,red_side,blue_side
LeBlanc,Aphelios,Ornn,Wukong,10.6,Bin,Natural,,,,
Elise,Jarvan IV,Sett,RekSai,10.6,SofM,Xiaopeng,,,,
Kalista,Renekton,Corki,Azir,10.6,Angel,xiye,,,,
Kassadin,Mordekaiser,Miss Fortune,Varus,10.6,huanfeng,GALA,,,,
Sylas,Olaf,Thresh,Nautilus,10.6,SwordArt,Mark,,,,
,,,,,,,Suning,Dominus Esports,red_side,blue_side
LeBlanc,Aphelios,Wukong,Malphite,10.6,Bin,Natural,,,,
RekSai,Elise,Jarvan IV,Lee Sin,10.6,SofM,Xiaopeng,,,,
Kalista,Renekton,Zoe,Azir,10.6,Angel,xiye,,,,
Kassadin,Nautilus,Miss Fortune,Varus,10.6,huanfeng,GALA,,,,
Jax,Blitzcrank,Leona,Thresh,10.6,SwordArt,Mark,,,,
,,,,,,,Suning,Dominus Esports,blue_side,red_side
LeBlanc,Aphelios,Ornn,Renekton,10.6,Bin,Natural,,,,
RekSai,Jarvan IV,Sett,Elise,10.6,SofM,Xiaopeng,,,,
Kalista,Wukong,Zoe,Syndra,10.6,Angel,xiye,,,,
Kassadin,Olaf,Miss Fortune,Varus,10.6,huanfeng,GALA,,,,
Qiyana,Lee Sin,Thresh,Tahm Kench,10.6,SwordArt,Mark,,,,
,,,,,,,Suning,Dominus Esports,red_side,blue_side
LeBlanc,Aphelios,Wukong,Malphite,10.6,Langx,Crazy,,,,
Azir,Renekton,Jarvan IV,Sett,10.6,XLB,Haro,,,,
Kalista,Rumble,Zoe,Syndra,10.6,xiaohu,Ruby,,,,
Maokai,Aatrox,Varus,Tahm Kench,10.6,Betty,Ley,,,,
Nautilus,Ornn,Karma,Senna,10.6,Ming,ZWuJi,,,,
,,,,,,,Royal Never Give Up,Rogue Warriors,blue_side,red_side
Jarvan IV,Kalista,Sett,Ornn,10.6,Holder,Langx,,,,
Renekton,Wukong,Olaf,Gragas,10.6,Haro,XLB,,,,
Varus,Elise,Sylas,Lucian,10.6,Wuming,xiaohu,,,,
Syndra,Azir,Aphelios,Nautilus,10.6,ZWuJi,Ming,,,,
Zoe,LeBlanc,Thresh,Senna,10.6,Ley,Betty,,,,
,,,,,,,Rogue Warriors,Royal Never Give Up,blue_side,red_side
Kalista,Aphelios,Sett,Wukong,10.6,Langx,Holder,,,,
LeBlanc,Renekton,Lee Sin,RekSai,10.6,XLB,Haro,,,,
Elise,Jarvan IV,Syndra,Galio,10.6,xiaohu,Wuming,,,,
Ekko,Olaf,Nautilus,Varus,10.6,Ming,ZWuJi,,,,
Kassadin,Malphite,Senna,Thresh,10.6,Betty,Ley,,,,
,,,,,,,Royal Never Give Up,Rogue Warriors,red_side,blue_side
Jarvan IV,Renekton,Mordekaiser,Wukong,10.6,Morgan,Xiaobai,,,,
Azir,Pantheon,Graves,Trundle,10.6,beishang,Wei,,,,
Thresh,Aphelios,Rumble,LeBlanc,10.6,Teacherma,Cryin,,,,
Corki,Ornn,Kalista,Varus,10.6,Elk,Wink,,,,
Kassadin,Nautilus,Sett,Taric,10.6,Missing,ShiauC,,,,
,,,,,,,Team WE,eStar,red_side,blue_side
Jarvan IV,Renekton,Wukong,Sett,10.6,Morgan,Xiaobai,,,,
Azir,Pantheon,Elise,Trundle,10.6,beishang,Wei,,,,
Thresh,Aphelios,Rumble,Kassadin,10.6,Teacherma,Cryin,,,,
LeBlanc,Bard,Kalista,Varus,10.6,Elk,Wink,,,,
Corki,Nautilus,Janna,Taric,10.6,Missing,ShiauC,,,,
,,,,,,,Team WE,eStar,red_side,blue_side
Azir,Aphelios,Wukong,Ornn,10.6,Breathe,Lies,,,,
Senna,Elise,Olaf,Jarvan IV,10.6,H4cker,Peanut,,,,
Varus,Kalista,Zilean,Corki,10.6,icon,Yuuki,,,,
Sylas,Trundle,Kindred,Miss Fortune,10.6,SmLz,Kramer,,,,
LeBlanc,Zoe,Taric,Bard,10.6,cold,killua,,,,
,,,,,,,OMG,LGD Gaming,red_side,blue_side
Elise,Aphelios,Maokai,Ornn,10.6,Lies,Breathe,,,,
Taric,Jarvan IV,Lee Sin,Olaf,10.6,Peanut,H4cker,,,,
Zoe,Wukong,Azir,LeBlanc,10.6,Yuuki,icon,,,,
Sett,Mordekaiser,Nautilus,Varus,10.6,killua,SmLz,,,,
Trundle,Renekton,Senna,Tahm Kench,10.6,Kramer,cold,,,,
,,,,,,,LGD Gaming,OMG,blue_side,red_side
Jarvan IV,Elise,Ornn,Sett,10.6,369,kingen,,,,
Kindred,Senna,Olaf,Sejuani,10.6,Karsa,Meteor,,,,
Trundle,Irelia,Azir,Kassadin,10.6,Knight,FoFo,,,,
LeBlanc,Braum,Aphelios,Kalista,10.6,Photic,jinjiao,,,,
Gragas,Zoe,Rakan,Taric,10.6,Qiuqiu,XinMo,,,,
,,,,,,,Top Esports,Bilibili Gaming,red_side,blue_side
Sett,Senna,Mordekaiser,Sylas,10.6,369,kingen,,,,
Tahm Kench,Elise,RekSai,Trundle,10.6,Karsa,Meteor,,,,
Jarvan IV,Irelia,Kassadin,Vayne,10.6,Knight,FoFo,,,,
LeBlanc,Ornn,Kalista,Aphelios,10.6,Photic,jinjiao,,,,
Zoe,Lee Sin,Taric,Braum,10.6,Qiuqiu,XinMo,,,,
,,,,,,,Top Esports,Bilibili Gaming,red_side,blue_side
Olaf,Aphelios,Camille,Aatrox,10.6,Khan,Cube,,,,
Kalista,Sett,Elise,Sejuani,10.6,Tian,Aix,,,,
Miss Fortune,Fiora,Renekton,LeBlanc,10.6,Doinb,Forge,,,,
Tahm Kench,Yuumi,Varus,Maokai,10.6,Lwx,Hang,,,,
Taric,Bard,Thresh,Senna,10.6,Crisp,iBOY,,,,
,,,,,,,Funplus Phoenix,Vici Gaming,blue_side,red_side
Elise,Aphelios,Wukong,Aatrox,10.6,Cube,Khan,,,,
Sett,Olaf,RekSai,Jarvan IV,10.6,Aix,Tian,,,,
Kassadin,Taric,LeBlanc,Rumble,10.6,Forge,Doinb,,,,
Fiora,Tahm Kench,Varus,Miss Fortune,10.6,iBOY,Lwx,,,,
Nautilus,Thresh,Rakan,Leona,10.6,Hang,Crisp,,,,
,,,,,,,Vici Gaming,Funplus Phoenix,blue_side,red_side
Olaf,Aphelios,Sylas,Ornn,10.6,Khan,Cube,,,,
LeBlanc,Elise,RekSai,Ekko,10.6,Tian,Aix,,,,
Kalista,Sett,Renekton,Aatrox,10.6,Doinb,Forge,,,,
Sejuani,Fiora,Varus,Miss Fortune,10.6,Lwx,iBOY,,,,
Gragas,Lee Sin,Braum,Nautilus,10.6,Crisp,Hang,,,,
,,,,,,,Funplus Phoenix,Vici Gaming,red_side,blue_side
Elise,Syndra,Renekton,Aatrox,10.6,clx,Natural,,,,
Kalista,Aphelios,Lee Sin,Jarvan IV,10.6,xiaohan,Xiaopeng,,,,
RekSai,Olaf,Zoe,Cassiopeia,10.6,Mole,Xiaowei,,,,
Wukong,Thresh,Varus,Miss Fortune,10.6,Y4,GALA,,,,
Sett,Braum,Leona,Nautilus,10.6,Max,Mark,,,,
,,,,,,,Victory Five,Dominus Esports,red_side,blue_side
Elise,Syndra,Neeko,Wukong,10.6,Mole,Natural,,,,
Jarvan IV,Zoe,Lee Sin,RekSai,10.6,xiaohan,Xiaopeng,,,,
Kalista,Aphelios,Maokai,Zilean,10.6,clx,Xiaowei,,,,
Cassiopeia,LeBlanc,Varus,Miss Fortune,10.6,Y4,GALA,,,,
Azir,Renekton,Braum,Nautilus,10.6,Max,Mark,,,,
,,,,,,,Victory Five,Dominus Esports,red_side,blue_side
Lucian,LeBlanc,Ornn,Sett,10.6,Zoom,TheShy,,,,
Syndra,Renekton,RekSai,Trundle,10.6,Kanavi,Leyan,,,,
Vayne,Taric,Azir,Zilean,10.6,Yagao,RooKie,,,,
Irelia,Rakan,Kalista,Aphelios,10.6,LokeN,Puff,,,,
Olaf,Thresh,Bard,Braum,10.6,LvMao,Southwind,,,,
,,,,,,,JD Gaming,Invictus Gaming,blue_side,red_side
Lucian,LeBlanc,Ornn,Sett,10.6,Zoom,TheShy,,,,
Syndra,Renekton,RekSai,Nidalee,10.6,Kanavi,Leyan,,,,
Vayne,Taric,Azir,Jayce,10.6,Yagao,RooKie,,,,
Trundle,Rakan,Kalista,Aphelios,10.6,LokeN,Puff,,,,
Olaf,Bard,Thresh,Braum,10.6,LvMao,Southwind,,,,
,,,,,,,JD Gaming,Invictus Gaming,blue_side,red_side
Senna,Irelia,Ornn,Aatrox,10.6,Jinoo,Flandre,,,,
Elise,Sejuani,Lee Sin,Olaf,10.6,Jiejie,Xx,,,,
Yuumi,Trundle,Azir,LeBlanc,10.6,Scout,Maple,,,,
Mordekaiser,Renekton,Kalista,Aphelios,10.6,Hope,Light,,,,
Zoe,Wukong,Taric,Thresh,10.6,meiko,Duan,,,,
,,,,,,,Edward Gaming,LNG Esports,blue_side,red_side
Senna,Irelia,Ornn,Sylas,10.6,Jinoo,Flandre,,,,
Thresh,Sejuani,Jarvan IV,Olaf,10.6,Jiejie,Xx,,,,
Yuumi,Trundle,Syndra,Zoe,10.6,Scout,Maple,,,,
LeBlanc,Wukong,Kalista,Aphelios,10.6,Hope,Asura,,,,
Mordekaiser,Rumble,Taric,Nautilus,10.6,meiko,Duan,,,,
,,,,,,,Edward Gaming,LNG Esports,blue_side,red_side
Renekton,Jarvan IV,Wukong,Sett,10.6,Lies,Langx,,,,
Rumble,Sejuani,Lee Sin,Trundle,10.6,Peanut,XLB,,,,
Kassadin,Aphelios,Azir,Sylas,10.6,Yuuki,xiaohu,,,,
Syndra,Elise,Nautilus,Varus,10.6,killua,Betty,,,,
Corki,Olaf,Senna,Braum,10.6,Kramer,Ming,,,,
,,,,,,,LGD Gaming,Royal Never Give Up,blue_side,red_side
Renekton,Jarvan IV,Ornn,Vladimir,10.6,Lies,Langx,,,,
Rumble,Sejuani,Kindred,Lee Sin,10.6,Peanut,XLB,,,,
Kassadin,Aphelios,Azir,Syndra,10.6,Yuuki,xiaohu,,,,
Taric,RekSai,Tahm Kench,Kalista,10.6,killua,Betty,,,,
Trundle,Wukong,Senna,Sett,10.6,Kramer,Ming,,,,
,,,,,,,LGD Gaming,Royal Never Give Up,blue_side,red_side
Senna,Aphelios,Wukong,Renekton,10.6,Morgan,369,,,,
Zoe,Jarvan IV,Ekko,RekSai,10.6,beishang,Karsa,,,,
Varus,Kalista,Pantheon,Syndra,10.6,Teacherma,Knight,,,,
Azir,Rumble,Miss Fortune,Kaisa,10.6,Elk,Photic,,,,
Elise,Olaf,Braum,Rakan,10.6,Missing,Qiuqiu,,,,
,,,,,,,Team WE,Top Esports,blue_side,red_side
Jarvan IV,Aphelios,Aatrox,Renekton,10.6,369,Morgan,,,,
Rumble,Senna,Olaf,RekSai,10.6,Karsa,beishang,,,,
Pantheon,Elise,Neeko,Diana,10.6,Knight,Teacherma,,,,
Gragas,Zoe,Kalista,Varus,10.6,Photic,Elk,,,,
Sett,Azir,Rakan,Taric,10.6,Qiuqiu,Missing,,,,
,,,,,,,Top Esports,Team WE,blue_side,red_side
Jarvan IV,Aphelios,Renekton,Wukong,10.6,369,Morgan,,,,
Pantheon,Senna,Elise,Olaf,10.6,Karsa,beishang,,,,
Varus,Kalista,Zoe,Aurelion Sol,10.6,Knight,Teacherma,,,,
Rumble,Kaisa,Xayah,Miss Fortune,10.6,Photic,Elk,,,,
Thresh,Ezreal,Rakan,Alistar,10.6,Qiuqiu,Missing,,,,
,,,,,,,Top Esports,Team WE,red_side,blue_side
Jarvan IV,Zoe,Ornn,Akali,10.6,Breathe,Bin,,,,
Sejuani,LeBlanc,Olaf,Trundle,10.6,H4cker,SofM,,,,
Varus,Lee Sin,Corki,Azir,10.6,icon,Angel,,,,
Kassadin,No ban,Aphelios,Kalista,10.6,SmLz,huanfeng,,,,
Wukong,Mordekaiser,Braum,Taric,10.6,cold,SwordArt,,,,
,,,,,,,OMG,Suning,blue_side,red_side
Jarvan IV,Zoe,Wukong,Renekton,10.6,Breathe,Bin,,,,
Sejuani,LeBlanc,Elise,Sett,10.6,H4cker,SofM,,,,
Varus,Olaf,Azir,Akali,10.6,icon,Angel,,,,
Kassadin,Mordekaiser,Aphelios,Kalista,10.6,SmLz,huanfeng,,,,
Gragas,Ornn,Braum,Taric,10.6,cold,SwordArt,,,,
,,,,,,,OMG,Suning,blue_side,red_side
Sejuani,Zoe,Wukong,Malphite,10.6,Holder,Cube,,,,
Renekton,Azir,Nidalee,Olaf,10.6,Haro,Aix,,,,
Varus,Thresh,Jayce,LeBlanc,10.6,Ruby,Forge,,,,
Mordekaiser,Lissandra,Kalista,Aphelios,10.6,ZWuJi,iBOY,,,,
RekSai,Syndra,Sett,Taric,10.6,Ley,Hang,,,,
,,,,,,,Rogue Warriors,Vici Gaming,red_side,blue_side
Zoe,Aphelios,Renekton,Sett,10.6,Cube,Crazy,,,,
Azir,Taric,Trundle,Elise,10.6,Aix,Haro,,,,
Kalista,Olaf,Sylas,Irelia,10.6,Forge,Ruby,,,,
Graves,Sejuani,Varus,Maokai,10.6,iBOY,Ley,,,,
Kindred,LeBlanc,Tahm Kench,Senna,10.6,Hang,ZWuJi,,,,
,,,,,,,Vici Gaming,Rogue Warriors,red_side,blue_side
Sett,Aphelios,Ornn,Renekton,10.6,Cube,Crazy,,,,
Zoe,Taric,Gragas,RekSai,10.6,Aix,Haro,,,,
Senna,Olaf,Qiyana,Sylas,10.6,Forge,Ruby,,,,
Elise,LeBlanc,Varus,Kalista,10.6,iBOY,ZWuJi,,,,
Azir,Sejuani,Tahm Kench,Thresh,10.6,Hang,Ley,,,,
,,,,,,,Vici Gaming,Rogue Warriors,red_side,blue_side
Sett,Renekton,Aatrox,Qiyana,10.6,Khan,Flandre,,,,
Elise,Rumble,Trundle,Olaf,10.6,Tian,Xx,,,,
Varus,Sylas,Corki,LeBlanc,10.6,Doinb,Maple,,,,
Jarvan IV,Lissandra,Aphelios,Kalista,10.6,Lwx,Light,,,,
Wukong,Kassadin,Braum,Taric,10.6,Crisp,Duan,,,,
,,,,,,,Funplus Phoenix,LNG Esports,blue_side,red_side
Rumble,Taric,Mordekaiser,Aatrox,10.6,Flandre,Khan,,,,
Renekton,Sett,RekSai,Jarvan IV,10.6,Xx,Tian,,,,
Elise,Olaf,Zoe,Kassadin,10.6,Maple,Doinb,,,,
Lissandra,Azir,Kalista,Varus,10.6,Light,Lwx,,,,
Diana,LeBlanc,Thresh,Braum,10.6,Duan,Crisp,,,,
,,,,,,,LNG Esports,Funplus Phoenix,red_side,blue_side
Zoe,Jarvan IV,Renekton,Ornn,10.6,Xiaobai,Zoom,,,,
LeBlanc,Thresh,Trundle,Kindred,10.6,Wei,Kanavi,,,,
Sett,Pantheon,Azir,Corki,10.6,Cryin,Yagao,,,,
Syndra,Elise,Aphelios,Kalista,10.6,Wink,LokeN,,,,
Lee Sin,Blitzcrank,Janna,Taric,10.6,ShiauC,LvMao,,,,
,,,,,,,eStar,JD Gaming,red_side,blue_side
Thresh,Zoe,Sett,Ornn,10.6,Zoom,Xiaobai,,,,
Jarvan IV,Renekton,Sylas,Lee Sin,10.6,Kanavi,Wei,,,,
Olaf,Aphelios,Azir,Rumble,10.6,Yagao,Cryin,,,,
RekSai,LeBlanc,Kalista,Varus,10.6,LokeN,Wink,,,,
Trundle,Elise,Taric,Janna,10.6,LvMao,ShiauC,,,,
,,,,,,,JD Gaming,eStar,blue_side,red_side
Elise,Aphelios,Ornn,Aatrox,10.6,ADD,Natural,,,,
Senna,Poppy,Jarvan IV,Lee Sin,10.6,Meteor,Xiaopeng,,,,
Thresh,Kalista,Azir,Corki,10.6,FoFo,xiye,,,,
Kassadin,Rumble,Miss Fortune,Varus,10.6,jinjiao,GALA,,,,
LeBlanc,Yuumi,Nautilus,Braum,10.6,XinMo,Mark,,,,
,,,,,,,Bilibili Gaming,Dominus Esports,red_side,blue_side
Kalista,Elise,Wukong,Jax,10.6,Natural,kingen,,,,
Thresh,Aphelios,Jarvan IV,Olaf,10.6,Xiaopeng,Meteor,,,,
Zoe,Senna,LeBlanc,Galio,10.6,xiye,FoFo,,,,
Renekton,Taric,Varus,Kaisa,10.6,GALA,jinjiao,,,,
Ornn,Braum,Nautilus,Sett,10.6,Mark,XinMo,,,,
,,,,,,,Dominus Esports,Bilibili Gaming,red_side,blue_side
Kalista,Elise,Renekton,Mordekaiser,10.6,Natural,kingen,,,,
Thresh,Senna,Jarvan IV,Kindred,10.6,Xiaopeng,Meteor,,,,
Olaf,Aphelios,LeBlanc,Galio,10.6,xiye,FoFo,,,,
Azir,Kassadin,Varus,Kaisa,10.6,GALA,jinjiao,,,,
RekSai,Braum,Nautilus,Sett,10.6,Mark,XinMo,,,,
,,,,,,,Dominus Esports,Bilibili Gaming,red_side,blue_side
Thresh,Aphelios,Vladimir,Ornn,10.6,369,Crazy,,,,
Sett,Renekton,Gragas,Graves,10.6,Karsa,Haro,,,,
Tahm Kench,Varus,Irelia,Azir,10.6,Knight,Ruby,,,,
Olaf,Sejuani,Kalista,Maokai,10.6,Photic,Ley,,,,
Lee Sin,Elise,Taric,Senna,10.6,Qiuqiu,ZWuJi,,,,
,,,,,,,Top Esports,Rogue Warriors,blue_side,red_side
Irelia,Aphelios,Wukong,Malphite,10.6,Holder,369,,,,
Varus,Senna,Lee Sin,Jarvan IV,10.6,Haro,Karsa,,,,
Renekton,Sett,LeBlanc,Galio,10.6,Ruby,Knight,,,,
Mordekaiser,Thresh,Kalista,Miss Fortune,10.6,ZWuJi,Photic,,,,
Rumble,Taric,Alistar,Nautilus,10.6,Ley,Qiuqiu,,,,
,,,,,,,Rogue Warriors,Top Esports,blue_side,red_side
Thresh,Aphelios,Mordekaiser,Ornn,10.6,369,Holder,,,,
Wukong,Kalista,Jarvan IV,RekSai,10.6,Karsa,Haro,,,,
Sett,Renekton,Syndra,Azir,10.6,Knight,Ruby,,,,
LeBlanc,Rumble,Varus,Tahm Kench,10.6,Photic,Ley,,,,
Zoe,Vladimir,Yuumi,Senna,10.6,Qiuqiu,ZWuJi,,,,
,,,,,,,Top Esports,Rogue Warriors,blue_side,red_side
Olaf,Aphelios,Mordekaiser,Sett,10.6,Breathe,Cube,,,,
Renekton,Zoe,Lee Sin,RekSai,10.6,H4cker,Aix,,,,
Varus,LeBlanc,Syndra,Sylas,10.6,icon,Forge,,,,
Elise,Wukong,Kalista,Tahm Kench,10.6,SmLz,Hang,,,,
Gragas,Azir,Taric,Senna,10.6,cold,iBOY,,,,
,,,,,,,OMG,Vici Gaming,blue_side,red_side
Zoe,Aphelios,Wukong,Maokai,10.6,Cube,Breathe,,,,
Jarvan IV,Olaf,Sejuani,Lee Sin,10.6,Aix,H4cker,,,,
Taric,Kalista,Sylas,LeBlanc,10.6,Forge,icon,,,,
Mordekaiser,Kassadin,Varus,Miss Fortune,10.6,iBOY,SmLz,,,,
Nautilus,Qiyana,Tahm Kench,Bard,10.6,Hang,cold,,,,
,,,,,,,Vici Gaming,OMG,blue_side,red_side
Olaf,Aphelios,Ornn,Renekton,10.6,Breathe,Cube,,,,
Wukong,Taric,Trundle,Sejuani,10.6,H4cker,Aix,,,,
Varus,Senna,Azir,Akali,10.6,icon,Forge,,,,
Sylas,Jarvan IV,Kalista,Miss Fortune,10.6,SmLz,iBOY,,,,
Kassadin,LeBlanc,Nautilus,Braum,10.6,cold,Hang,,,,
,,,,,,,OMG,Vici Gaming,blue_side,red_side
Irelia,LeBlanc,Renekton,Mordekaiser,10.6,Aliez,Bin,,,,
Zoe,Sett,Sejuani,Jarvan IV,10.6,xiaohan,SofM,,,,
Senna,Aphelios,Syndra,Kassadin,10.6,clx,Angel,,,,
Rumble,Gragas,Varus,Kalista,10.6,Y4,huanfeng,,,,
Wukong,Elise,Tahm Kench,Taric,10.6,Max,SwordArt,,,,
,,,,,,,Victory Five,Suning,red_side,blue_side
Irelia,LeBlanc,Wukong,Aatrox,10.6,Aliez,Bin,,,,
Renekton,Sett,Lee Sin,Jarvan IV,10.6,xiaohan,SofM,,,,
Kalista,Aphelios,Rumble,Sylas,10.6,clx,Angel,,,,
Kassadin,Blitzcrank,Varus,Miss Fortune,10.6,Y4,huanfeng,,,,
Zoe,Tahm Kench,Nautilus,Thresh,10.6,Max,SwordArt,,,,
,,,,,,,Victory Five,Suning,red_side,blue_side
Kalista,Aphelios,Ornn,Sylas,10.6,Langx,TheShy,,,,
LeBlanc,Renekton,RekSai,Jarvan IV,10.6,XLB,Leyan,,,,
Sett,Lee Sin,Rumble,Orianna,10.6,xiaohu,RooKie,,,,
Neeko,Wukong,Miss Fortune,Varus,10.6,Betty,Puff,,,,
Aatrox,Nautilus,Rakan,Braum,10.6,Ming,Southwind,,,,
,,,,,,,Royal Never Give Up,Invictus Gaming,blue_side,red_side
Kalista,Aphelios,Mordekaiser,Vayne,10.6,Langx,TheShy,,,,
LeBlanc,Renekton,Olaf,Lee Sin,10.6,XLB,Leyan,,,,
Sett,Jarvan IV,Rumble,Neeko,10.6,xiaohu,RooKie,,,,
Aatrox,Ornn,Miss Fortune,Varus,10.6,Betty,Puff,,,,
Trundle,Elise,Nautilus,Thresh,10.6,Ming,Southwind,,,,
,,,,,,,Royal Never Give Up,Invictus Gaming,red_side,blue_side
Kalista,Aphelios,Mordekaiser,Aatrox,10.6,Langx,TheShy,,,,
LeBlanc,Renekton,Lee Sin,Trundle,10.6,XLB,Leyan,,,,
Sett,Jarvan IV,Rumble,Neeko,10.6,xiaohu,RooKie,,,,
Thresh,Ornn,Miss Fortune,Varus,10.6,Betty,Puff,,,,
Vayne,Elise,Nautilus,Braum,10.6,Ming,Southwind,,,,
,,,,,,,Royal Never Give Up,Invictus Gaming,red_side,blue_side
Poppy,Sejuani,Sett,Ornn,10.6,Aodi,ADD,,,,
Senna,Elise,RekSai,Jarvan IV,10.6,JunJia,Meteor,,,,
Yuumi,Thresh,LeBlanc,Kassadin,10.6,Scout,FoFo,,,,
Rumble,Aatrox,Aphelios,Kalista,10.6,Hope,jinjiao,,,,
Lissandra,Sylas,Taric,Leona,10.6,meiko,XinMo,,,,
,,,,,,,Edward Gaming,Bilibili Gaming,red_side,blue_side
Poppy,Sejuani,Mordekaiser,Ornn,10.6,Aodi,ADD,,,,
Senna,Elise,Jarvan IV,Trundle,10.6,JunJia,Meteor,,,,
Yuumi,Thresh,Azir,Corki,10.6,Scout,FoFo,,,,
Kassadin,Rumble,Kalista,Aphelios,10.6,Hope,jinjiao,,,,
Zoe,Aatrox,Taric,Braum,10.6,meiko,XinMo,,,,
,,,,,,,Edward Gaming,Bilibili Gaming,blue_side,red_side
Poppy,Sejuani,Ornn,Maokai,10.6,Aodi,ADD,,,,
Yuumi,Elise,Gragas,Trundle,10.6,JunJia,Meteor,,,,
Gangplank,Mordekaiser,Irelia,Zoe,10.6,Scout,FoFo,,,,
Kassadin,Rumble,Kalista,Aphelios,10.6,Hope,jinjiao,,,,
Azir,Olaf,Taric,Thresh,10.6,meiko,XinMo,,,,
,,,,,,,Edward Gaming,Bilibili Gaming,blue_side,red_side
Pantheon,Aphelios,Mordekaiser,Wukong,10.6,Zoom,Flandre,,,,
Senna,Renekton,Trundle,Sejuani,10.6,Kanavi,Xx,,,,
Sett,Kindred,LeBlanc,Kassadin,10.6,Yagao,Maple,,,,
Elise,Lee Sin,Kalista,Varus,10.6,LokeN,Light,,,,
Olaf,Sylas,Taric,Tahm Kench,10.6,LvMao,Duan,,,,
,,,,,,,JD Gaming,LNG Esports,blue_side,red_side
Kindred,Aphelios,Wukong,Sett,10.6,Flandre,Zoom,,,,
Renekton,Kalista,Jarvan IV,Elise,10.6,Xx,Kanavi,,,,
Senna,Pantheon,Rumble,Lucian,10.6,Maple,Yagao,,,,
Irelia,Olaf,Varus,Syndra,10.6,Light,LokeN,,,,
Leona,Sejuani,Thresh,Blitzcrank,10.6,Duan,LvMao,,,,
,,,,,,,LNG Esports,JD Gaming,red_side,blue_side
Rumble,Aphelios,Renekton,Wukong,10.6,Langx,Xiaobai,,,,
Jarvan IV,Zoe,Elise,Olaf,10.6,XLB,Wei,,,,
Sett,Taric,Syndra,Kassadin,10.6,xiaohu,Cryin,,,,
Thresh,RekSai,Miss Fortune,Varus,10.6,Betty,Wink,,,,
Ornn,Lee Sin,Nautilus,Leona,10.6,Ming,ShiauC,,,,
,,,,,,,Royal Never Give Up,eStar,blue_side,red_side
Rumble,Aphelios,Renekton,Wukong,10.6,Langx,Xiaobai,,,,
Jarvan IV,Zoe,Elise,Olaf,10.6,XLB,Wei,,,,
Sett,Taric,Syndra,Kassadin,10.6,xiaohu,Cryin,,,,
Ornn,RekSai,Miss Fortune,Varus,10.6,Betty,Wink,,,,
Thresh,Lee Sin,Nautilus,Leona,10.6,Ming,ShiauC,,,,
,,,,,,,Royal Never Give Up,eStar,blue_side,red_side
Lee Sin,Kalista,Aatrox,Maokai,10.6,TheShy,Aliez,,,,
Sett,Rumble,Nidalee,Jarvan IV,10.6,Leyan,xiaohan,,,,
Varus,Lucian,Neeko,Kassadin,10.6,RooKie,clx,,,,
LeBlanc,Tahm Kench,Braum,Aphelios,10.6,Southwind,Y4,,,,
Syndra,Taric,Senna,Nautilus,10.6,Puff,Max,,,,
,,,,,,,Invictus Gaming,Victory Five,blue_side,red_side
Kalista,Sett,Renekton,Quinn,10.6,Aliez,TheShy,,,,
Rumble,Maokai,RekSai,Lee Sin,10.6,xiaohan,Leyan,,,,
Lucian,Varus,Lissandra,LeBlanc,10.6,clx,RooKie,,,,
Neeko,Syndra,Nautilus,Aphelios,10.6,Max,Puff,,,,
Kennen,Zoe,Senna,Leona,10.6,Y4,Southwind,,,,
,,,,,,,Victory Five,Invictus Gaming,red_side,blue_side
Wukong,Aatrox,Renekton,Maokai,10.6,Natural,Aodi,,,,
Zoe,Elise,RekSai,Jarvan IV,10.6,Xiaopeng,JunJia,,,,
Mordekaiser,Aphelios,LeBlanc,Lissandra,10.6,xiye,Scout,,,,
Ornn,Nidalee,Varus,Miss Fortune,10.6,GALA,Hope,,,,
Sett,Sejuani,Thresh,Nautilus,10.6,Mark,meiko,,,,
,,,,,,,Dominus Esports,Edward Gaming,red_side,blue_side
Elise,Aphelios,Sett,Renekton,10.6,Aodi,Natural,,,,
Aatrox,Wukong,Sejuani,Nidalee,10.6,JunJia,Xiaopeng,,,,
Kassadin,Jarvan IV,Azir,Neeko,10.6,Scout,xiye,,,,
Olaf,Irelia,Varus,Kaisa,10.6,Hope,GALA,,,,
Trundle,Zoe,Braum,Nautilus,10.6,meiko,Mark,,,,
,,,,,,,Edward Gaming,Dominus Esports,blue_side,red_side
Elise,Aphelios,Maokai,Ornn,10.6,Biubiu,369,,,,
Sett,Renekton,Lee Sin,Jarvan IV,10.6,SofM,Karsa,,,,
Olaf,Sejuani,Syndra,Ekko,10.6,Angel,Knight,,,,
Zoe,Kassadin,Varus,Miss Fortune,10.6,huanfeng,Photic,,,,
Mordekaiser,Aatrox,Tahm Kench,Rakan,10.6,SwordArt,Qiuqiu,,,,
,,,,,,,Suning,Top Esports,red_side,blue_side
Kassadin,Sett,Renekton,Mordekaiser,10.6,369,Biubiu,,,,
Ornn,Elise,Lee Sin,Jarvan IV,10.6,Karsa,SofM,,,,
Tahm Kench,Varus,Zoe,Syndra,10.6,Knight,Angel,,,,
Thresh,Ekko,Aphelios,Kalista,10.6,Photic,huanfeng,,,,
Taric,LeBlanc,Nautilus,Leona,10.6,Qiuqiu,SwordArt,,,,
,,,,,,,Top Esports,Suning,red_side,blue_side
Elise,Aphelios,Renekton,Aatrox,10.6,Biubiu,369,,,,
Sett,Lee Sin,Trundle,Jarvan IV,10.6,SofM,Karsa,,,,
Olaf,Sejuani,LeBlanc,Rumble,10.6,Angel,Knight,,,,
Zoe,Kassadin,Varus,Miss Fortune,10.6,huanfeng,Photic,,,,
Lissandra,Azir,Nautilus,Leona,10.6,SwordArt,Qiuqiu,,,,
,,,,,,,Suning,Top Esports,red_side,blue_side
LeBlanc,Aphelios,Sett,Poppy,10.6,Holder,ADD,,,,
Zoe,Elise,RekSai,Jarvan IV,10.6,Haro,Meteor,,,,
Varus,Wukong,Corki,Azir,10.6,Ruby,FoFo,,,,
Nautilus,Olaf,Tahm Kench,Miss Fortune,10.6,Ley,jinjiao,,,,
Leona,Mordekaiser,Senna,Yuumi,10.6,ZWuJi,XinMo,,,,
,,,,,,,Rogue Warriors,Bilibili Gaming,blue_side,red_side
Elise,Aphelios,Aatrox,Renekton,10.6,kingen,Holder,,,,
Olaf,Varus,Jarvan IV,Kindred,10.6,Meteor,Haro,,,,
Senna,Kalista,LeBlanc,Azir,10.6,FoFo,Ruby,,,,
Thresh,Rumble,Kaisa,Miss Fortune,10.6,jinjiao,ZWuJi,,,,
Nautilus,Zoe,Sett,Braum,10.6,XinMo,Ley,,,,
,,,,,,,Bilibili Gaming,Rogue Warriors,red_side,blue_side
Sett,Senna,Renekton,Ornn,10.6,fearness,Morgan,,,,
Elise,Wukong,Sejuani,Jarvan IV,10.6,Peanut,beishang,,,,
Thresh,Varus,Zoe,Azir,10.6,Yuuki,Teacherma,,,,
Rumble,Corki,Aphelios,Miss Fortune,10.6,Kramer,Elk,,,,
Diana,LeBlanc,Braum,Leona,10.6,killua,Missing,,,,
,,,,,,,LGD Gaming,Team WE,blue_side,red_side
Senna,Aphelios,Renekton,Mordekaiser,10.6,Morgan,fearness,,,,
Elise,Sett,Jarvan IV,Sejuani,10.6,beishang,Peanut,,,,
Azir,Olaf,Rumble,Aatrox,10.6,Teacherma,Yuuki,,,,
Zoe,Thresh,Kalista,Varus,10.6,Elk,Kramer,,,,
Corki,Galio,Leona,Braum,10.6,Missing,killua,,,,
,,,,,,,Team WE,LGD Gaming,blue_side,red_side
Sett,Senna,Renekton,Mordekaiser,10.6,fearness,Morgan,,,,
Thresh,Aphelios,Olaf,Jarvan IV,10.6,Peanut,beishang,,,,
Elise,Sejuani,Sylas,Rumble,10.6,Yuuki,Teacherma,,,,
Ornn,Azir,Kalista,Varus,10.6,Kramer,Elk,,,,
Braum,Zoe,Taric,Nautilus,10.6,killua,Missing,,,,
,,,,,,,LGD Gaming,Team WE,blue_side,red_side
Jarvan IV,Kalista,Aatrox,Wukong,10.6,Aliez,Langx,,,,
Rumble,Sett,Lee Sin,RekSai,10.6,xiaohan,XLB,,,,
Syndra,Aphelios,LeBlanc,Sylas,10.6,clx,xiaohu,,,,
Kassadin,Tahm Kench,Varus,Nautilus,10.6,Y4,Ming,,,,
Lissandra,Thresh,Leona,Senna,10.6,Max,Betty,,,,
,,,,,,,Victory Five,Royal Never Give Up,red_side,blue_side
Kalista,Jarvan IV,Sett,Renekton,10.6,Langx,Aliez,,,,
LeBlanc,Rumble,Trundle,Olaf,10.6,XLB,xiaohan,,,,
Lee Sin,Wukong,Zoe,Kassadin,10.6,xiaohu,clx,,,,
Elise,Quinn,Varus,Syndra,10.6,Betty,Y4,,,,
Aphelios,RekSai,Braum,Nautilus,10.6,Ming,Max,,,,
,,,,,,,Royal Never Give Up,Victory Five,blue_side,red_side
Jarvan IV,Senna,Renekton,Ornn,10.6,Cube,Xiaobai,,,,
Thresh,Taric,Olaf,Trundle,10.6,Aix,Wei,,,,
Varus,Aphelios,Kassadin,Rumble,10.6,Forge,Cryin,,,,
Azir,Neeko,Kalista,Miss Fortune,10.6,iBOY,Wink,,,,
Leona,Nautilus,Braum,Sett,10.6,Hang,ShiauC,,,,
,,,,,,,Vici Gaming,eStar,blue_side,red_side
Jarvan IV,Senna,Renekton,Ornn,10.6,Cube,Xiaobai,,,,
Thresh,Taric,Olaf,RekSai,10.6,Aix,Wei,,,,
Varus,Aphelios,Corki,Azir,10.6,Forge,Cryin,,,,
Trundle,Kassadin,Kalista,Miss Fortune,10.6,iBOY,Wink,,,,
Maokai,LeBlanc,Nautilus,Sett,10.6,Hang,ShiauC,,,,
,,,,,,,Vici Gaming,eStar,red_side,blue_side
Azir,Senna,Wukong,Sett,10.6,Cube,Xiaobai,,,,
Jarvan IV,Taric,Olaf,Lee Sin,10.6,Aix,Wei,,,,
Thresh,Aphelios,LeBlanc,Corki,10.6,Forge,Cryin,,,,
Trundle,Kassadin,Varus,Kalista,10.6,iBOY,Wink,,,,
Rumble,Neeko,Tahm Kench,Nautilus,10.6,Hang,ShiauC,,,,
,,,,,,,Vici Gaming,eStar,blue_side,red_side
Pantheon,Aphelios,Sett,Aatrox,10.6,Natural,Flandre,,,,
Wukong,Kassadin,Jarvan IV,Elise,10.6,Xiaopeng,Xx,,,,
Mordekaiser,Renekton,Diana,Zoe,10.6,xiye,Maple,,,,
Thresh,LeBlanc,Varus,Miss Fortune,10.6,GALA,Asura,,,,
Olaf,Rumble,Nautilus,Taric,10.6,Mark,Iwandy,,,,
,,,,,,,Dominus Esports,LNG Esports,blue_side,red_side
Kassadin,Aphelios,Sett,Aatrox,10.6,Flandre,Natural,,,,
Olaf,Pantheon,Jarvan IV,RekSai,10.6,Xx,Xiaopeng,,,,
Renekton,Wukong,Zoe,Diana,10.6,Maple,xiye,,,,
Nidalee,Mordekaiser,Miss Fortune,Varus,10.6,Asura,GALA,,,,
LeBlanc,Qiyana,Nautilus,Thresh,10.6,Iwandy,Mark,,,,
,,,,,,,LNG Esports,Dominus Esports,red_side,blue_side
Zoe,Aphelios,Ornn,Renekton,10.5,TheShy,Breathe,,,,
Lee Sin,Kalista,Qiyana,Jarvan IV,10.5,Leyan,H4cker,,,,
Elise,Sett,Neeko,Rumble,10.5,RooKie,icon,,,,
Aatrox,Nidalee,Varus,Kaisa,10.5,Puff,SmLz,,,,
Nautilus,RekSai,Thresh,Blitzcrank,10.5,Southwind,cold,,,,
,,,,,,,Invictus Gaming,OMG,blue_side,red_side
Kalista,Aphelios,Ornn,Aatrox,10.5,Breathe,TheShy,,,,
Neeko,Elise,Olaf,Lee Sin,10.5,H4cker,Leyan,,,,
Rumble,Sett,Zoe,LeBlanc,10.5,icon,RooKie,,,,
Tahm Kench,Renekton,Miss Fortune,Taric,10.5,SmLz,Southwind,,,,
Nautilus,Yuumi,Karma,Senna,10.5,cold,Puff,,,,
,,,,,,,OMG,Invictus Gaming,red_side,blue_side
Zoe,Senna,Ornn,Sett,10.5,fenfen,Aodi,,,,
Renekton,Aphelios,Jarvan IV,RekSai,10.5,Peanut,JunJia,,,,
Sejuani,Olaf,Corki,Azir,10.5,Yuuki,Scout,,,,
Mordekaiser,Braum,Varus,Kaisa,10.5,Kramer,Hope,,,,
Kassadin,Lissandra,Thresh,Nautilus,10.5,killua,meiko,,,,
,,,,,,,LGD Gaming,Edward Gaming,blue_side,red_side
Renekton,Senna,Ornn,Sett,10.5,fenfen,Aodi,,,,
Zoe,Aphelios,Elise,Gragas,10.5,Peanut,JunJia,,,,
Sejuani,Olaf,Pantheon,Irelia,10.5,Yuuki,Scout,,,,
Mordekaiser,Azir,Varus,Kaisa,10.5,Kramer,Hope,,,,
Braum,LeBlanc,Thresh,Nautilus,10.5,killua,meiko,,,,
,,,,,,,LGD Gaming,Edward Gaming,red_side,blue_side
Zoe,Senna,Ornn,Sett,10.5,fenfen,Aodi,,,,
Renekton,Aphelios,RekSai,Jarvan IV,10.5,Peanut,JunJia,,,,
Sejuani,Olaf,Azir,Corki,10.5,Yuuki,Scout,,,,
Mordekaiser,Lee Sin,Varus,Kaisa,10.5,Kramer,Hope,,,,
Kassadin,Irelia,Thresh,Nautilus,10.5,killua,meiko,,,,
,,,,,,,LGD Gaming,Edward Gaming,red_side,blue_side
Irelia,Aphelios,Renekton,Aatrox,10.5,705,Bin,,,,
Sejuani,Senna,Lee Sin,Jarvan IV,10.5,Kanavi,SofM,,,,
Varus,Sett,LeBlanc,Lissandra,10.5,Yagao,Angel,,,,
Kassadin,Sylas,Kalista,Miss Fortune,10.5,LokeN,huanfeng,,,,
Yuumi,Elise,Taric,Alistar,10.5,LvMao,SwordArt,,,,
,,,,,,,JD Gaming,Suning,blue_side,red_side
Kalista,Irelia,Renekton,Sett,10.5,Bin,705,,,,
Senna,Aphelios,Gragas,Sylas,10.5,SofM,Kanavi,,,,
LeBlanc,Sejuani,Azir,Zoe,10.5,Angel,Yagao,,,,
Jarvan IV,Kassadin,Varus,Xayah,10.5,huanfeng,LokeN,,,,
Lee Sin,Syndra,Tahm Kench,Rakan,10.5,SwordArt,LvMao,,,,
,,,,,,,Suning,JD Gaming,blue_side,red_side
Irelia,Aphelios,Ornn,Mordekaiser,10.5,705,Bin,,,,
Sejuani,Kalista,Olaf,Nidalee,10.5,Kanavi,SofM,,,,
Varus,Senna,Syndra,Sett,10.5,Yagao,Angel,,,,
Kassadin,Lee Sin,Caitlyn,Miss Fortune,10.5,LokeN,huanfeng,,,,
Gragas,LeBlanc,Thresh,Braum,10.5,LvMao,SwordArt,,,,
,,,,,,,JD Gaming,Suning,blue_side,red_side
Rumble,Zoe,Aatrox,Fiora,10.5,Mole,Khan,,,,
Renekton,Aphelios,Lee Sin,Elise,10.5,xiaohan,Tian,,,,
Varus,Senna,Sylas,Sett,10.5,clx,Doinb,,,,
Kled,LeBlanc,Kalista,Kaisa,10.5,Y4,Lwx,,,,
Pantheon,Syndra,Nautilus,Leona,10.5,Max,Crisp,,,,
,,,,,,,Victory Five,Funplus Phoenix,red_side,blue_side
Zoe,Aphelios,Aatrox,Qiyana,10.5,Khan,Mole,,,,
Varus,Senna,Lee Sin,Jarvan IV,10.5,Tian,xiaohan,,,,
Renekton,Sett,Rumble,Syndra,10.5,Doinb,clx,,,,
Taric,Sylas,Miss Fortune,Kalista,10.5,Lwx,Y4,,,,
Thresh,Irelia,Leona,Alistar,10.5,Crisp,Max,,,,
,,,,,,,Funplus Phoenix,Victory Five,blue_side,red_side
Zoe,Aphelios,Renekton,Mordekaiser,10.5,Cube,Flandre,,,,
Pantheon,Elise,RekSai,Olaf,10.5,Aix,Xx,,,,
Azir,Senna,Sylas,LeBlanc,10.5,Forge,Maple,,,,
Kaisa,Qiyana,Kalista,Varus,10.5,iBOY,Asura,,,,
Miss Fortune,Lucian,Taric,Sett,10.5,Hang,Duan,,,,
,,,,,,,Vici Gaming,LNG Esports,red_side,blue_side
Kalista,Aphelios,Aatrox,Ornn,10.5,Flandre,Cube,,,,
Elise,Sett,Trundle,Olaf,10.5,Xx,Aix,,,,
Varus,Senna,Azir,Kassadin,10.5,Maple,Forge,,,,
LeBlanc,Zoe,Miss Fortune,Kaisa,10.5,Asura,iBOY,,,,
Renekton,Mordekaiser,Nautilus,Taric,10.5,Duan,Hang,,,,
,,,,,,,LNG Esports,Vici Gaming,red_side,blue_side
Zoe,Aphelios,Ornn,Mordekaiser,10.5,Cube,Flandre,,,,
LeBlanc,Senna,Olaf,Trundle,10.5,Aix,Xx,,,,
Sett,Elise,Neeko,Syndra,10.5,Forge,Maple,,,,
Azir,Aatrox,Kalista,Miss Fortune,10.5,iBOY,Asura,,,,
Kassadin,Renekton,Taric,Bard,10.5,Hang,Duan,,,,
,,,,,,,Vici Gaming,LNG Esports,blue_side,red_side
Sejuani,Sett,Gangplank,Mordekaiser,10.5,Langx,Aodi,,,,
Renekton,Olaf,Elise,RekSai,10.5,XLB,JunJia,,,,
Zoe,Aphelios,Diana,Azir,10.5,xiaohu,Scout,,,,
Braum,Tahm Kench,Pantheon,Varus,10.5,Betty,Hope,,,,
Thresh,Aatrox,Senna,Nautilus,10.5,Ming,meiko,,,,
,,,,,,,Royal Never Give Up,Edward Gaming,red_side,blue_side
Sejuani,Sett,Gangplank,Mordekaiser,10.5,Langx,Aodi,,,,
Zoe,Elise,Jarvan IV,RekSai,10.5,XLB,JunJia,,,,
Renekton,Aphelios,Rumble,Sylas,10.5,xiaohu,Scout,,,,
Azir,Aatrox,Nautilus,Varus,10.5,Ming,Hope,,,,
LeBlanc,Galio,Senna,Thresh,10.5,Betty,meiko,,,,
,,,,,,,Royal Never Give Up,Edward Gaming,blue_side,red_side
Sejuani,Sett,Ornn,Mordekaiser,10.5,Langx,Aodi,,,,
Zoe,Elise,Jarvan IV,RekSai,10.5,XLB,JunJia,,,,
Renekton,Aphelios,Kassadin,Azir,10.5,xiaohu,Scout,,,,
Tahm Kench,Rumble,Nautilus,Varus,10.5,Ming,Hope,,,,
Thresh,Gangplank,Senna,Braum,10.5,Betty,meiko,,,,
,,,,,,,Royal Never Give Up,Edward Gaming,blue_side,red_side
Pantheon,Aphelios,Aatrox,Renekton,10.5,Breathe,369,,,,
Olaf,Sejuani,Jarvan IV,Gragas,10.5,H4cker,Karsa,,,,
Varus,Sett,Ekko,Zoe,10.5,icon,Knight,,,,
Lee Sin,LeBlanc,Tahm Kench,Miss Fortune,10.5,cold,Photic,,,,
Elise,Ornn,Senna,Yuumi,10.5,SmLz,Qiuqiu,,,,
,,,,,,,OMG,Top Esports,red_side,blue_side
LeBlanc,Aphelios,Renekton,Ornn,10.5,369,Breathe,,,,
Sejuani,Olaf,Elise,Jarvan IV,10.5,Karsa,H4cker,,,,
Sett,Zoe,Ziggs,Neeko,10.5,Knight,icon,,,,
Rumble,Sylas,Varus,Kaisa,10.5,Photic,SmLz,,,,
Kassadin,Pantheon,Leona,Nautilus,10.5,Qiuqiu,cold,,,,
,,,,,,,Top Esports,OMG,blue_side,red_side
Pantheon,Aphelios,Renekton,Ornn,10.5,Natural,Xiaobai,,,,
Thresh,Aatrox,Sejuani,Jarvan IV,10.5,Xiaopeng,Wei,,,,
Sett,Elise,Kassadin,Cassiopeia,10.5,xiye,Cryin,,,,
Rumble,Braum,Kalista,Varus,10.5,GALA,Wink,,,,
Azir,Leona,Taric,Nautilus,10.5,Mark,ShiauC,,,,
,,,,,,,Dominus Esports,eStar,red_side,blue_side
Pantheon,Aphelios,Camille,Ornn,10.5,Natural,Xiaobai,,,,
Sett,Aatrox,Lee Sin,Jarvan IV,10.5,Xiaopeng,Wei,,,,
Renekton,Elise,LeBlanc,Lissandra,10.5,xiye,Cryin,,,,
Mordekaiser,Kassadin,Varus,Miss Fortune,10.5,GALA,Wink,,,,
Rumble,Fiora,Blitzcrank,Thresh,10.5,Mark,ShiauC,,,,
,,,,,,,Dominus Esports,eStar,red_side,blue_side
Sejuani,Kalista,Ornn,Renekton,10.5,TheShy,Biubiu,,,,
Jarvan IV,Aphelios,Lee Sin,Ekko,10.5,Leyan,SofM,,,,
Miss Fortune,Sett,Varus,Talon,10.5,RooKie,Angel,,,,
Elise,Rumble,Caitlyn,Xayah,10.5,Puff,huanfeng,,,,
Gragas,Nidalee,Morgana,Rakan,10.5,Southwind,SwordArt,,,,
,,,,,,,Invictus Gaming,Suning,blue_side,red_side
Jarvan IV,Kalista,Rumble,Renekton,10.5,TheShy,Bin,,,,
Sejuani,Aphelios,Nidalee,Lee Sin,10.5,Leyan,SofM,,,,
Miss Fortune,Sett,Jayce,Zoe,10.5,RooKie,Angel,,,,
Elise,Ornn,Varus,Xayah,10.5,Puff,huanfeng,,,,
Gragas,Lucian,Braum,Rakan,10.5,Southwind,SwordArt,,,,
,,,,,,,Invictus Gaming,Suning,blue_side,red_side
Pantheon,Aphelios,Sett,Aatrox,10.5,kingen,Morgan,,,,
Kalista,Zoe,Jarvan IV,Gragas,10.5,Meteor,beishang,,,,
Olaf,Renekton,Corki,Rumble,10.5,FoFo,Teacherma,,,,
Diana,LeBlanc,Miss Fortune,Varus,10.5,jinjiao,Elk,,,,
Lee Sin,Azir,Nautilus,Thresh,10.5,XinMo,Missing,,,,
,,,,,,,Bilibili Gaming,Team WE,red_side,blue_side
LeBlanc,Renekton,Ornn,Maokai,10.5,Morgan,ADD,,,,
Zoe,Aphelios,Lee Sin,Jarvan IV,10.5,beishang,Meteor,,,,
Senna,Sett,Vladimir,Azir,10.5,Teacherma,FoFo,,,,
Braum,Pantheon,Kalista,Varus,10.5,Elk,jinjiao,,,,
Tahm Kench,Sylas,Thresh,Alistar,10.5,Missing,XinMo,,,,
,,,,,,,Team WE,Bilibili Gaming,red_side,blue_side
LeBlanc,Renekton,Aatrox,Maokai,10.5,Morgan,ADD,,,,
Azir,Sett,Ekko,Jarvan IV,10.5,beishang,Meteor,,,,
Zoe,Aphelios,Pantheon,Rumble,10.5,Teacherma,FoFo,,,,
Corki,Varus,Kaisa,Miss Fortune,10.5,Elk,jinjiao,,,,
Syndra,Kalista,Nautilus,Leona,10.5,Missing,XinMo,,,,
,,,,,,,Team WE,Bilibili Gaming,red_side,blue_side
LeBlanc,Aphelios,Renekton,Sett,10.5,Lies,Aliez,,,,
Irelia,Olaf,Sejuani,Jarvan IV,10.5,Peanut,xiaohan,,,,
Zoe,Lee Sin,Azir,Syndra,10.5,Yuuki,Mole,,,,
Rumble,Mordekaiser,Tahm Kench,Varus,10.5,killua,Y4,,,,
Neeko,Ornn,Senna,Thresh,10.5,Kramer,Max,,,,
,,,,,,,LGD Gaming,Victory Five,blue_side,red_side
LeBlanc,Aphelios,Kled,Sett,10.5,Lies,Aliez,,,,
Irelia,Olaf,Sejuani,Jarvan IV,10.5,Peanut,xiaohan,,,,
Zoe,Lee Sin,Azir,Taliyah,10.5,Yuuki,Mole,,,,
Rumble,Renekton,Tahm Kench,Varus,10.5,killua,Y4,,,,
Neeko,Mordekaiser,Senna,Thresh,10.5,Kramer,Max,,,,
,,,,,,,LGD Gaming,Victory Five,blue_side,red_side
LeBlanc,Aphelios,Sett,Mordekaiser,10.5,Langx,705,,,,
Sylas,Zoe,Gragas,Lee Sin,10.5,XLB,Kanavi,,,,
Syndra,Renekton,Irelia,Ornn,10.5,xiaohu,Yagao,,,,
Jarvan IV,Olaf,Varus,Rumble,10.5,Betty,LvMao,,,,
Tahm Kench,RekSai,Braum,Senna,10.5,Ming,LokeN,,,,
,,,,,,,Royal Never Give Up,JD Gaming,blue_side,red_side
Irelia,LeBlanc,Renekton,Ornn,10.5,705,Langx,,,,
Zoe,Sett,Sylas,Jarvan IV,10.5,Kanavi,XLB,,,,
Senna,Aphelios,Lucian,Syndra,10.5,Yagao,xiaohu,,,,
Gangplank,Thresh,Varus,Miss Fortune,10.5,LokeN,Betty,,,,
Mordekaiser,Tahm Kench,Braum,Nautilus,10.5,LvMao,Ming,,,,
,,,,,,,JD Gaming,Royal Never Give Up,red_side,blue_side
Renekton,Aphelios,Aatrox,Ornn,10.5,Flandre,Xiaobai,,,,
Thresh,Senna,Trundle,Jarvan IV,10.5,Xx,Wei,,,,
Rumble,Zoe,Azir,Corki,10.5,Maple,Cryin,,,,
Kassadin,Elise,Kaisa,Varus,10.5,Asura,Wink,,,,
Morgana,Gragas,Sett,Bard,10.5,Duan,ShiauC,,,,
,,,,,,,LNG Esports,eStar,blue_side,red_side
Renekton,Aphelios,Aatrox,Maokai,10.5,Flandre,Xiaobai,,,,
Thresh,Senna,Sylas,Jarvan IV,10.5,Xx,Wei,,,,
Rumble,Zoe,Qiyana,Azir,10.5,Maple,Cryin,,,,
Kassadin,Elise,Kaisa,Varus,10.5,Asura,Wink,,,,
Corki,Gragas,Sett,Nautilus,10.5,Duan,ShiauC,,,,
,,,,,,,LNG Esports,eStar,red_side,blue_side
Renekton,Aphelios,Sett,Maokai,10.5,Flandre,Xiaobai,,,,
Thresh,Senna,Elise,Jarvan IV,10.5,Xx,Wei,,,,
Rumble,Zoe,Corki,Azir,10.5,Maple,Cryin,,,,
Kassadin,Leona,Miss Fortune,Varus,10.5,Asura,Wink,,,,
Nautilus,Aatrox,Bard,Blitzcrank,10.5,Duan,ShiauC,,,,
,,,,,,,LNG Esports,eStar,red_side,blue_side
Olaf,Zoe,Sett,Aatrox,10.5,Breathe,GimGoon,,,,
Pantheon,Aphelios,Sejuani,Sylas,10.5,H4cker,Tian,,,,
Rumble,Renekton,Kled,Vladimir,10.5,icon,Doinb,,,,
Trundle,Kaisa,Miss Fortune,Varus,10.5,SmLz,Lwx,,,,
Tahm Kench,Senna,Leona,Nautilus,10.5,cold,Crisp,,,,
,,,,,,,OMG,Funplus Phoenix,blue_side,red_side
Olaf,Zoe,Sett,Mordekaiser,10.5,Breathe,GimGoon,,,,
Pantheon,Aphelios,Lee Sin,Elise,10.5,H4cker,Tian,,,,
Rumble,Sejuani,LeBlanc,Renekton,10.5,icon,Doinb,,,,
Senna,Varus,Caitlyn,Miss Fortune,10.5,SmLz,Lwx,,,,
Kalista,Kaisa,Morgana,Nautilus,10.5,cold,Crisp,,,,
,,,,,,,OMG,Funplus Phoenix,red_side,blue_side
Olaf,Zoe,Irelia,Mordekaiser,10.5,Breathe,GimGoon,,,,
Pantheon,Aphelios,Sejuani,Trundle,10.5,H4cker,Tian,,,,
Renekton,Sett,Sylas,Kled,10.5,icon,Doinb,,,,
Blitzcrank,Varus,Miss Fortune,Kalista,10.5,SmLz,Lwx,,,,
Nautilus,Senna,Leona,Braum,10.5,cold,Crisp,,,,
,,,,,,,OMG,Funplus Phoenix,red_side,blue_side
Zoe,Aphelios,Aatrox,Ornn,10.5,Cube,Lies,,,,
Mordekaiser,Renekton,Olaf,Elise,10.5,Aix,Peanut,,,,
Varus,Sett,LeBlanc,Qiyana,10.5,Forge,Yuuki,,,,
Irelia,Sylas,Tahm Kench,Kalista,10.5,Hang,Kramer,,,,
Pantheon,Azir,Senna,Taric,10.5,iBOY,Chance,,,,
,,,,,,,Vici Gaming,LGD Gaming,blue_side,red_side
LeBlanc,Aphelios,Sett,Mordekaiser,10.5,Lies,Cube,,,,
Renekton,Olaf,Trundle,Sejuani,10.5,Peanut,Aix,,,,
Varus,Senna,Lissandra,Irelia,10.5,Yuuki,Forge,,,,
Nautilus,Thresh,Kaisa,Kalista,10.5,Kramer,iBOY,,,,
Leona,Braum,Taric,Rakan,10.5,Chance,Hang,,,,
,,,,,,,LGD Gaming,Vici Gaming,red_side,blue_side
Kassadin,Elise,Ornn,Aatrox,10.5,Morgan,Biubiu,,,,
Zoe,Aphelios,Olaf,Sejuani,10.5,beishang,SofM,,,,
Jarvan IV,Renekton,Rumble,Corki,10.5,Teacherma,Angel,,,,
Thresh,Blitzcrank,Kaisa,Miss Fortune,10.5,Elk,huanfeng,,,,
Azir,Diana,Sett,Nautilus,10.5,Missing,SwordArt,,,,
,,,,,,,Team WE,Suning,blue_side,red_side
Elise,Kassadin,Renekton,Ornn,10.5,Biubiu,Morgan,,,,
Sett,Zoe,Sejuani,Jarvan IV,10.5,SofM,beishang,,,,
Olaf,Aphelios,Corki,Aurelion Sol,10.5,Angel,Teacherma,,,,
Rumble,Azir,Miss Fortune,Varus,10.5,huanfeng,Elk,,,,
Thresh,Blitzcrank,Braum,Leona,10.5,SwordArt,Missing,,,,
,,,,,,,Suning,Team WE,blue_side,red_side
Elise,Kassadin,Aatrox,Ornn,10.5,Biubiu,Morgan,,,,
Sett,Renekton,Sejuani,Ekko,10.5,SofM,beishang,,,,
Olaf,Aphelios,Cassiopeia,Pantheon,10.5,Angel,Teacherma,,,,
Rumble,Azir,Miss Fortune,Kalista,10.5,huanfeng,Elk,,,,
Jarvan IV,Corki,Blitzcrank,Thresh,10.5,SwordArt,Missing,,,,
,,,,,,,Suning,Team WE,red_side,blue_side
LeBlanc,Aphelios,Renekton,Aatrox,10.5,Crazy,Natural,,,,
Senna,Pantheon,Gragas,RekSai,10.5,Haro,Xiaopeng,,,,
Elise,Sett,Cassiopeia,Kassadin,10.5,Ruby,xiye,,,,
Olaf,Zoe,Kaisa,Varus,10.5,ZWuJi,GALA,,,,
Qiyana,Taliyah,Nautilus,Leona,10.5,Ley,Mark,,,,
,,,,,,,Rogue Warriors,Dominus Esports,red_side,blue_side
Pantheon,Aphelios,Aatrox,Mordekaiser,10.5,Natural,Holder,,,,
Sett,Kassadin,Jarvan IV,Olaf,10.5,Xiaopeng,Haro,,,,
Elise,Renekton,LeBlanc,Lissandra,10.5,xiye,Ruby,,,,
Ornn,Nidalee,Varus,Kaisa,10.5,GALA,ZWuJi,,,,
Gangplank,Kindred,Leona,Thresh,10.5,Mark,Ley,,,,
,,,,,,,Dominus Esports,Rogue Warriors,blue_side,red_side
Rumble,Aphelios,Renekton,Sett,10.5,kingen,GimGoon,,,,
Olaf,Zoe,RekSai,Lee Sin,10.5,Meteor,Tian,,,,
Mordekaiser,Elise,LeBlanc,Nautilus,10.5,FoFo,Doinb,,,,
Kled,Ekko,Varus,Kaisa,10.5,jinjiao,Lwx,,,,
Lissandra,Gragas,Thresh,Blitzcrank,10.5,XinMo,Crisp,,,,
,,,,,,,Bilibili Gaming,Funplus Phoenix,blue_side,red_side
Rumble,Aphelios,Aatrox,Sett,10.5,kingen,GimGoon,,,,
Olaf,Zoe,Ekko,Elise,10.5,Meteor,Tian,,,,
Mordekaiser,Renekton,Qiyana,Pantheon,10.5,FoFo,Doinb,,,,
Kled,LeBlanc,Varus,Miss Fortune,10.5,jinjiao,Lwx,,,,
Diana,Sejuani,Thresh,Nautilus,10.5,XinMo,Crisp,,,,
,,,,,,,Bilibili Gaming,Funplus Phoenix,red_side,blue_side
Zoe,Sett,Mordekaiser,Fiora,10.5,GimGoon,kingen,,,,
Varus,Renekton,Lee Sin,Elise,10.5,Tian,Meteor,,,,
LeBlanc,Olaf,Sylas,Irelia,10.5,Doinb,FoFo,,,,
Azir,Morgana,Aphelios,Ezreal,10.5,Lwx,jinjiao,,,,
Braum,Thresh,Rakan,Alistar,10.5,Crisp,XinMo,,,,
,,,,,,,Funplus Phoenix,Bilibili Gaming,blue_side,red_side
LeBlanc,Irelia,Aatrox,Sett,10.5,369,705,,,,
Syndra,Renekton,Trundle,Olaf,10.5,Karsa,Kanavi,,,,
Sylas,Zoe,Viktor,Taliyah,10.5,Knight,Yagao,,,,
Rumble,Lee Sin,Aphelios,Ezreal,10.5,Photic,LokeN,,,,
Jarvan IV,Elise,Nautilus,Yuumi,10.5,Qiuqiu,LvMao,,,,
,,,,,,,Top Esports,JD Gaming,blue_side,red_side
Irelia,Sylas,Renekton,Mordekaiser,10.5,705,369,,,,
Zoe,Sett,Ekko,Elise,10.5,Kanavi,Karsa,,,,
Olaf,Aphelios,Azir,Pantheon,10.5,Yagao,Knight,,,,
Thresh,Qiyana,Miss Fortune,Varus,10.5,LokeN,Photic,,,,
Morgana,Lucian,Leona,Nautilus,10.5,LvMao,Qiuqiu,,,,
,,,,,,,JD Gaming,Top Esports,red_side,blue_side
Lee Sin,Olaf,Mordekaiser,Gangplank,10.5,Aliez,Breathe,,,,
LeBlanc,Sett,Sejuani,Elise,10.5,xiaohan,H4cker,,,,
Renekton,Karma,Irelia,Zoe,10.5,Mole,icon,,,,
Trundle,Nautilus,Aphelios,Tahm Kench,10.5,Y4,cold,,,,
Jarvan IV,Yuumi,Thresh,Senna,10.5,Max,SmLz,,,,
,,,,,,,Victory Five,OMG,red_side,blue_side
Karma,Aphelios,Aatrox,Renekton,10.5,Breathe,Aliez,,,,
Olaf,Sett,Elise,Gragas,10.5,H4cker,xiaohan,,,,
Zoe,Irelia,Jayce,Lucian,10.5,icon,Mole,,,,
Sejuani,Thresh,Varus,Tahm Kench,10.5,SmLz,Max,,,,
Jarvan IV,Blitzcrank,Yuumi,Senna,10.5,cold,Y4,,,,
,,,,,,,OMG,Victory Five,blue_side,red_side
Elise,Renekton,Aatrox,Kalista,10.5,Biubiu,Flandre,,,,
Senna,Aphelios,Trundle,Jarvan IV,10.5,SofM,Xx,,,,
Sett,Thresh,Kassadin,Rumble,10.5,Angel,Maple,,,,
Qiyana,Lee Sin,Miss Fortune,Varus,10.5,huanfeng,Asura,,,,
Pantheon,Olaf,Nautilus,Braum,10.5,SwordArt,Duan,,,,
,,,,,,,Suning,LNG Esports,blue_side,red_side
Renekton,Aphelios,Aatrox,Ornn,10.5,Flandre,Biubiu,,,,
Kassadin,Senna,Pantheon,Jarvan IV,10.5,Xx,SofM,,,,
Thresh,Sett,LeBlanc,Zoe,10.5,Maple,Angel,,,,
Rumble,Elise,Miss Fortune,Varus,10.5,Asura,huanfeng,,,,
Mordekaiser,Gragas,Nautilus,Leona,10.5,Duan,SwordArt,,,,
,,,,,,,LNG Esports,Suning,blue_side,red_side
Elise,Renekton,Aatrox,Mordekaiser,10.5,Biubiu,Flandre,,,,
Senna,Kassadin,Sejuani,Pantheon,10.5,SofM,Xx,,,,
Sett,Thresh,Twisted Fate,Zoe,10.5,Angel,Maple,,,,
Sylas,Olaf,Aphelios,Kaisa,10.5,huanfeng,Asura,,,,
LeBlanc,Jarvan IV,Leona,Nautilus,10.5,SwordArt,Duan,,,,
,,,,,,,Suning,LNG Esports,blue_side,red_side
Azir,Aphelios,Aatrox,Rumble,10.5,Morgan,Crazy,,,,
Zoe,Renekton,RekSai,Jarvan IV,10.5,beishang,WeiYan,,,,
Olaf,Sett,Diana,Cassiopeia,10.5,Teacherma,Ruby,,,,
Ornn,Elise,Tahm Kench,Kalista,10.5,Missing,ZWuJi,,,,
Kennen,Ekko,Senna,Thresh,10.5,Elk,Ley,,,,
,,,,,,,Team WE,Rogue Warriors,red_side,blue_side
Diana,Aphelios,Aatrox,Ornn,10.5,Crazy,Morgan,,,,
Pantheon,Sett,Olaf,Kindred,10.5,WeiYan,beishang,,,,
Elise,Renekton,Azir,Rumble,10.5,Ruby,Teacherma,,,,
Lee Sin,LeBlanc,Lucian,Varus,10.5,ZWuJi,Elk,,,,
Aurelion Sol,Zoe,Braum,Thresh,10.5,Ley,Missing,,,,
,,,,,,,Rogue Warriors,Team WE,red_side,blue_side
Elise,Aphelios,Mordekaiser,Ornn,10.5,Crazy,Morgan,,,,
Varus,Sett,Jarvan IV,Lee Sin,10.5,WeiYan,beishang,,,,
Rumble,Renekton,LeBlanc,Galio,10.5,Ruby,Teacherma,,,,
Kindred,Zoe,Kalista,Miss Fortune,10.5,ZWuJi,Elk,,,,
RekSai,Cassiopeia,Thresh,Blitzcrank,10.5,Ley,Missing,,,,
,,,,,,,Rogue Warriors,Team WE,red_side,blue_side
Renekton,Aphelios,Rumble,Maokai,10.5,TheShy,Xiaobai,,,,
Sett,Kalista,Trundle,Jarvan IV,10.5,Ning,Wei,,,,
Irelia,Neeko,Lucian,Corki,10.5,RooKie,Cryin,,,,
LeBlanc,Olaf,Ezreal,Varus,10.5,Puff,Wink,,,,
Azir,Braum,Nautilus,Thresh,10.5,Southwind,ShiauC,,,,
,,,,,,,Invictus Gaming,eStar,red_side,blue_side
Jarvan IV,Aphelios,Aatrox,Renekton,10.5,TheShy,Xiaobai,,,,
Sett,Kalista,Olaf,Elise,10.5,Ning,Wei,,,,
Rumble,Neeko,Lissandra,Pantheon,10.5,RooKie,Cryin,,,,
Tahm Kench,Quinn,Varus,Syndra,10.5,Puff,Wink,,,,
Miss Fortune,Orianna,Thresh,Blitzcrank,10.5,Southwind,ShiauC,,,,
,,,,,,,Invictus Gaming,eStar,red_side,blue_side
Zoe,Elise,Renekton,Mordekaiser,10.5,Cube,Aodi,,,,
Jarvan IV,Aphelios,Gragas,Sejuani,10.5,Aix,JunJia,,,,
Azir,Senna,Irelia,Sett,10.5,Forge,Scout,,,,
Nautilus,Varus,Kalista,Miss Fortune,10.5,iBOY,Hope,,,,
Leona,Kaisa,Taric,Alistar,10.5,Maestro,meiko,,,,
,,,,,,,Vici Gaming,Edward Gaming,red_side,blue_side
Zoe,Elise,Renekton,Maokai,10.5,Cube,Aodi,,,,
Jarvan IV,Aphelios,Ekko,Gragas,10.5,Aix,JunJia,,,,
Sejuani,Senna,Qiyana,Sett,10.5,Forge,Scout,,,,
Thresh,Sylas,Miss Fortune,Varus,10.5,iBOY,Hope,,,,
Mordekaiser,Olaf,Nautilus,Braum,10.5,Maestro,meiko,,,,
,,,,,,,Vici Gaming,Edward Gaming,blue_side,red_side
Zoe,Elise,Renekton,Sett,10.5,Cube,Aodi,,,,
Jarvan IV,Aphelios,Lee Sin,Gragas,10.5,Aix,JunJia,,,,
Sejuani,Senna,Sylas,Irelia,10.5,Forge,Scout,,,,
Mordekaiser,Qiyana,Miss Fortune,Varus,10.5,iBOY,Hope,,,,
Thresh,Olaf,Nautilus,Braum,10.5,Maestro,meiko,,,,
,,,,,,,Vici Gaming,Edward Gaming,red_side,blue_side
LeBlanc,Aphelios,Aatrox,Ornn,10.5,369,melody,,,,
Qiyana,Sett,RekSai,Lee Sin,10.5,Karsa,Bless,,,,
Kassadin,Renekton,Zoe,Neeko,10.5,Knight,xiye,,,,
Nautilus,Mordekaiser,Miss Fortune,Varus,10.5,Photic,GALA,,,,
Thresh,Sylas,Leona,Tahm Kench,10.5,Qiuqiu,Mark,,,,
,,,,,,,Top Esports,Dominus Esports,blue_side,red_side
Zoe,Aphelios,Irelia,Aatrox,10.5,Natural,369,,,,
Gangplank,Sett,Sejuani,Jarvan IV,10.5,Bless,Karsa,,,,
Mordekaiser,Renekton,LeBlanc,Syndra,10.5,xiye,Knight,,,,
Trundle,Miss Fortune,Ezreal,Varus,10.5,GALA,Photic,,,,
Olaf,Senna,Braum,Rakan,10.5,Mark,Qiuqiu,,,,
,,,,,,,Dominus Esports,Top Esports,red_side,blue_side
Olaf,Sett,Renekton,Mordekaiser,10.5,Langx,GimGoon,,,,
Elise,Zoe,Trundle,Sejuani,10.5,XLB,Tian,,,,
Senna,Aphelios,Sylas,Aatrox,10.5,xiaohu,Doinb,,,,
Kled,Lee Sin,Kaisa,Miss Fortune,10.5,Betty,Lwx,,,,
RekSai,Jarvan IV,Nautilus,Leona,10.5,Ming,Crisp,,,,
,,,,,,,Royal Never Give Up,Funplus Phoenix,red_side,blue_side
Elise,Sett,Renekton,Aatrox,10.5,Langx,GimGoon,,,,
Olaf,Zoe,Nocturne,RekSai,10.5,XLB,Tian,,,,
Senna,Aphelios,Rumble,Sylas,10.5,xiaohu,Doinb,,,,
Sejuani,Lee Sin,Varus,Miss Fortune,10.5,Betty,Lwx,,,,
Gragas,Jarvan IV,Braum,Nautilus,10.5,Ming,Crisp,,,,
,,,,,,,Royal Never Give Up,Funplus Phoenix,red_side,blue_side
Miss Fortune,Aphelios,Mordekaiser,Ornn,10.5,Lies,Biubiu,,,,
Renekton,Senna,Elise,Jarvan IV,10.5,Peanut,SofM,,,,
Sett,Lee Sin,Irelia,Galio,10.5,Yuuki,Angel,,,,
Azir,Pantheon,Kalista,Varus,10.5,Kramer,huanfeng,,,,
Aatrox,Qiyana,Nautilus,Tahm Kench,10.5,Chance,SwordArt,,,,
,,,,,,,LGD Gaming,Suning,blue_side,red_side
Senna,Renekton,Kennen,Sett,10.5,Biubiu,Lies,,,,
Mordekaiser,Miss Fortune,Jarvan IV,Lee Sin,10.5,SofM,Peanut,,,,
Olaf,Aatrox,Zoe,Lissandra,10.5,Angel,Yuuki,,,,
Elise,Ornn,Aphelios,Kalista,10.5,huanfeng,Kramer,,,,
Kassadin,Maokai,Thresh,Nautilus,10.5,SwordArt,Chance,,,,
,,,,,,,Suning,LGD Gaming,blue_side,red_side
Miss Fortune,Senna,Maokai,Ornn,10.5,Lies,Biubiu,,,,
Renekton,Elise,Jarvan IV,Sejuani,10.5,Peanut,SofM,,,,
Sett,Aphelios,Zoe,Kassadin,10.5,Yuuki,Angel,,,,
Irelia,Blitzcrank,Kalista,Varus,10.5,Kramer,huanfeng,,,,
Aatrox,Mordekaiser,Nautilus,Thresh,10.5,Chance,SwordArt,,,,
,,,,,,,LGD Gaming,Suning,red_side,blue_side
LeBlanc,Olaf,Ornn,Aatrox,10.5,Crazy,Aliez,,,,
Syndra,Thresh,Jarvan IV,Elise,10.5,WeiYan,Daylight,,,,
Sett,Renekton,Zoe,Lucian,10.5,Ruby,Mole,,,,
Tahm Kench,Leona,Aphelios,Pantheon,10.5,ZWuJi,clx,,,,
Galio,Nautilus,Volibear,Senna,10.5,Ley,Y4,,,,
,,,,,,,Rogue Warriors,Victory Five,blue_side,red_side
LeBlanc,Thresh,Aatrox,Maokai,10.5,Crazy,Aliez,,,,
Syndra,Olaf,Elise,Lee Sin,10.5,WeiYan,Daylight,,,,
Sett,Renekton,Irelia,Zoe,10.5,Ruby,Mole,,,,
Neeko,Ornn,Aphelios,Kalista,10.5,ZWuJi,Y4,,,,
Leona,Nautilus,Rakan,Braum,10.5,Ley,clx,,,,
,,,,,,,Rogue Warriors,Victory Five,blue_side,red_side
Elise,Kalista,Rumble,Renekton,10.5,TheShy,369,,,,
Irelia,Lucian,Zac,Gragas,10.5,Ning,Karsa,,,,
Sett,Thresh,Jayce,LeBlanc,10.5,RooKie,Knight,,,,
Zoe,Jarvan IV,Aphelios,Nautilus,10.5,Puff,Qiuqiu,,,,
Sejuani,Olaf,Karma,Senna,10.5,Southwind,Photic,,,,
,,,,,,,Invictus Gaming,Top Esports,blue_side,red_side
Elise,Kalista,Rumble,Jayce,10.5,TheShy,369,,,,
Renekton,Lucian,Jarvan IV,Lee Sin,10.5,Ning,Karsa,,,,
Irelia,Sett,Neeko,Corki,10.5,RooKie,Knight,,,,
LeBlanc,Thresh,Aphelios,Miss Fortune,10.5,Puff,Photic,,,,
Zoe,Syndra,Nautilus,Leona,10.5,Southwind,Qiuqiu,,,,
,,,,,,,Invictus Gaming,Top Esports,blue_side,red_side
Thresh,Aphelios,Renekton,Sett,10.5,kingen,Xiaobai,,,,
Jarvan IV,Zoe,Sylas,RekSai,10.5,Meteor,Wei,,,,
Elise,Senna,LeBlanc,Lissandra,10.5,FoFo,Cryin,,,,
Bard,Olaf,Varus,Miss Fortune,10.5,jinjiao,Wink,,,,
Kaisa,Sejuani,Tahm Kench,Rakan,10.5,XinMo,ShiauC,,,,
,,,,,,,Bilibili Gaming,eStar,blue_side,red_side
Thresh,Aphelios,Gangplank,Renekton,10.5,kingen,Xiaobai,,,,
Jarvan IV,Zoe,Sylas,RekSai,10.5,Meteor,Wei,,,,
Elise,Senna,LeBlanc,Lissandra,10.5,FoFo,Cryin,,,,
Bard,Olaf,Ashe,Varus,10.5,jinjiao,Wink,,,,
Lee Sin,Tahm Kench,Braum,Morgana,10.5,XinMo,ShiauC,,,,
,,,,,,,Bilibili Gaming,eStar,red_side,blue_side
Thresh,Zoe,Gangplank,Renekton,10.5,kingen,Xiaobai,,,,
Jarvan IV,Senna,Olaf,Lee Sin,10.5,Meteor,Wei,,,,
LeBlanc,Aphelios,Karma,Corki,10.5,FoFo,Cryin,,,,
Bard,Aatrox,Varus,Ezreal,10.5,jinjiao,Wink,,,,
Azir,Ornn,Leona,Nautilus,10.5,XinMo,ShiauC,,,,
,,,,,,,Bilibili Gaming,eStar,red_side,blue_side
Pantheon,Aphelios,Irelia,Aatrox,10.5,Breathe,Natural,,,,
Olaf,Renekton,Sejuani,Elise,10.5,H4cker,Xiaopeng,,,,
Varus,Sett,Zoe,Cassiopeia,10.5,icon,Xiaowei,,,,
Rakan,Jarvan IV,Tahm Kench,Miss Fortune,10.5,cold,GALA,,,,
Nautilus,Lee Sin,Senna,Yuumi,10.5,SmLz,Mark,,,,
,,,,,,,OMG,Dominus Esports,blue_side,red_side
LeBlanc,Olaf,Renekton,Ornn,10.5,Natural,Breathe,,,,
Elise,Sett,Sylas,Lee Sin,10.5,Bless,H4cker,,,,
Irelia,Pantheon,Zoe,Ekko,10.5,Xiaowei,icon,,,,
Leona,RekSai,Kaisa,Aphelios,10.5,GALA,SmLz,,,,
Gangplank,Taliyah,Nautilus,Thresh,10.5,Mark,cold,,,,
,,,,,,,Dominus Esports,OMG,red_side,blue_side
LeBlanc,Sett,Aatrox,Renekton,10.5,Langx,Cube,,,,
Jarvan IV,Aphelios,Elise,Sejuani,10.5,XLB,Aix,,,,
Senna,Zoe,Syndra,Sylas,10.5,xiaohu,Forge,,,,
Irelia,Taric,Kalista,Miss Fortune,10.5,Betty,iBOY,,,,
Jayce,Rumble,Leona,Nautilus,10.5,Ming,Maestro,,,,
,,,,,,,Royal Never Give Up,Vici Gaming,red_side,blue_side
Zoe,Sett,Renekton,Aatrox,10.5,Cube,Langx,,,,
Rumble,Elise,Gragas,RekSai,10.5,Aix,XLB,,,,
LeBlanc,Aphelios,Qiyana,Lissandra,10.5,Forge,xiaohu,,,,
Syndra,Sejuani,Miss Fortune,Varus,10.5,iBOY,Betty,,,,
Lee Sin,Jarvan IV,Nautilus,Leona,10.5,Maestro,Ming,,,,
,,,,,,,Vici Gaming,Royal Never Give Up,blue_side,red_side
Sylas,Aphelios,Sett,Aatrox,10.5,Aodi,705,,,,
Olaf,Senna,Sejuani,Elise,10.5,JunJia,Kanavi,,,,
Kindred,Zoe,Irelia,Azir,10.5,Scout,Yagao,,,,
Morgana,Nautilus,Miss Fortune,Caitlyn,10.5,Hope,LokeN,,,,
Tahm Kench,Leona,Braum,Thresh,10.5,meiko,LvMao,,,,
,,,,,,,Edward Gaming,JD Gaming,blue_side,red_side
Olaf,Sylas,Mordekaiser,Renekton,10.5,705,Aodi,,,,
Elise,Senna,Jarvan IV,Sejuani,10.5,Kanavi,JunJia,,,,
Aphelios,Sett,LeBlanc,Azir,10.5,Yagao,Scout,,,,
Irelia,Braum,Varus,Miss Fortune,10.5,LokeN,Hope,,,,
Leona,Tahm Kench,Thresh,Nautilus,10.5,LvMao,meiko,,,,
,,,,,,,JD Gaming,Edward Gaming,blue_side,red_side
Elise,Sylas,Mordekaiser,Renekton,10.5,705,Aodi,,,,
Olaf,Sett,Lee Sin,Sejuani,10.5,Kanavi,JunJia,,,,
Varus,Senna,Syndra,Ekko,10.5,Yagao,Scout,,,,
Zoe,Braum,Aphelios,Miss Fortune,10.5,LokeN,Hope,,,,
Thresh,LeBlanc,Leona,Nautilus,10.5,LvMao,meiko,,,,
,,,,,,,JD Gaming,Edward Gaming,red_side,blue_side
Renekton,Pantheon,Aatrox,Rumble,10.5,Flandre,Crazy,,,,
Olaf,Senna,Elise,Jarvan IV,10.5,Xx,WeiYan,,,,
Thresh,Sett,Azir,Cassiopeia,10.5,Maple,Ruby,,,,
Leona,LeBlanc,Aphelios,Miss Fortune,10.5,Asura,ZWuJi,,,,
Kennen,Zoe,Braum,Rakan,10.5,Duan,Ley,,,,
,,,,,,,LNG Esports,Rogue Warriors,blue_side,red_side
Pantheon,Olaf,Sett,Aatrox,10.5,Crazy,Flandre,,,,
Senna,Renekton,Jarvan IV,Elise,10.5,WeiYan,Xx,,,,
Rumble,Thresh,Azir,Zoe,10.5,Ruby,Maple,,,,
Braum,LeBlanc,Miss Fortune,Aphelios,10.5,ZWuJi,Asura,,,,
Qiyana,No ban,Nautilus,Leona,10.5,Ley,Duan,,,,
,,,,,,,Rogue Warriors,LNG Esports,red_side,blue_side
Jarvan IV,Sett,Aatrox,Ornn,10.5,GimGoon,Biubiu,,,,
Olaf,Aphelios,Elise,Taliyah,10.5,Tian,SofM,,,,
Zoe,Varus,Kled,Pantheon,10.5,Doinb,Angel,,,,
Lee Sin,Gragas,Tahm Kench,Miss Fortune,10.5,Crisp,huanfeng,,,,
Azir,Sylas,Senna,Blitzcrank,10.5,Lwx,SwordArt,,,,
,,,,,,,Funplus Phoenix,Suning,blue_side,red_side
Olaf,Aphelios,Sett,Renekton,10.5,Biubiu,GimGoon,,,,
Elise,Jarvan IV,Gragas,Sejuani,10.5,SofM,Tian,,,,
Varus,Senna,Galio,Corki,10.5,Angel,Doinb,,,,
Kassadin,Morgana,Draven,Miss Fortune,10.5,huanfeng,Lwx,,,,
Sylas,Azir,Leona,Nautilus,10.5,SwordArt,Crisp,,,,
,,,,,,,Suning,Funplus Phoenix,red_side,blue_side
Senna,Kalista,Rumble,Maokai,10.5,TheShy,Lies,,,,
Elise,Sett,Nidalee,Gragas,10.5,Leyan,Peanut,,,,
Irelia,Aphelios,Lucian,Qiyana,10.5,RooKie,Yuuki,,,,
Lee Sin,Syndra,Varus,Miss Fortune,10.5,Puff,Kramer,,,,
LeBlanc,Olaf,Braum,Thresh,10.5,Southwind,Chance,,,,
,,,,,,,Invictus Gaming,LGD Gaming,blue_side,red_side
Kalista,Aphelios,Ornn,Aatrox,10.5,Lies,TheShy,,,,
Lucian,Sett,Lee Sin,Elise,10.5,Peanut,Leyan,,,,
LeBlanc,Senna,Azir,Rumble,10.5,Yuuki,RooKie,,,,
Jarvan IV,Zoe,Varus,Ezreal,10.5,Kramer,Puff,,,,
Olaf,Pantheon,Nautilus,Thresh,10.5,Chance,Southwind,,,,
,,,,,,,LGD Gaming,Invictus Gaming,blue_side,red_side
Senna,Kalista,Sett,Ornn,10.5,TheShy,Lies,,,,
Elise,Aphelios,Trundle,Olaf,10.5,Ning,Peanut,,,,
Maokai,Lucian,Orianna,Nautilus,10.5,RooKie,Yuuki,,,,
LeBlanc,Jarvan IV,Ezreal,Varus,10.5,Puff,Kramer,,,,
Lee Sin,RekSai,Tahm Kench,Yuumi,10.5,Southwind,Chance,,,,
,,,,,,,Invictus Gaming,LGD Gaming,blue_side,red_side
LeBlanc,Sett,Aatrox,Camille,10.5,Morgan,Natural,,,,
Miss Fortune,Renekton,Ekko,Elise,10.5,beishang,Xiaopeng,,,,
Senna,Aphelios,Pantheon,Lissandra,10.5,Teacherma,xiye,,,,
Qiyana,Kalista,Kaisa,Ezreal,10.5,Elk,GALA,,,,
Irelia,Sivir,Leona,Nautilus,10.5,Missing,Mark,,,,
,,,,,,,Team WE,Dominus Esports,blue_side,red_side
Cassiopeia,Sett,Aatrox,Camille,10.5,Morgan,Natural,,,,
Senna,Renekton,Elise,Lee Sin,10.5,beishang,Xiaopeng,,,,
Olaf,Pantheon,Diana,Azir,10.5,Teacherma,Xiaowei,,,,
Zilean,Nocturne,Aphelios,Miss Fortune,10.5,Elk,GALA,,,,
Lissandra,Leona,Thresh,Nautilus,10.5,Missing,Mark,,,,
,,,,,,,Team WE,Dominus Esports,blue_side,red_side
Ornn,Sett,Mordekaiser,Gangplank,10.4,705,ADD,,,,
Olaf,Senna,Jarvan IV,Maokai,10.4,Kanavi,Meteor,,,,
Elise,Aphelios,LeBlanc,Zoe,10.4,Yagao,FoFo,,,,
Leona,Lee Sin,Varus,Miss Fortune,10.4,LokeN,jinjiao,,,,
Yuumi,RekSai,Thresh,Nautilus,10.4,LvMao,XinMo,,,,
,,,,,,,JD Gaming,Bilibili Gaming,blue_side,red_side
Senna,Olaf,Ornn,Aatrox,10.4,kingen,705,,,,
LeBlanc,Sett,Maokai,Sylas,10.4,Meteor,Kanavi,,,,
Varus,Aphelios,Zoe,Lucian,10.4,FoFo,Yagao,,,,
Blitzcrank,Lee Sin,Ezreal,Kalista,10.4,jinjiao,LokeN,,,,
Nautilus,RekSai,Thresh,Bard,10.4,XinMo,LvMao,,,,
,,,,,,,Bilibili Gaming,JD Gaming,red_side,blue_side
Ornn,Sett,Mordekaiser,Renekton,10.4,369,Cube,,,,
Varus,Senna,Elise,RekSai,10.4,Karsa,Chieftain,,,,
Miss Fortune,Aphelios,Pantheon,LeBlanc,10.4,Knight,Zeka,,,,
Kaisa,Gangplank,Kalista,Tristana,10.4,Photic,iBOY,,,,
Xayah,Lucian,Nautilus,Rakan,10.4,yuyanjia,Maestro,,,,
,,,,,,,Top Esports,Vici Gaming,red_side,blue_side
Elise,Sett,Maokai,Kayle,10.4,Cube,369,,,,
RekSai,Ornn,Jarvan IV,Lee Sin,10.4,Chieftain,Karsa,,,,
Senna,Aphelios,LeBlanc,Lissandra,10.4,Zeka,Knight,,,,
Gangplank,Kalista,Varus,Miss Fortune,10.4,iBOY,Photic,,,,
Mordekaiser,Kaisa,Thresh,Nautilus,10.4,Maestro,yuyanjia,,,,
,,,,,,,Vici Gaming,Top Esports,red_side,blue_side
RekSai,Sett,Renekton,Kennen,10.4,Cube,369,,,,
Lee Sin,Ornn,Elise,Olaf,10.4,Chieftain,Karsa,,,,
Senna,Aphelios,Lucian,Zoe,10.4,Zeka,Knight,,,,
Syndra,Blitzcrank,Miss Fortune,Kalista,10.4,iBOY,Photic,,,,
LeBlanc,Varus,Braum,Thresh,10.4,Maestro,yuyanjia,,,,
,,,,,,,Vici Gaming,Top Esports,red_side,blue_side
Senna,Sett,Aatrox,Mordekaiser,10.4,Aliez,Flandre,,,,
Ornn,Zoe,Lee Sin,Pantheon,10.4,As6,Xx,,,,
Azir,Renekton,Neeko,Rumble,10.4,Mole,Maple,,,,
Elise,Thresh,Kalista,Aphelios,10.4,Y4,Light,,,,
Gragas,Leona,Orianna,Nautilus,10.4,clx,Duan,,,,
,,,,,,,Victory Five,LNG Esports,red_side,blue_side
Renekton,Senna,Ornn,Aatrox,10.4,Flandre,Aliez,,,,
Zoe,Sett,Pantheon,RekSai,10.4,Xx,As6,,,,
Elise,Kalista,Rumble,Syndra,10.4,Maple,Mole,,,,
Sylas,Nautilus,Aphelios,LeBlanc,10.4,Light,clx,,,,
Mordekaiser,Thresh,Leona,Bard,10.4,Duan,Y4,,,,
,,,,,,,LNG Esports,Victory Five,red_side,blue_side
Syndra,Senna,Ornn,Aatrox,10.4,Flandre,Aliez,,,,
Elise,Kalista,Jarvan IV,RekSai,10.4,Xx,As6,,,,
LeBlanc,Sett,Zoe,Neeko,10.4,Maple,Mole,,,,
Miss Fortune,Mordekaiser,Aphelios,Pyke,10.4,Asura,Y4,,,,
Cassiopeia,Qiyana,Nautilus,Orianna,10.4,Duan,clx,,,,
,,,,,,,LNG Esports,Victory Five,blue_side,red_side
Lee Sin,Sett,Irelia,Aatrox,10.4,Morgan,GimGoon,,,,
Ornn,Renekton,Sejuani,Jarvan IV,10.4,beishang,Tian,,,,
Senna,Aphelios,Zoe,Kassadin,10.4,Jett,Doinb,,,,
Pantheon,Olaf,Kalista,Varus,10.4,Elk,Lwx,,,,
Rumble,Fiora,Thresh,Tahm Kench,10.4,Missing,Crisp,,,,
,,,,,,,Team WE,Funplus Phoenix,red_side,blue_side
Ornn,Sett,Aatrox,Poppy,10.4,Morgan,GimGoon,,,,
Senna,Renekton,Ekko,Lee Sin,10.4,beishang,Tian,,,,
Kled,Aphelios,Pantheon,Azir,10.4,Jett,Doinb,,,,
Rumble,Kalista,Ezreal,Miss Fortune,10.4,Elk,Lwx,,,,
Sylas,Varus,Leona,Nautilus,10.4,Missing,Crisp,,,,
,,,,,,,Team WE,Funplus Phoenix,red_side,blue_side
RekSai,Olaf,Renekton,Mordekaiser,10.4,Crazy,xiaoxiang,,,,
Sejuani,Sett,Trundle,Jarvan IV,10.4,WeiYan,JunJia,,,,
Ornn,Pantheon,Azir,Zoe,10.4,Ruby,Scout,,,,
Rumble,Elise,Aphelios,Miss Fortune,10.4,ZWuJi,Hope,,,,
Nautilus,Lee Sin,Thresh,Braum,10.4,Ley,meiko,,,,
,,,,,,,Rogue Warriors,Edward Gaming,blue_side,red_side
RekSai,Olaf,Aatrox,Fiora,10.4,Crazy,xiaoxiang,,,,
Sejuani,Sett,Gragas,Jarvan IV,10.4,WeiYan,JunJia,,,,
Ornn,Renekton,Azir,Zoe,10.4,Ruby,Scout,,,,
Rumble,Lee Sin,Aphelios,Miss Fortune,10.4,ZWuJi,Hope,,,,
LeBlanc,Trundle,Thresh,Nautilus,10.4,Ley,meiko,,,,
,,,,,,,Rogue Warriors,Edward Gaming,red_side,blue_side
RekSai,Olaf,Kennen,Aatrox,10.4,Crazy,xiaoxiang,,,,
Sejuani,Sett,Trundle,Jarvan IV,10.4,WeiYan,JunJia,,,,
Ornn,Renekton,Azir,Zoe,10.4,Ruby,Scout,,,,
Fiora,LeBlanc,Aphelios,Miss Fortune,10.4,ZWuJi,Hope,,,,
Rumble,Mordekaiser,Thresh,Nautilus,10.4,Ley,meiko,,,,
,,,,,,,Rogue Warriors,Edward Gaming,blue_side,red_side
Kindred,Sett,Aatrox,Ornn,10.4,Cube,705,,,,
Lee Sin,Senna,Jarvan IV,RekSai,10.4,Chieftain,Kanavi,,,,
Sylas,Elise,Rumble,Zoe,10.4,Zeka,Yagao,,,,
LeBlanc,Braum,Aphelios,Miss Fortune,10.4,iBOY,LokeN,,,,
Olaf,Thresh,Rakan,Leona,10.4,Maestro,LvMao,,,,
,,,,,,,Vici Gaming,JD Gaming,blue_side,red_side
Ornn,Kindred,Renekton,Aatrox,10.4,705,Cube,,,,
Elise,Aphelios,Sylas,Jarvan IV,10.4,Kanavi,Chieftain,,,,
Varus,Sett,Azir,Rumble,10.4,Yagao,Zeka,,,,
Ezreal,Lee Sin,Tahm Kench,KogMaw,10.4,LvMao,iBOY,,,,
Caitlyn,Olaf,Senna,Lulu,10.4,LokeN,Maestro,,,,
,,,,,,,JD Gaming,Vici Gaming,blue_side,red_side
Kindred,Sett,Ornn,Mordekaiser,10.4,Cube,705,,,,
Sylas,Aphelios,Jarvan IV,RekSai,10.4,Chieftain,Kanavi,,,,
Lee Sin,Senna,Galio,LeBlanc,10.4,Zeka,Yagao,,,,
Thresh,Rumble,Miss Fortune,Xayah,10.4,iBOY,LokeN,,,,
Caitlyn,Zoe,Rakan,Nautilus,10.4,Maestro,LvMao,,,,
,,,,,,,Vici Gaming,JD Gaming,red_side,blue_side
Senna,Elise,Ornn,Aatrox,10.4,kingen,Breathe,,,,
LeBlanc,Aphelios,Olaf,Lee Sin,10.4,Meteor,H4cker,,,,
Sett,RekSai,Karma,Syndra,10.4,FoFo,icon,,,,
Zoe,Yuumi,Ezreal,Miss Fortune,10.4,jinjiao,SmLz,,,,
Mordekaiser,Varus,Leona,Nautilus,10.4,XinMo,cold,,,,
,,,,,,,Bilibili Gaming,OMG,blue_side,red_side
Olaf,Sett,Renekton,Quinn,10.4,Breathe,kingen,,,,
Ornn,Senna,Elise,Jarvan IV,10.4,H4cker,Meteor,,,,
RekSai,Aphelios,LeBlanc,Lissandra,10.4,icon,FoFo,,,,
Maokai,Morgana,Caitlyn,Miss Fortune,10.4,SmLz,jinjiao,,,,
Nautilus,Thresh,Tahm Kench,Leona,10.4,cold,XinMo,,,,
,,,,,,,OMG,Bilibili Gaming,blue_side,red_side
LeBlanc,Olaf,Camille,Renekton,10.4,kingen,Breathe,,,,
Senna,Ornn,Elise,Lee Sin,10.4,Meteor,H4cker,,,,
Aphelios,Sett,Varus,Zoe,10.4,FoFo,icon,,,,
Thresh,Pantheon,Miss Fortune,Caitlyn,10.4,jinjiao,SmLz,,,,
Morgana,Qiyana,Nautilus,Tahm Kench,10.4,XinMo,cold,,,,
,,,,,,,Bilibili Gaming,OMG,red_side,blue_side
Zoe,Rumble,Ornn,Mordekaiser,10.4,Xiaobai,Aliez,,,,
Senna,Thresh,RekSai,Jarvan IV,10.4,Wei,As6,,,,
Taliyah,Sett,Azir,LeBlanc,10.4,Cryin,Mole,,,,
Aatrox,Elise,Aphelios,Miss Fortune,10.4,Wink,Y4,,,,
Sylas,Olaf,Nautilus,Leona,10.4,ShiauC,clx,,,,
,,,,,,,eStar,Victory Five,blue_side,red_side
Zoe,Rumble,Ornn,Renekton,10.4,Xiaobai,Aliez,,,,
Senna,Thresh,RekSai,Elise,10.4,Wei,As6,,,,
Taliyah,Olaf,Azir,Lucian,10.4,Cryin,Mole,,,,
Irelia,Nautilus,Aphelios,Kalista,10.4,Wink,Y4,,,,
Pantheon,Morgana,Sett,Leona,10.4,ShiauC,clx,,,,
,,,,,,,eStar,Victory Five,blue_side,red_side
Ornn,Elise,Renekton,Mordekaiser,10.4,369,Lies,,,,
Gragas,Sett,RekSai,Jarvan IV,10.4,Karsa,Peanut,,,,
Olaf,Aphelios,Zoe,Lissandra,10.4,Knight,Yuuki,,,,
LeBlanc,Yuumi,Varus,Nautilus,10.4,Photic,Chance,,,,
Rumble,Leona,Thresh,Senna,10.4,yuyanjia,Kramer,,,,
,,,,,,,Top Esports,LGD Gaming,red_side,blue_side
Elise,Aphelios,Maokai,Gangplank,10.4,Lies,369,,,,
Zoe,Senna,Lee Sin,Jarvan IV,10.4,Peanut,Karsa,,,,
Sett,Gragas,Ornn,Azir,10.4,Yuuki,Knight,,,,
Rumble,Pantheon,Varus,Miss Fortune,10.4,Kramer,Photic,,,,
Sylas,LeBlanc,Thresh,Braum,10.4,Chance,yuyanjia,,,,
,,,,,,,LGD Gaming,Top Esports,blue_side,red_side
Elise,Ornn,Aatrox,Kennen,10.4,Langx,Morgan,,,,
Renekton,Sett,Lee Sin,Jarvan IV,10.4,XLB,beishang,,,,
Senna,RekSai,Sylas,Rumble,10.4,xiaohu,Jett,,,,
Leona,Zoe,Aphelios,Miss Fortune,10.4,Betty,Elk,,,,
Thresh,LeBlanc,Nautilus,Braum,10.4,Ming,Missing,,,,
,,,,,,,Royal Never Give Up,Team WE,blue_side,red_side
Elise,Ornn,Kennen,Aatrox,10.4,Langx,Morgan,,,,
Renekton,Sett,Lee Sin,Gragas,10.4,XLB,beishang,,,,
Senna,RekSai,Syndra,Zoe,10.4,xiaohu,Jett,,,,
Olaf,LeBlanc,Aphelios,Miss Fortune,10.4,Betty,Elk,,,,
Jarvan IV,Sylas,Leona,Nautilus,10.4,Ming,Missing,,,,
,,,,,,,Royal Never Give Up,Team WE,blue_side,red_side
LeBlanc,Pantheon,Mordekaiser,Rumble,10.4,Holder,TheShy,,,,
Senna,Sett,Olaf,Lee Sin,10.4,WeiYan,Ning,,,,
Kalista,Elise,Taliyah,Orianna,10.4,Ruby,RooKie,,,,
Syndra,Irelia,Miss Fortune,Aphelios,10.4,ZWuJi,Puff,,,,
Lucian,Zoe,Nautilus,Thresh,10.4,Ley,Southwind,,,,
,,,,,,,Rogue Warriors,Invictus Gaming,red_side,blue_side
LeBlanc,Pantheon,Renekton,Kennen,10.4,Crazy,TheShy,,,,
Senna,Sett,Olaf,Jarvan IV,10.4,WeiYan,Ning,,,,
Kalista,Elise,Rumble,Syndra,10.4,Ruby,RooKie,,,,
Sylas,Nautilus,Aphelios,Varus,10.4,ZWuJi,Puff,,,,
Quinn,Leona,Blitzcrank,Thresh,10.4,Ley,Southwind,,,,
,,,,,,,Rogue Warriors,Invictus Gaming,blue_side,red_side
LeBlanc,Pantheon,Ornn,Lucian,10.4,Crazy,TheShy,,,,
Senna,Sett,Olaf,Trundle,10.4,WeiYan,Ning,,,,
Kalista,Rumble,Zoe,Neeko,10.4,Ruby,RooKie,,,,
Quinn,Yuumi,Aphelios,Ezreal,10.4,ZWuJi,Puff,,,,
Sylas,Renekton,Thresh,Tahm Kench,10.4,Ley,Southwind,,,,
,,,,,,,Rogue Warriors,Invictus Gaming,red_side,blue_side
Ornn,RekSai,Maokai,Janna,10.4,kingen,Biubiu,,,,
Sett,Elise,Graves,Jarvan IV,10.4,Meteor,SofM,,,,
Olaf,Aphelios,Azir,Kassadin,10.4,FoFo,Angel,,,,
LeBlanc,Qiyana,Nautilus,Miss Fortune,10.4,XinMo,huanfeng,,,,
Zoe,Sejuani,Senna,Leona,10.4,jinjiao,SwordArt,,,,
,,,,,,,Bilibili Gaming,Suning,red_side,blue_side
Sett,RekSai,Maokai,Janna,10.4,kingen,Biubiu,,,,
Ornn,Elise,Sylas,Jarvan IV,10.4,Meteor,SofM,,,,
Olaf,Aphelios,Lucian,Kassadin,10.4,FoFo,Angel,,,,
LeBlanc,Qiyana,Nautilus,Miss Fortune,10.4,XinMo,huanfeng,,,,
Zoe,Gragas,Senna,Leona,10.4,jinjiao,SwordArt,,,,
,,,,,,,Bilibili Gaming,Suning,red_side,blue_side
RekSai,Senna,Mordekaiser,Renekton,10.4,Xiaobai,xiaoxiang,,,,
Jarvan IV,Olaf,Lee Sin,Sejuani,10.4,Wei,JunJia,,,,
Ornn,Sett,Rumble,Sylas,10.4,Cryin,Scout,,,,
Blitzcrank,Quinn,Aphelios,Miss Fortune,10.4,Wink,Hope,,,,
Nautilus,LeBlanc,Thresh,Braum,10.4,ShiauC,meiko,,,,
,,,,,,,eStar,Edward Gaming,red_side,blue_side
RekSai,Olaf,Maokai,Renekton,10.4,Xiaobai,xiaoxiang,,,,
Jarvan IV,Sett,Lee Sin,Sejuani,10.4,Wei,JunJia,,,,
Senna,Ornn,Rumble,Azir,10.4,Cryin,Scout,,,,
Leona,Thresh,Aphelios,Miss Fortune,10.4,Wink,Hope,,,,
Sylas,Mordekaiser,Morgana,Nautilus,10.4,ShiauC,meiko,,,,
,,,,,,,eStar,Edward Gaming,red_side,blue_side
Karma,Sett,Aatrox,Renekton,10.4,Aliez,705,,,,
Ornn,Senna,Elise,Lee Sin,10.4,As6,Kanavi,,,,
LeBlanc,Olaf,Zoe,Syndra,10.4,Mole,Yagao,,,,
Thresh,Kalista,Lucian,Miss Fortune,10.4,Y4,LokeN,,,,
Morgana,Varus,Leona,Nautilus,10.4,clx,LvMao,,,,
,,,,,,,Victory Five,JD Gaming,red_side,blue_side
Sett,Elise,Aatrox,Ornn,10.4,705,Aliez,,,,
Senna,Aphelios,Sylas,Jarvan IV,10.4,Kanavi,As6,,,,
Olaf,Lee Sin,Lucian,Taliyah,10.4,Yagao,Mole,,,,
Kalista,LeBlanc,Miss Fortune,Ezreal,10.4,LokeN,Y4,,,,
Leona,Irelia,Thresh,Tahm Kench,10.4,LvMao,clx,,,,
,,,,,,,JD Gaming,Victory Five,blue_side,red_side
Nautilus,Sett,Aatrox,Renekton,10.4,Natural,GimGoon,,,,
Pantheon,Aphelios,Elise,RekSai,10.4,Xiaopeng,Tian,,,,
Olaf,Ornn,Qiyana,Sylas,10.4,xiye,Doinb,,,,
Thresh,Leona,Miss Fortune,Kalista,10.4,GALA,Lwx,,,,
Rumble,Senna,Alistar,Rakan,10.4,Mark,Crisp,,,,
,,,,,,,Dominus Esports,Funplus Phoenix,red_side,blue_side
Nautilus,Sett,Vladimir,Ornn,10.4,Natural,GimGoon,,,,
Pantheon,Aphelios,Jarvan IV,Lee Sin,10.4,Xiaopeng,Tian,,,,
Olaf,Elise,Sylas,Kassadin,10.4,xiye,Doinb,,,,
Braum,Aatrox,Tahm Kench,Varus,10.4,Mark,Lwx,,,,
Mordekaiser,Rumble,Senna,Yuumi,10.4,GALA,Crisp,,,,
,,,,,,,Dominus Esports,Funplus Phoenix,red_side,blue_side
Ornn,Olaf,Renekton,Mordekaiser,10.4,Morgan,Cube,,,,
Gragas,Sett,Jarvan IV,Lee Sin,10.4,beishang,Aix,,,,
Senna,Pantheon,Rumble,Sylas,10.4,Jett,Zeka,,,,
LeBlanc,Elise,Aphelios,Miss Fortune,10.4,Elk,iBOY,,,,
Zoe,Taliyah,Thresh,Nautilus,10.4,Missing,Hang,,,,
,,,,,,,Team WE,Vici Gaming,blue_side,red_side
Ornn,Sett,Renekton,Aatrox,10.4,Morgan,Cube,,,,
Elise,Aphelios,Ekko,RekSai,10.4,beishang,Chieftain,,,,
Varus,Senna,Pantheon,Zoe,10.4,Jett,Zeka,,,,
Lee Sin,Thresh,Kalista,Miss Fortune,10.4,Elk,iBOY,,,,
Olaf,Leona,Taric,Nautilus,10.4,Missing,Hang,,,,
,,,,,,,Team WE,Vici Gaming,blue_side,red_side
Olaf,Sett,Gangplank,Aatrox,10.4,Breathe,Crazy,,,,
Rumble,Senna,Lee Sin,Elise,10.4,H4cker,Haro,,,,
Pantheon,Ornn,Zoe,Azir,10.4,icon,Ruby,,,,
Renekton,LeBlanc,Aphelios,Miss Fortune,10.4,SmLz,ZWuJi,,,,
Qiyana,Irelia,Nautilus,Leona,10.4,cold,Ley,,,,
,,,,,,,OMG,Rogue Warriors,blue_side,red_side
Zoe,Sett,Renekton,Aatrox,10.4,Crazy,Breathe,,,,
Rumble,Ornn,Lee Sin,Olaf,10.4,WeiYan,H4cker,,,,
Varus,Karthus,LeBlanc,Galio,10.4,Ruby,icon,,,,
Nautilus,Tahm Kench,Vayne,Aphelios,10.4,ZWuJi,SmLz,,,,
Leona,Mordekaiser,Senna,Blitzcrank,10.4,Ley,cold,,,,
,,,,,,,Rogue Warriors,OMG,red_side,blue_side
Elise,Sett,Ornn,Janna,10.4,xiaoxiang,Biubiu,,,,
Senna,Aphelios,Nunu,Olaf,10.4,JunJia,SofM,,,,
Azir,RekSai,Lucian,Lissandra,10.4,Scout,Angel,,,,
Zoe,Trundle,Ezreal,Miss Fortune,10.4,Hope,huanfeng,,,,
Syndra,Jarvan IV,Leona,Braum,10.4,meiko,SwordArt,,,,
,,,,,,,Edward Gaming,Suning,red_side,blue_side
Elise,Sett,Sylas,Ornn,10.4,xiaoxiang,Biubiu,,,,
Senna,Aphelios,Sejuani,Jarvan IV,10.4,JunJia,SofM,,,,
Olaf,RekSai,Qiyana,Azir,10.4,Scout,Angel,,,,
Varus,Fiora,Miss Fortune,Jhin,10.4,Hope,huanfeng,,,,
Kalista,Rumble,Nautilus,Tahm Kench,10.4,meiko,SwordArt,,,,
,,,,,,,Edward Gaming,Suning,red_side,blue_side
Sett,Yuumi,Aatrox,Mordekaiser,10.4,kingen,Flandre,,,,
Ornn,Olaf,Elise,Jarvan IV,10.4,Meteor,Xx,,,,
Pantheon,Lee Sin,Lissandra,LeBlanc,10.4,FoFo,Maple,,,,
Zoe,Qiyana,Aphelios,Tahm Kench,10.4,jinjiao,Duan,,,,
Rumble,Lucian,Nautilus,Senna,10.4,XinMo,Asura,,,,
,,,,,,,Bilibili Gaming,LNG Esports,blue_side,red_side
Yuumi,Sett,Qiyana,Aatrox,10.4,Flandre,kingen,,,,
Olaf,Ornn,Elise,Sejuani,10.4,Xx,Meteor,,,,
Lee Sin,Pantheon,Azir,Sylas,10.4,Maple,FoFo,,,,
Camille,Renekton,Tahm Kench,Aphelios,10.4,Duan,jinjiao,,,,
Irelia,Zoe,Senna,Nautilus,10.4,Asura,XinMo,,,,
,,,,,,,LNG Esports,Bilibili Gaming,blue_side,red_side
Sett,Yuumi,Aatrox,Malphite,10.4,kingen,Flandre,,,,
Ornn,Olaf,RekSai,Poppy,10.4,Meteor,Xx,,,,
Pantheon,Elise,Viktor,Azir,10.4,FoFo,Maple,,,,
Qiyana,Zoe,Aphelios,Tahm Kench,10.4,jinjiao,Duan,,,,
Jarvan IV,LeBlanc,Nautilus,Senna,10.4,XinMo,Asura,,,,
,,,,,,,Bilibili Gaming,LNG Esports,red_side,blue_side
Elise,Rumble,Sett,Ornn,10.4,Xiaobai,Lies,,,,
Gragas,Aphelios,Karthus,Olaf,10.4,Wei,Peanut,,,,
Senna,Cassiopeia,Pantheon,Sylas,10.4,Cryin,Yuuki,,,,
LeBlanc,Lee Sin,Miss Fortune,Lucian,10.4,Wink,Kramer,,,,
Zoe,Taliyah,Thresh,Bard,10.4,ShiauC,killua,,,,
,,,,,,,eStar,LGD Gaming,blue_side,red_side
Rumble,Aphelios,Ornn,Poppy,10.4,Lies,Xiaobai,,,,
Jarvan IV,Elise,Trundle,Lee Sin,10.4,Peanut,Wei,,,,
Sett,Senna,Sylas,LeBlanc,10.4,Yuuki,Cryin,,,,
Mordekaiser,Gragas,Lucian,Miss Fortune,10.4,Kramer,Wink,,,,
Cassiopeia,RekSai,Bard,Thresh,10.4,killua,ShiauC,,,,
,,,,,,,LGD Gaming,eStar,red_side,blue_side
Elise,Sylas,Kalista,Ornn,10.4,TheShy,Cube,,,,
Sett,Aphelios,Olaf,Trundle,10.4,Ning,Chieftain,,,,
Pantheon,Senna,Rumble,Zoe,10.4,RooKie,Zeka,,,,
LeBlanc,Braum,Ezreal,Miss Fortune,10.4,Puff,iBOY,,,,
Nautilus,Varus,Yuumi,Leona,10.4,Southwind,Hang,,,,
,,,,,,,Invictus Gaming,Vici Gaming,blue_side,red_side
Elise,Sylas,Kalista,Kennen,10.4,TheShy,Cube,,,,
Sett,Aphelios,Jarvan IV,RekSai,10.4,Ning,Chieftain,,,,
Pantheon,Senna,Syndra,Ekko,10.4,RooKie,Zeka,,,,
LeBlanc,Braum,Varus,Miss Fortune,10.4,Puff,iBOY,,,,
Ornn,Rumble,Thresh,Nautilus,10.4,Southwind,Hang,,,,
,,,,,,,Invictus Gaming,Vici Gaming,blue_side,red_side
Olaf,Ornn,Mordekaiser,Sett,10.4,Aliez,Morgan,,,,
Varus,Aphelios,Jarvan IV,Gragas,10.4,As6,beishang,,,,
LeBlanc,Tahm Kench,Zoe,Yasuo,10.4,Mole,Jett,,,,
Irelia,Renekton,Galio,Miss Fortune,10.4,clx,Elk,,,,
Pantheon,Kennen,Senna,Nautilus,10.4,Y4,Missing,,,,
,,,,,,,Victory Five,Team WE,red_side,blue_side
Ornn,Olaf,Renekton,Poppy,10.4,Morgan,Aliez,,,,
Lucian,Sett,Lee Sin,Elise,10.4,beishang,As6,,,,
Senna,Sylas,LeBlanc,Zoe,10.4,Jett,Mole,,,,
Aphelios,Jarvan IV,Kalista,Varus,10.4,Elk,Y4,,,,
Miss Fortune,Gragas,Thresh,Braum,10.4,Missing,clx,,,,
,,,,,,,Team WE,Victory Five,blue_side,red_side
LeBlanc,Sett,Ornn,Gangplank,10.4,Langx,Breathe,,,,
Senna,Aphelios,Lee Sin,Jarvan IV,10.4,XLB,H4cker,,,,
Aatrox,Olaf,Corki,Rumble,10.4,xiaohu,icon,,,,
Mordekaiser,Zoe,Kalista,Miss Fortune,10.4,Betty,SmLz,,,,
Leona,Taric,Nautilus,Braum,10.4,Ming,cold,,,,
,,,,,,,Royal Never Give Up,OMG,blue_side,red_side
Olaf,Senna,Irelia,Aatrox,10.4,Breathe,Langx,,,,
RekSai,Sett,Elise,Lee Sin,10.4,H4cker,XLB,,,,
Ornn,LeBlanc,Zoe,Orianna,10.4,icon,xiaohu,,,,
Gangplank,Renekton,Aphelios,Miss Fortune,10.4,SmLz,Betty,,,,
Mordekaiser,Fiora,Nautilus,Leona,10.4,cold,Ming,,,,
,,,,,,,OMG,Royal Never Give Up,blue_side,red_side
LeBlanc,Sett,Ornn,Mordekaiser,10.4,Langx,Breathe,,,,
Senna,Olaf,RekSai,Lee Sin,10.4,XLB,H4cker,,,,
Aatrox,Aphelios,Rumble,Zoe,10.4,xiaohu,icon,,,,
Kalista,Gangplank,Miss Fortune,Varus,10.4,Betty,SmLz,,,,
Caitlyn,Sylas,Nautilus,Leona,10.4,Ming,cold,,,,
,,,,,,,Royal Never Give Up,OMG,blue_side,red_side
Olaf,Aphelios,Renekton,Maokai,10.4,Biubiu,Xiaobai,,,,
Lee Sin,Sett,Gragas,Jarvan IV,10.4,SofM,Wei,,,,
Mordekaiser,Senna,Ornn,Rumble,10.4,Angel,Cryin,,,,
Thresh,RekSai,Ezreal,Miss Fortune,10.4,huanfeng,Wink,,,,
Nautilus,Elise,Yuumi,Bard,10.4,SwordArt,ShiauC,,,,
,,,,,,,Suning,eStar,red_side,blue_side
Senna,Sett,Rumble,Renekton,10.4,Xiaobai,Biubiu,,,,
Ornn,Aphelios,Sejuani,Jarvan IV,10.4,Wei,SofM,,,,
Olaf,Lee Sin,Lucian,Azir,10.4,Cryin,Angel,,,,
Aatrox,Thresh,Kalista,Miss Fortune,10.4,Wink,huanfeng,,,,
LeBlanc,RekSai,Braum,Nautilus,10.4,ShiauC,SwordArt,,,,
,,,,,,,eStar,Suning,red_side,blue_side
Olaf,Aphelios,Aatrox,Maokai,10.4,Biubiu,Xiaobai,,,,
Lee Sin,Senna,Elise,Jarvan IV,10.4,SofM,Wei,,,,
Ornn,Sett,Azir,Rumble,10.4,Angel,Cryin,,,,
Tahm Kench,Leona,Miss Fortune,Varus,10.4,huanfeng,Wink,,,,
Braum,Pantheon,Nautilus,Thresh,10.4,SwordArt,ShiauC,,,,
,,,,,,,Suning,eStar,red_side,blue_side
Mordekaiser,Senna,Renekton,Gnar,10.4,Natural,Lies,,,,
Ornn,Sett,Lee Sin,Gragas,10.4,Xiaopeng,Peanut,,,,
Elise,Olaf,Cassiopeia,Pantheon,10.4,Xiaowei,Yuuki,,,,
Kennen,Ekko,Aphelios,Miss Fortune,10.4,GALA,Kramer,,,,
Yasuo,Nidalee,Nautilus,Thresh,10.4,Mark,Chance,,,,
,,,,,,,Dominus Esports,LGD Gaming,blue_side,red_side
Senna,Ornn,Mordekaiser,Aatrox,10.4,Lies,Natural,,,,
Renekton,Aphelios,Elise,Lee Sin,10.4,Peanut,Xiaopeng,,,,
Olaf,Sett,Qiyana,Lissandra,10.4,Yuuki,Xiaowei,,,,
Cassiopeia,Pantheon,Varus,Miss Fortune,10.4,Kramer,GALA,,,,
Zilean,Irelia,Thresh,Nautilus,10.4,Chance,Mark,,,,
,,,,,,,LGD Gaming,Dominus Esports,red_side,blue_side
Elise,Rumble,Sett,Ornn,10.4,Langx,369,,,,
Senna,Pantheon,Trundle,Sejuani,10.4,XLB,Karsa,,,,
Olaf,Blitzcrank,Sylas,Azir,10.4,xiaohu,Knight,,,,
Irelia,Morgana,Aphelios,Miss Fortune,10.4,Betty,Photic,,,,
Thresh,Braum,Taric,Leona,10.4,Ming,yuyanjia,,,,
,,,,,,,Royal Never Give Up,Top Esports,blue_side,red_side
Elise,Rumble,Sett,Ornn,10.4,Langx,369,,,,
Senna,Pantheon,RekSai,Sejuani,10.4,XLB,Karsa,,,,
Olaf,Miss Fortune,Zoe,Diana,10.4,xiaohu,Knight,,,,
Irelia,Varus,Kaisa,Aphelios,10.4,Betty,Photic,,,,
Viktor,Kalista,Braum,Yuumi,10.4,Ming,yuyanjia,,,,
,,,,,,,Royal Never Give Up,Top Esports,blue_side,red_side
Zoe,Sett,Aatrox,Ornn,10.4,GimGoon,705,,,,
Elise,Senna,Lee Sin,Kindred,10.4,Tian,Kanavi,,,,
Olaf,RekSai,Rumble,Karma,10.4,Doinb,Yagao,,,,
Jarvan IV,Yuumi,Miss Fortune,Aphelios,10.4,Lwx,LokeN,,,,
Azir,Bard,Rakan,Braum,10.4,Crisp,LvMao,,,,
,,,,,,,Funplus Phoenix,JD Gaming,blue_side,red_side
Zoe,Sett,Aatrox,Mordekaiser,10.4,GimGoon,705,,,,
Elise,Senna,Lee Sin,Kindred,10.4,Tian,Kanavi,,,,
Olaf,RekSai,Rumble,Ornn,10.4,Doinb,Yagao,,,,
Karma,Nautilus,Miss Fortune,Aphelios,10.4,Lwx,LokeN,,,,
LeBlanc,Sylas,Blitzcrank,Leona,10.4,Crisp,LvMao,,,,
,,,,,,,Funplus Phoenix,JD Gaming,red_side,blue_side
Senna,Sett,Renekton,Aatrox,10.4,705,GimGoon,,,,
Nautilus,Zoe,Kindred,Gragas,10.4,Kanavi,Tian,,,,
Elise,Ornn,Karma,Sylas,10.4,Yagao,Doinb,,,,
Yasuo,Mordekaiser,Aphelios,Miss Fortune,10.4,LokeN,Lwx,,,,
Pantheon,Thresh,Rakan,Leona,10.4,LvMao,Crisp,,,,
,,,,,,,JD Gaming,Funplus Phoenix,red_side,blue_side
Yuumi,Pantheon,Ornn,Aatrox,10.4,Flandre,Breathe,,,,
Olaf,RekSai,Camille,Lee Sin,10.4,Xx,H4cker,,,,
Varus,Sett,Lissandra,LeBlanc,10.4,Maple,icon,,,,
Mordekaiser,Jarvan IV,Tahm Kench,Aphelios,10.4,Duan,SmLz,,,,
Sylas,Gragas,Senna,Bard,10.4,Asura,cold,,,,
,,,,,,,LNG Esports,OMG,blue_side,red_side
Pantheon,Aphelios,Sett,Janna,10.4,Breathe,Flandre,,,,
Ornn,Yuumi,Lee Sin,Olaf,10.4,H4cker,Xx,,,,
Varus,Senna,Zoe,LeBlanc,10.4,icon,Maple,,,,
Bard,Kalista,Miss Fortune,Ezreal,10.4,SmLz,Asura,,,,
Tahm Kench,Caitlyn,Leona,Alistar,10.4,cold,Duan,,,,
,,,,,,,OMG,LNG Esports,blue_side,red_side
Yuumi,Pantheon,Ornn,Sett,10.4,Flandre,Breathe,,,,
Olaf,Aphelios,RekSai,Lee Sin,10.4,Xx,H4cker,,,,
Varus,Senna,Zoe,Diana,10.4,Maple,icon,,,,
LeBlanc,Jarvan IV,Kalista,Miss Fortune,10.4,Asura,SmLz,,,,
Azir,Camille,Braum,Leona,10.4,Duan,cold,,,,
,,,,,,,LNG Esports,OMG,red_side,blue_side
Gragas,Akali,Aatrox,Jax,10.1,Jinoo,369,,,,
Lucian,Renekton,Lee Sin,Jarvan IV,10.1,Jiejie,Karsa,,,,
Qiyana,Elise,Diana,Zoe,10.1,Scout,Knight,,,,
Gangplank,LeBlanc,Senna,Miss Fortune,10.1,Hope,Photic,,,,
Rumble,Ornn,Leona,Nautilus,10.1,meiko,Qiuqiu,,,,
,,,,,,,Edward Gaming,Top Esports,blue_side,red_side
Renekton,Akali,Mordekaiser,Aatrox,10.1,369,Jinoo,,,,
Miss Fortune,Gragas,RekSai,Lee Sin,10.1,Karsa,Jiejie,,,,
Aphelios,Elise,Orianna,Sylas,10.1,Knight,Scout,,,,
LeBlanc,Zoe,Senna,Lucian,10.1,Photic,Hope,,,,
Rumble,Kennen,Braum,Leona,10.1,Qiuqiu,meiko,,,,
,,,,,,,Top Esports,Edward Gaming,blue_side,red_side
Gragas,Akali,Vladimir,Ornn,10.1,Jinoo,369,,,,
Braum,Renekton,Elise,Lee Sin,10.1,Jiejie,Karsa,,,,
Senna,Miss Fortune,Pantheon,Viktor,10.1,Scout,Knight,,,,
Rumble,Qiyana,Aphelios,Varus,10.1,Hope,Photic,,,,
Mordekaiser,Gangplank,Nautilus,Tahm Kench,10.1,meiko,Qiuqiu,,,,
,,,,,,,Edward Gaming,Top Esports,red_side,blue_side
Aurelion Sol,Akali,Aatrox,Renekton,10.1,Cube,Natural,,,,
Cassiopeia,Mordekaiser,Qiyana,Jarvan IV,10.1,Aix,Xiaopeng,,,,
Elise,Lucian,Rumble,Zilean,10.1,Forge,Xiaowei,,,,
Nidalee,Ornn,Senna,Aphelios,10.1,iBOY,GALA,,,,
Gragas,Irelia,Braum,Leona,10.1,Maestro,Mark,,,,
,,,,,,,Vici Gaming,Dominus Esports,red_side,blue_side
Zilean,Akali,Renekton,Jax,10.1,Cube,Natural,,,,
Aurelion Sol,Mordekaiser,Jarvan IV,Qiyana,10.1,Aix,Xiaopeng,,,,
Aphelios,Irelia,Rumble,Cassiopeia,10.1,Forge,Xiaowei,,,,
RekSai,Thresh,Lucian,Miss Fortune,10.1,iBOY,GALA,,,,
Lee Sin,Ornn,Nautilus,Leona,10.1,Maestro,Mark,,,,
,,,,,,,Vici Gaming,Dominus Esports,blue_side,red_side
LeBlanc,Akali,Kennen,Camille,10.1,Cube,Natural,,,,
Irelia,Mordekaiser,Elise,Qiyana,10.1,Aix,Xiaopeng,,,,
Renekton,Rumble,Lucian,Cassiopeia,10.1,Forge,xiye,,,,
Gragas,Ornn,Miss Fortune,Aphelios,10.1,iBOY,GALA,,,,
Vladimir,Jayce,Leona,Nautilus,10.1,Maestro,Mark,,,,
,,,,,,,Vici Gaming,Dominus Esports,blue_side,red_side
Pantheon,Akali,Aatrox,Renekton,10.1,kingen,Langx,,,,
Senna,Aphelios,Gragas,RekSai,10.1,Meteor,XLB,,,,
Elise,Qiyana,Lucian,Rumble,10.1,FoFo,xiaohu,,,,
Mordekaiser,Zoe,Varus,Miss Fortune,10.1,jinjiao,Betty,,,,
Irelia,LeBlanc,Braum,Rakan,10.1,XinMo,Ming,,,,
,,,,,,,Bilibili Gaming,Royal Never Give Up,red_side,blue_side
Qiyana,Akali,Aatrox,Gangplank,10.1,Langx,kingen,,,,
Rumble,Lucian,Lee Sin,Gragas,10.1,XLB,Meteor,,,,
Elise,Mordekaiser,LeBlanc,Lissandra,10.1,xiaohu,FoFo,,,,
Fiora,Shen,Miss Fortune,Aphelios,10.1,Betty,jinjiao,,,,
Camille,Rakan,Morgana,Leona,10.1,Ming,XinMo,,,,
,,,,,,,Royal Never Give Up,Bilibili Gaming,red_side,blue_side
Rakan,Akali,Aatrox,Mordekaiser,10.1,kingen,Langx,,,,
Lucian,Aphelios,Nocturne,RekSai,10.1,Meteor,XLB,,,,
Elise,Qiyana,Rumble,Sylas,10.1,FoFo,xiaohu,,,,
LeBlanc,Gragas,Senna,Miss Fortune,10.1,jinjiao,Betty,,,,
Zoe,Gangplank,Braum,Leona,10.1,XinMo,Ming,,,,
,,,,,,,Bilibili Gaming,Royal Never Give Up,blue_side,red_side
Elise,Gragas,Sett,Ornn,10.1,Zoom,Morgan,,,,
Lucian,LeBlanc,Nidalee,Olaf,10.1,Kanavi,beishang,,,,
Rumble,Akali,Qiyana,Zoe,10.1,Yagao,Jett,,,,
Thresh,Mordekaiser,Varus,Aphelios,10.1,LokeN,Elk,,,,
Irelia,Taliyah,Braum,Leona,10.1,LvMao,Missing,,,,
,,,,,,,JD Gaming,Team WE,blue_side,red_side
Gragas,Akali,Gangplank,Mordekaiser,10.1,Morgan,Zoom,,,,
Pantheon,Lucian,Qiyana,RekSai,10.1,beishang,Kanavi,,,,
LeBlanc,Rumble,Zoe,Nautilus,10.1,Jett,Yagao,,,,
Lee Sin,Elise,Miss Fortune,Aphelios,10.1,Elk,LokeN,,,,
Jarvan IV,Renekton,Braum,Rakan,10.1,Missing,LvMao,,,,
,,,,,,,Team WE,JD Gaming,red_side,blue_side
Elise,Akali,Sett,Vladimir,10.1,Flandre,369,,,,
Gangplank,Jarvan IV,RekSai,Gragas,10.1,Xx,Karsa,,,,
Qiyana,Olaf,Rumble,Lucian,10.1,Maple,Knight,,,,
Leona,Braum,Aphelios,Miss Fortune,10.1,Asura,Photic,,,,
Mordekaiser,Ornn,Thresh,Nautilus,10.1,Duan,Qiuqiu,,,,
,,,,,,,LNG Esports,Top Esports,red_side,blue_side
Jarvan IV,Akali,Mordekaiser,Ornn,10.1,369,Flandre,,,,
Gragas,Elise,Lee Sin,Olaf,10.1,Karsa,Xx,,,,
Qiyana,Aphelios,Zoe,Rumble,10.1,Knight,Maple,,,,
Nautilus,Gangplank,Senna,Miss Fortune,10.1,Photic,Asura,,,,
Leona,Tahm Kench,Rakan,Braum,10.1,Qiuqiu,Duan,,,,
,,,,,,,Top Esports,LNG Esports,blue_side,red_side
Olaf,Akali,Renekton,Rumble,10.1,Khan,Xiaobai,,,,
Miss Fortune,Lucian,RekSai,Jarvan IV,10.1,Tian,Wei,,,,
Qiyana,Elise,Ryze,Cassiopeia,10.1,Doinb,Cryin,,,,
Tahm Kench,Aatrox,Aphelios,Senna,10.1,Lwx,Wink,,,,
Mordekaiser,Ornn,Nautilus,Thresh,10.1,Crisp,ShiauC,,,,
,,,,,,,Funplus Phoenix,eStar,red_side,blue_side
Olaf,Akali,Fiora,Mordekaiser,10.1,Khan,Xiaobai,,,,
Senna,Lucian,Lee Sin,Qiyana,10.1,Tian,Wei,,,,
Rumble,Elise,Nautilus,Cassiopeia,10.1,Doinb,Cryin,,,,
Thresh,Gangplank,Aphelios,Miss Fortune,10.1,Lwx,Wink,,,,
Gragas,Aatrox,Braum,Leona,10.1,Crisp,ShiauC,,,,
,,,,,,,Funplus Phoenix,eStar,blue_side,red_side
Lucian,Senna,Kennen,Camille,10.1,Xiaobai,Khan,,,,
Elise,Aphelios,Jarvan IV,Qiyana,10.1,Wei,Tian,,,,
Akali,Olaf,Rumble,Mordekaiser,10.1,Cryin,Doinb,,,,
Braum,Cassiopeia,Miss Fortune,Kaisa,10.1,Wink,Lwx,,,,
Tahm Kench,Thresh,Leona,Nautilus,10.1,ShiauC,Crisp,,,,
,,,,,,,eStar,Funplus Phoenix,blue_side,red_side
Irelia,Akali,Aatrox,Mordekaiser,10.1,Crazy,Bin,,,,
Qiyana,Aphelios,Gragas,Lee Sin,10.1,Haro,SofM,,,,
Rumble,Olaf,Ryze,Zoe,10.1,Ruby,Angel,,,,
RekSai,Pantheon,Miss Fortune,Senna,10.1,ZWuJi,WeiWei,,,,
Camille,Renekton,Leona,Tahm Kench,10.1,Ley,SwordArt,,,,
,,,,,,,Rogue Warriors,Suning,blue_side,red_side
Olaf,Akali,Mordekaiser,Renekton,10.1,Bin,Crazy,,,,
Ryze,Aphelios,Lee Sin,Taliyah,10.1,SofM,Haro,,,,
Pantheon,Qiyana,Rumble,Aatrox,10.1,Angel,Ruby,,,,
Braum,RekSai,Miss Fortune,Lucian,10.1,WeiWei,ZWuJi,,,,
Nautilus,Jarvan IV,Leona,Rakan,10.1,SwordArt,Ley,,,,
,,,,,,,Suning,Rogue Warriors,red_side,blue_side
Rumble,Akali,Kennen,Renekton,10.1,Aliez,Jinoo,,,,
Elise,Aphelios,Olaf,Taliyah,10.1,xiaohan,Jiejie,,,,
Qiyana,Zoe,Ryze,Cassiopeia,10.1,Mole,Scout,,,,
Pantheon,LeBlanc,Lucian,Miss Fortune,10.1,Y4,Hope,,,,
Irelia,Mordekaiser,Braum,Leona,10.1,Max,meiko,,,,
,,,,,,,Victory Five,Edward Gaming,red_side,blue_side
Rumble,Akali,LeBlanc,Renekton,10.1,clx,Jinoo,,,,
Qiyana,Aphelios,Lee Sin,Taliyah,10.1,xiaohan,Jiejie,,,,
Elise,Pantheon,Lucian,Lissandra,10.1,Mole,Scout,,,,
Tahm Kench,Mordekaiser,Miss Fortune,Senna,10.1,Y4,Hope,,,,
Thresh,Ornn,Nautilus,Braum,10.1,Max,meiko,,,,
,,,,,,,Victory Five,Edward Gaming,red_side,blue_side
Pantheon,Akali,Kennen,Irelia,10.1,TheShy,Natural,,,,
Elise,Aphelios,Qiyana,Jarvan IV,10.1,Leyan,Bless,,,,
Lucian,Orianna,Ekko,Rumble,10.1,RooKie,xiye,,,,
Rakan,Gragas,Varus,Miss Fortune,10.1,Puff,GALA,,,,
Leona,Renekton,Braum,Nautilus,10.1,Southwind,Mark,,,,
,,,,,,,Invictus Gaming,Dominus Esports,blue_side,red_side
Orianna,Aphelios,Akali,Kennen,10.1,Natural,TheShy,,,,
Elise,Qiyana,Lee Sin,RekSai,10.1,Xiaopeng,Leyan,,,,
Lucian,Pantheon,LeBlanc,Rumble,10.1,xiye,RooKie,,,,
Jarvan IV,Ryze,Varus,Miss Fortune,10.1,GALA,Puff,,,,
Gangplank,Irelia,Leona,Rakan,10.1,Mark,Southwind,,,,
,,,,,,,Dominus Esports,Invictus Gaming,red_side,blue_side
Pantheon,Akali,Ornn,Fiora,10.1,Cube,kingen,,,,
Rumble,Aphelios,Gragas,Elise,10.1,Chieftain,Meteor,,,,
Varus,Lucian,Jayce,Qiyana,10.1,Forge,FoFo,,,,
Irelia,Mordekaiser,Miss Fortune,Senna,10.1,iBOY,jinjiao,,,,
Camille,Nautilus,Leona,Braum,10.1,Maestro,XinMo,,,,
,,,,,,,Vici Gaming,Bilibili Gaming,red_side,blue_side
Irelia,Akali,Camille,Mordekaiser,10.1,kingen,Cube,,,,
Pantheon,Rumble,Qiyana,Elise,10.1,Meteor,Chieftain,,,,
Lucian,Olaf,Orianna,Jayce,10.1,FoFo,Forge,,,,
Nautilus,LeBlanc,Aphelios,Xayah,10.1,jinjiao,iBOY,,,,
Leona,Gragas,Thresh,Rakan,10.1,XinMo,Maestro,,,,
,,,,,,,Bilibili Gaming,Vici Gaming,red_side,blue_side
Rumble,Akali,Ornn,Gangplank,10.1,Cube,kingen,,,,
Pantheon,Aphelios,Elise,Qiyana,10.1,Chieftain,Meteor,,,,
Olaf,Lucian,Irelia,LeBlanc,10.1,Forge,FoFo,,,,
Nautilus,Mordekaiser,Kaisa,Miss Fortune,10.1,iBOY,jinjiao,,,,
Camille,Renekton,Leona,Braum,10.1,Maestro,XinMo,,,,
,,,,,,,Vici Gaming,Bilibili Gaming,red_side,blue_side
Pantheon,Akali,Aatrox,Ornn,10.1,Breathe,Zoom,,,,
Qiyana,Lucian,Jarvan IV,Kindred,10.1,H4cker,Kanavi,,,,
Varus,Rumble,Cassiopeia,LeBlanc,10.1,icon,Yagao,,,,
Miss Fortune,Mordekaiser,Aphelios,Caitlyn,10.1,SmLz,LokeN,,,,
Lee Sin,Irelia,Braum,Nautilus,10.1,cold,LvMao,,,,
,,,,,,,OMG,JD Gaming,red_side,blue_side
Pantheon,Akali,Ornn,Mordekaiser,10.1,Breathe,Zoom,,,,
Qiyana,Lucian,Elise,Lee Sin,10.1,H4cker,Kanavi,,,,
Varus,Rumble,Irelia,LeBlanc,10.1,icon,Yagao,,,,
Ryze,Jarvan IV,Aphelios,Miss Fortune,10.1,SmLz,LokeN,,,,
Gragas,Olaf,Thresh,Leona,10.1,cold,LvMao,,,,
,,,,,,,OMG,JD Gaming,red_side,blue_side
Elise,Akali,Mordekaiser,Gangplank,10.1,Xiaobai,Holder,,,,
Qiyana,Jarvan IV,Olaf,Gragas,10.1,Wei,Haro,,,,
Pantheon,Rumble,Taliyah,Lucian,10.1,Cryin,Wuming,,,,
Renekton,Ryze,Aphelios,Miss Fortune,10.1,Wink,ZWuJi,,,,
Nocturne,LeBlanc,Leona,Nautilus,10.1,ShiauC,Ley,,,,
,,,,,,,eStar,Rogue Warriors,blue_side,red_side
Jarvan IV,Akali,Ornn,Renekton,10.1,Holder,Xiaobai,,,,
Rumble,Aphelios,Taliyah,Qiyana,10.1,Haro,Wei,,,,
Olaf,Elise,Pantheon,Ryze,10.1,Ruby,Cryin,,,,
Gragas,Quinn,Miss Fortune,Senna,10.1,ZWuJi,Wink,,,,
Braum,Mordekaiser,Thresh,Tahm Kench,10.1,Ley,ShiauC,,,,
,,,,,,,Rogue Warriors,eStar,red_side,blue_side
Pantheon,Akali,Renekton,Aatrox,10.1,fearness,Flandre,,,,
Elise,Qiyana,Gragas,Jarvan IV,10.1,Peanut,Xx,,,,
Rumble,Lucian,Irelia,LeBlanc,10.1,Yuuki,Maple,,,,
Mordekaiser,Thresh,Aphelios,Miss Fortune,10.1,Kramer,Asura,,,,
Ornn,Yasuo,Braum,Leona,10.1,Chance,Duan,,,,
,,,,,,,LGD Gaming,LNG Esports,blue_side,red_side
Qiyana,Akali,Aatrox,Renekton,10.1,Flandre,fearness,,,,
Gragas,Aphelios,Jarvan IV,Lee Sin,10.1,Xx,Peanut,,,,
Elise,Pantheon,Zoe,Rumble,10.1,Maple,Yuuki,,,,
Mordekaiser,Ryze,Miss Fortune,Varus,10.1,Asura,Kramer,,,,
Ornn,Orianna,Leona,Braum,10.1,Duan,Chance,,,,
,,,,,,,LNG Esports,LGD Gaming,blue_side,red_side
Pantheon,Akali,Aatrox,Mordekaiser,10.1,fearness,Flandre,,,,
Elise,Qiyana,RekSai,Jarvan IV,10.1,Peanut,Xx,,,,
Rumble,Gragas,LeBlanc,Ryze,10.1,Yuuki,Maple,,,,
Thresh,Fiora,Aphelios,Miss Fortune,10.1,Kramer,Asura,,,,
Lissandra,Lucian,Leona,Braum,10.1,Chance,Duan,,,,
,,,,,,,LGD Gaming,LNG Esports,red_side,blue_side
Pantheon,Aphelios,Aatrox,Ornn,10.1,TheShy,Khan,,,,
Nautilus,Akali,Qiyana,Jarvan IV,10.1,Ning,Tian,,,,
Elise,Lucian,Rumble,Ryze,10.1,RooKie,Doinb,,,,
Gangplank,Varus,Senna,Miss Fortune,10.1,Puff,Lwx,,,,
Mordekaiser,Xayah,Braum,Leona,10.1,Southwind,Crisp,,,,
,,,,,,,Invictus Gaming,Funplus Phoenix,blue_side,red_side
Pantheon,Aphelios,Aatrox,Fiora,10.1,TheShy,Khan,,,,
Nautilus,Akali,Qiyana,Jarvan IV,10.1,Ning,Tian,,,,
Rumble,Lucian,Orianna,Mordekaiser,10.1,RooKie,Doinb,,,,
Ryze,Elise,Varus,Miss Fortune,10.1,Puff,Lwx,,,,
Leona,Gragas,Braum,Thresh,10.1,Southwind,Crisp,,,,
,,,,,,,Invictus Gaming,Funplus Phoenix,red_side,blue_side
Pantheon,Aphelios,Ornn,Mordekaiser,10.1,TheShy,Khan,,,,
Nautilus,Akali,Qiyana,Jarvan IV,10.1,Leyan,Tian,,,,
Rumble,Lucian,Orianna,Diana,10.1,RooKie,Doinb,,,,
Ryze,Gragas,Varus,Miss Fortune,10.1,Puff,Lwx,,,,
Gangplank,Aatrox,Braum,Leona,10.1,Southwind,Crisp,,,,
,,,,,,,Invictus Gaming,Funplus Phoenix,blue_side,red_side
