blue_bans,red_bans,blue_picks,red_picks,patch,blue_roster,red_roster,blue_side,red_side,winner,loser
Akali,Gwen,Camille,Shen,12.4,Bin,shanji,,,,
Tryndamere,Zeri,Volibear,Graves,12.4,Wei,AKi,,,,
Rumble,Jinx,Ahri,Ryze,12.4,xiaohu,Creme,,,,
Xin Zhao,Alistar,Aphelios,Samira,12.4,GALA,Able,,,,
Hecarim,Sett,Leona,Nautilus,12.4,Ming,cold,,,,
,,,,,,,Royal Never Give Up,OMG,blue_side,red_side
Akali,Gwen,Graves,Kennen,12.4,Bin,shanji,,,,
Tryndamere,Jinx,Xin Zhao,Trundle,12.4,Wei,AKi,,,,
Volibear,Zeri,LeBlanc,Sylas,12.4,xiaohu,Creme,,,,
Rumble,Ryze,Aphelios,Samira,12.4,GALA,Able,,,,
Hecarim,Ahri,Alistar,Nautilus,12.4,Ming,cold,,,,
,,,,,,,Royal Never Give Up,OMG,red_side,blue_side
Akali,Gwen,Gnar,Rumble,12.4,Bin,shanji,,,,
Tryndamere,Jinx,Volibear,Nocturne,12.4,Wei,AKi,,,,
Samira,Ahri,Ryze,LeBlanc,12.4,xiaohu,Creme,,,,
Kennen,Camille,Zeri,Tristana,12.4,GALA,Able,,,,
Trundle,Graves,Leona,Nautilus,12.4,Ming,cold,,,,
,,,,,,,Royal Never Give Up,OMG,blue_side,red_side
Akali,Gwen,Jayce,Graves,12.4,Ale,shanji,,,,
Rumble,Ryze,Trundle,Volibear,12.4,Tarzan,AKi,,,,
Tryndamere,Lee Sin,Ahri,Syndra,12.4,Doinb,Creme,,,,
LeBlanc,Karma,Zeri,Jinx,12.4,Light,Able,,,,
Nautilus,Twisted Fate,Rakan,Renata Glasc,12.4,Iwandy,cold,,,,
,,,,,,,LNG Esports,OMG,blue_side,red_side
Akali,Gwen,Camille,Kennen,12.4,Ale,shanji,,,,
Rumble,Ryze,Volibear,Viego,12.4,Tarzan,AKi,,,,
Tryndamere,Lee Sin,Karma,Ahri,12.4,Doinb,Creme,,,,
Nautilus,Jayce,Zeri,Tristana,12.4,Light,Able,,,,
Graves,Rakan,Alistar,Leona,12.4,Iwandy,cold,,,,
,,,,,,,LNG Esports,OMG,red_side,blue_side
Akali,Gwen,Camille,Tryndamere,12.4,Ale,shanji,,,,
Rumble,Ryze,Lee Sin,Viego,12.4,Tarzan,AKi,,,,
Tristana,Zeri,Karma,Ahri,12.4,Doinb,Creme,,,,
Kennen,Tahm Kench,Jinx,Ezreal,12.4,Light,Able,,,,
Leona,Rakan,Nautilus,Sett,12.4,Iwandy,cold,,,,
,,,,,,,LNG Esports,OMG,blue_side,red_side
Sett,Orianna,Gwen,Gnar,12.4,Rich,Zdz,,,,
LeBlanc,Ahri,Hecarim,Graves,12.4,Karsa,Xiaohao,,,,
Zeri,Thresh,Syndra,Ryze,12.4,RooKie,Forge,,,,
Camille,Tahm Kench,Jinx,Aphelios,12.4,Photic,Betty,,,,
Jayce,Rell,Alistar,Nautilus,12.4,Ppgod,Qiuqiu,,,,
,,,,,,,Victory Five,Anyone s Legend,blue_side,red_side
LeBlanc,Orianna,Gnar,Jayce,12.4,Rich,Zdz,,,,
Sett,Ahri,Hecarim,Graves,12.4,Karsa,Xiaohao,,,,
Zeri,Thresh,Syndra,Ryze,12.4,RooKie,Forge,,,,
Twisted Fate,Leona,Miss Fortune,Jinx,12.4,Photic,Betty,,,,
Sylas,Gwen,Rakan,Nautilus,12.4,Ppgod,Qiuqiu,,,,
,,,,,,,Victory Five,Anyone s Legend,blue_side,red_side
Gwen,Akali,Rumble,Jayce,12.4,shanji,Xiaolaohu,,,,
Viego,Zeri,Xin Zhao,Hecarim,12.4,AKi,Clid,,,,
Thresh,Tahm Kench,Vex,Ahri,12.4,Creme,Care,,,,
Fiora,Graves,Jinx,Aphelios,12.4,Able,Lwx,,,,
Jax,Tryndamere,Nautilus,Alistar,12.4,cold,Hang,,,,
,,,,,,,OMG,Funplus Phoenix,red_side,blue_side
Akali,Gwen,Graves,Kennen,12.4,Xiaolaohu,shanji,,,,
Tryndamere,Zeri,Lee Sin,Viego,12.4,Clid,AKi,,,,
Rumble,Jayce,Ahri,Ryze,12.4,Care,Creme,,,,
LeBlanc,Rakan,Jinx,Ezreal,12.4,Lwx,Able,,,,
Vex,Tahm Kench,Alistar,Leona,12.4,Hang,cold,,,,
,,,,,,,Funplus Phoenix,OMG,red_side,blue_side
Akali,Gwen,Camille,Tryndamere,12.4,Xiaolaohu,shanji,,,,
Rumble,Zeri,Hecarim,Poppy,12.4,Clid,AKi,,,,
Viego,Jayce,Ahri,Orianna,12.4,Care,Creme,,,,
Ryze,Fiora,Jinx,Ezreal,12.4,Lwx,Able,,,,
LeBlanc,Jax,Tahm Kench,Leona,12.4,Hang,cold,,,,
,,,,,,,Funplus Phoenix,OMG,blue_side,red_side
Lee Sin,Gwen,Sion,Jayce,12.4,TheShy,369,,,,
Zeri,Twisted Fate,Viego,Trundle,12.4,SofM,Kanavi,,,,
Hecarim,Xayah,Orianna,Ryze,12.4,Angel,Yagao,,,,
Graves,Rakan,Aphelios,Jinx,12.4,huanfeng,Hope,,,,
Gnar,Nautilus,Renata Glasc,Thresh,12.4,ON,Missing,,,,
,,,,,,,Weibo Gaming,JD Gaming,red_side,blue_side
Gwen,Zeri,Kennen,Sion,12.4,369,TheShy,,,,
Twisted Fate,Jayce,Lee Sin,Viego,12.4,Kanavi,SofM,,,,
Rakan,Hecarim,Ryze,Ahri,12.4,Yagao,Angel,,,,
Galio,Alistar,Jinx,Aphelios,12.4,Hope,huanfeng,,,,
Akshan,Leona,Tahm Kench,Nautilus,12.4,Missing,ON,,,,
,,,,,,,JD Gaming,Weibo Gaming,blue_side,red_side
Jayce,Zeri,Gwen,Graves,12.4,Biubiu,Zdz,,,,
Jinx,Volibear,Trundle,Xin Zhao,12.4,beishang,Xiaohao,,,,
Lee Sin,Rakan,Orianna,Ahri,12.4,xiye,Forge,,,,
Gnar,Thresh,Aphelios,Xayah,12.4,Xing,Betty,,,,
Kennen,Tahm Kench,Leona,Sett,12.4,Kedaya,Qiuqiu,,,,
,,,,,,,Team WE,Anyone s Legend,blue_side,red_side
Jayce,Zeri,Gnar,Gwen,12.4,Biubiu,Zdz,,,,
Lee Sin,Rakan,Trundle,Xin Zhao,12.4,beishang,Xiaohao,,,,
Jinx,Volibear,Ahri,Ryze,12.4,xiye,Forge,,,,
LeBlanc,Thresh,Aphelios,Xayah,12.4,Xing,Betty,,,,
Akali,Tahm Kench,Galio,Leona,12.4,Kedaya,Qiuqiu,,,,
,,,,,,,Team WE,Anyone s Legend,blue_side,red_side
Renekton,Gwen,Jayce,Tryndamere,12.4,Breathe,fearness,,,,
Ryze,Zeri,Volibear,Viego,12.4,WeiWei,Kui,,,,
Vex,Jinx,LeBlanc,Galio,12.4,FoFo,Jay,,,,
Camille,Renata Glasc,Aphelios,Ziggs,12.4,Doggo,Eric,,,,
Zoe,Nautilus,Tahm Kench,Leona,12.4,Crisp,jinjiao,,,,
,,,,,,,Bilibili Gaming,LGD Gaming,blue_side,red_side
Renata Glasc,Renekton,Gwen,Gnar,12.4,Garvey,Breathe,,,,
Jayce,Zeri,Volibear,Viego,12.4,Kui,WeiWei,,,,
Akali,Tahm Kench,LeBlanc,Azir,12.4,YeG,FoFo,,,,
Ryze,Rakan,Aphelios,Jinx,12.4,Eric,Doggo,,,,
Vex,Thresh,Nautilus,Leona,12.4,jinjiao,Crisp,,,,
,,,,,,,LGD Gaming,Bilibili Gaming,red_side,blue_side
Tryndamere,Zeri,Graves,Gwen,12.4,Rich,Xiaolaohu,,,,
Thresh,Hecarim,Volibear,Viego,12.4,Karsa,Clid,,,,
Xin Zhao,Lee Sin,Ahri,Sylas,12.4,RooKie,Care,,,,
Vex,Jayce,Miss Fortune,Jinx,12.4,Photic,Lwx,,,,
Tahm Kench,Gnar,Leona,Nautilus,12.4,Ppgod,Hang,,,,
,,,,,,,Victory Five,Funplus Phoenix,blue_side,red_side
Hecarim,Thresh,Gwen,Gnar,12.4,Xiaolaohu,Rich,,,,
Orianna,Xin Zhao,RekSai,Lee Sin,12.4,Clid,Karsa,,,,
Vex,Viego,Twisted Fate,Ahri,12.4,Care,RooKie,,,,
Jinx,Renata Glasc,Zeri,Kaisa,12.4,Lwx,Photic,,,,
Tristana,Alistar,Sett,Nautilus,12.4,Hang,Ppgod,,,,
,,,,,,,Funplus Phoenix,Victory Five,red_side,blue_side
Ryze,Zeri,Graves,Jax,12.4,Flandre,Cube,,,,
Tryndamere,Twisted Fate,Volibear,RekSai,12.4,Jiejie,Leyan,,,,
Hecarim,Tahm Kench,Vex,Viktor,12.4,Scout,Strive,,,,
Xin Zhao,Alistar,Jinx,Kaisa,12.4,Viper,iBOY,,,,
Ahri,Leona,Sett,Nautilus,12.4,meiko,yuyanjia,,,,
,,,,,,,Edward Gaming,Rare Atom,blue_side,red_side
Twisted Fate,Zeri,Renekton,Gnar,12.4,Cube,Flandre,,,,
Ryze,Hecarim,Nidalee,Volibear,12.4,Leyan,Jiejie,,,,
Gwen,Jinx,Corki,LeBlanc,12.4,Strive,Scout,,,,
Rakan,Ahri,Aphelios,Xayah,12.4,iBOY,Viper,,,,
Gragas,Thresh,Tahm Kench,Leona,12.4,yuyanjia,meiko,,,,
,,,,,,,Rare Atom,Edward Gaming,red_side,blue_side
Ahri,Lee Sin,Kennen,Camille,12.4,Aliez,Bin,,,,
Volibear,LeBlanc,Xin Zhao,RekSai,12.4,H4cker,Wei,,,,
Jayce,Gwen,Ryze,Galio,12.4,Cryin,xiaohu,,,,
Hecarim,Thresh,Jinx,Zeri,12.4,Elk,GALA,,,,
Jarvan IV,Tahm Kench,Alistar,Gragas,12.4,ShiauC,Ming,,,,
,,,,,,,Ultra Prime,Royal Never Give Up,red_side,blue_side
Jayce,Lee Sin,Kennen,Gnar,12.4,Aliez,Bin,,,,
Galio,Gwen,Jarvan IV,Volibear,12.4,H4cker,Wei,,,,
Ahri,LeBlanc,Ryze,Orianna,12.4,Cryin,xiaohu,,,,
Renata Glasc,Hecarim,Jinx,Zeri,12.4,Elk,GALA,,,,
Rakan,Xin Zhao,Tahm Kench,Nautilus,12.4,ShiauC,Ming,,,,
,,,,,,,Ultra Prime,Royal Never Give Up,red_side,blue_side
Gwen,Nidalee,Jayce,Sion,12.4,Zika,TheShy,,,,
Lee Sin,Zeri,Kindred,Viego,12.4,XUN,SofM,,,,
Xin Zhao,Hecarim,Ryze,Orianna,12.4,Yuekai,Angel,,,,
Gragas,Nautilus,Jinx,Aphelios,12.4,Wink,huanfeng,,,,
Rakan,Tryndamere,Leona,Thresh,12.4,Ke,ON,,,,
,,,,,,,Invictus Gaming,Weibo Gaming,red_side,blue_side
Gwen,Nidalee,Jayce,Malphite,12.4,Zika,TheShy,,,,
Lee Sin,Zeri,Volibear,Viego,12.4,XUN,SofM,,,,
Xin Zhao,Hecarim,Ahri,Twisted Fate,12.4,Yuekai,Angel,,,,
Tahm Kench,Nautilus,Aphelios,Jinx,12.4,Wink,huanfeng,,,,
Graves,Tryndamere,Yuumi,Renata Glasc,12.4,Ke,ON,,,,
,,,,,,,Invictus Gaming,Weibo Gaming,red_side,blue_side
Renekton,Gwen,Graves,Gnar,12.4,Wayward,Garvey,,,,
Ziggs,Zeri,Lee Sin,Viego,12.4,Tian,Shad0w,,,,
Akali,Jinx,Ahri,Ryze,12.4,Knight,Jay,,,,
Rakan,Jayce,Aphelios,Xayah,12.4,JackeyLove,Eric,,,,
Nautilus,Tryndamere,Sett,Leona,12.4,Mark,jinjiao,,,,
,,,,,,,Top Esports,LGD Gaming,blue_side,red_side
Jayce,Renekton,Gnar,Lucian,12.4,Garvey,Wayward,,,,
Gwen,Ziggs,Lee Sin,Hecarim,12.4,Shad0w,Tian,,,,
Ahri,Zeri,Galio,Ryze,12.4,Jay,Knight,,,,
Graves,Camille,Jinx,Aphelios,12.4,Eric,JackeyLove,,,,
Akali,Viego,Tahm Kench,Renata Glasc,12.4,jinjiao,Mark,,,,
,,,,,,,LGD Gaming,Top Esports,red_side,blue_side
Ryze,Volibear,Gwen,Gnar,12.4,Biubiu,New,,,,
Jayce,Rakan,Xin Zhao,Lee Sin,12.4,beishang,Chieftain,,,,
Jinx,Zeri,Orianna,Akali,12.4,xiye,Ucal,,,,
LeBlanc,Vex,Xayah,Aphelios,12.4,Xing,Puff,,,,
Ahri,Syndra,Leona,Tahm Kench,12.4,Kedaya,Southwind,,,,
,,,,,,,Team WE,TT,blue_side,red_side
Rakan,Gwen,Camille,Renekton,12.4,New,Biubiu,,,,
Volibear,Zeri,Hecarim,Viego,12.4,Moyan,beishang,,,,
Ryze,Xin Zhao,Ahri,LeBlanc,12.4,Ucal,xiye,,,,
Tryndamere,Vex,Jinx,Aphelios,12.4,Puff,Xing,,,,
Graves,Lissandra,Tahm Kench,Thresh,12.4,Southwind,Kedaya,,,,
,,,,,,,TT,Team WE,blue_side,red_side
Jayce,Volibear,Gwen,Gnar,12.4,Biubiu,New,,,,
Hecarim,Rakan,Xin Zhao,Viego,12.4,beishang,Moyan,,,,
Tahm Kench,Zeri,Ahri,Ryze,12.4,xiye,Ucal,,,,
Thresh,Orianna,Aphelios,Jinx,12.4,Xing,Puff,,,,
Camille,Nautilus,Leona,Lulu,12.4,Kedaya,Southwind,,,,
,,,,,,,Team WE,TT,red_side,blue_side
Gwen,Tahm Kench,Sion,Jayce,12.4,369,Cube,,,,
Graves,Thresh,Viego,Volibear,12.4,Kanavi,Leyan,,,,
Ryze,Hecarim,Veigar,Ahri,12.4,Yagao,Strive,,,,
Nautilus,LeBlanc,Zeri,Tristana,12.4,Hope,iBOY,,,,
Tryndamere,Malphite,Alistar,Lulu,12.4,Missing,yuyanjia,,,,
,,,,,,,JD Gaming,Rare Atom,blue_side,red_side
Gwen,Lee Sin,Kennen,Sion,12.4,369,Cube,,,,
Graves,Viego,Xin Zhao,Hecarim,12.4,Kanavi,Leyan,,,,
Ryze,Zeri,Ahri,LeBlanc,12.4,Yagao,Strive,,,,
Orianna,Trundle,Jinx,Kaisa,12.4,Hope,iBOY,,,,
Jayce,Volibear,Tahm Kench,Nautilus,12.4,Missing,yuyanjia,,,,
,,,,,,,JD Gaming,Rare Atom,blue_side,red_side
LeBlanc,Rakan,Gwen,Graves,12.4,Wayward,Zdz,,,,
Jayce,Tryndamere,Hecarim,Viego,12.4,Tian,Xiaohao,,,,
Zeri,Jinx,Ahri,Vex,12.4,Knight,Forge,,,,
Akali,Xin Zhao,Draven,Aphelios,12.4,JackeyLove,Betty,,,,
Ryze,Lee Sin,Nautilus,Sett,12.4,Mark,Qiuqiu,,,,
,,,,,,,Top Esports,Anyone s Legend,blue_side,red_side
Draven,Zeri,Camille,Jax,12.4,Zdz,Wayward,,,,
Tryndamere,LeBlanc,Viego,Xin Zhao,12.4,Xiaohao,Tian,,,,
Renata Glasc,Lee Sin,Ryze,Ahri,12.4,Forge,Knight,,,,
Gwen,Graves,Jinx,Aphelios,12.4,Betty,JackeyLove,,,,
Thresh,Tahm Kench,Leona,Nautilus,12.4,Qiuqiu,Mark,,,,
,,,,,,,Anyone s Legend,Top Esports,red_side,blue_side
Karma,Graves,Gnar,Jayce,12.4,Flandre,Ale,,,,
Galio,Zeri,Jarvan IV,Volibear,12.4,Jiejie,Tarzan,,,,
Twisted Fate,Hecarim,Ryze,Corki,12.4,Scout,Doinb,,,,
Orianna,Lee Sin,Aphelios,Jinx,12.4,Viper,Light,,,,
Thresh,Viego,Rakan,Tahm Kench,12.4,meiko,Iwandy,,,,
,,,,,,,Edward Gaming,LNG Esports,red_side,blue_side
Graves,Karma,Jayce,Tryndamere,12.4,Ale,Flandre,,,,
Lee Sin,Camille,Volibear,Hecarim,12.4,Tarzan,Jiejie,,,,
Gnar,Gwen,Corki,Ryze,12.4,Doinb,Scout,,,,
Malphite,Galio,Zeri,Jinx,12.4,Light,Viper,,,,
Gragas,Twisted Fate,Leona,Renata Glasc,12.4,Iwandy,meiko,,,,
,,,,,,,LNG Esports,Edward Gaming,blue_side,red_side
Nidalee,Zeri,Gwen,Jax,12.4,Xiaolaohu,Zika,,,,
Ryze,Caitlyn,Xin Zhao,Volibear,12.4,Clid,XUN,,,,
Hecarim,Jayce,Vex,Ahri,12.4,Care,Yuekai,,,,
Viego,Rakan,Aphelios,Jinx,12.4,Lwx,Wink,,,,
LeBlanc,Sylas,Thresh,Tahm Kench,12.4,Hang,XinLiu,,,,
,,,,,,,Funplus Phoenix,Invictus Gaming,blue_side,red_side
Jayce,Nidalee,Gnar,Fiora,12.4,Zika,Xiaolaohu,,,,
Xin Zhao,Gwen,Diana,Viego,12.4,XUN,Clid,,,,
Lee Sin,Hecarim,Ryze,Galio,12.4,Yuekai,Care,,,,
Camille,Kindred,Zeri,Jinx,12.4,Wink,Lwx,,,,
Graves,Volibear,Leona,Alistar,12.4,XinLiu,Hang,,,,
,,,,,,,Invictus Gaming,Funplus Phoenix,red_side,blue_side
Ryze,Viego,Akali,Gwen,12.4,Breathe,Aliez,,,,
Twisted Fate,Zeri,Xin Zhao,Lee Sin,12.4,WeiWei,H4cker,,,,
Kennen,Renata Glasc,Azir,LeBlanc,12.4,FoFo,Cryin,,,,
Rakan,Jayce,Jinx,Aphelios,12.4,Uzi,Elk,,,,
Thresh,Galio,Tahm Kench,Nautilus,12.4,Crisp,ShiauC,,,,
,,,,,,,Bilibili Gaming,Ultra Prime,red_side,blue_side
Ryze,Viego,Gwen,Gnar,12.4,Breathe,Aliez,,,,
Twisted Fate,Zeri,Poppy,Lee Sin,12.4,WeiWei,H4cker,,,,
Kennen,Renata Glasc,Azir,LeBlanc,12.4,FoFo,Cryin,,,,
Jayce,Volibear,Jinx,Aphelios,12.4,Uzi,Elk,,,,
Thresh,Hecarim,Tahm Kench,Rakan,12.4,Crisp,ShiauC,,,,
,,,,,,,Bilibili Gaming,Ultra Prime,blue_side,red_side
Ryze,Viego,Jayce,Malphite,12.4,Breathe,Aliez,,,,
Twisted Fate,Zeri,Volibear,Xin Zhao,12.4,WeiWei,H4cker,,,,
LeBlanc,Gwen,Viktor,Orianna,12.4,FoFo,Cryin,,,,
Kennen,Camille,Jinx,Aphelios,12.4,Uzi,Elk,,,,
Syndra,Azir,Renata Glasc,Thresh,12.4,Crisp,ShiauC,,,,
,,,,,,,Bilibili Gaming,Ultra Prime,blue_side,red_side
Orianna,Zeri,Ryze,Gwen,12.4,New,Rich,,,,
Jayce,Hecarim,Lee Sin,RekSai,12.4,Chieftain,XLB,,,,
Galio,Thresh,Lissandra,Ahri,12.4,Ucal,RooKie,,,,
Gnar,Lulu,Aphelios,Jinx,12.4,Puff,Photic,,,,
Kennen,Camille,Nautilus,Tahm Kench,12.4,Southwind,Ppgod,,,,
,,,,,,,TT,Victory Five,red_side,blue_side
Tryndamere,Jayce,Graves,Gwen,12.4,Rich,New,,,,
Thresh,Ahri,Hecarim,Lee Sin,12.4,XLB,Chieftain,,,,
Tahm Kench,LeBlanc,Orianna,Ryze,12.4,RooKie,Ucal,,,,
Renata Glasc,Kennen,Zeri,Jinx,12.4,Photic,Puff,,,,
Lulu,Gnar,Nautilus,Alistar,12.4,Ppgod,Southwind,,,,
,,,,,,,Victory Five,TT,blue_side,red_side
LeBlanc,Gwen,Irelia,Gnar,12.4,Bin,Biubiu,,,,
Xin Zhao,Ryze,Hecarim,Volibear,12.4,Wei,beishang,,,,
Jinx,Zeri,Vex,Ahri,12.4,xiaohu,xiye,,,,
Galio,Nautilus,Aphelios,Xayah,12.4,GALA,Xing,,,,
Jayce,Leona,Tahm Kench,Rakan,12.4,Ming,Kedaya,,,,
,,,,,,,Royal Never Give Up,Team WE,red_side,blue_side
LeBlanc,Gwen,Gnar,Tryndamere,12.4,Bin,Biubiu,,,,
Ahri,Zeri,Xin Zhao,Volibear,12.4,Wei,beishang,,,,
Jayce,Ryze,Orianna,Syndra,12.4,xiaohu,xiye,,,,
Irelia,Nautilus,Jinx,Aphelios,12.4,GALA,Xing,,,,
Camille,Leona,Tahm Kench,Rakan,12.4,Ming,Kedaya,,,,
,,,,,,,Royal Never Give Up,Team WE,red_side,blue_side
Lee Sin,Nidalee,Camille,Jax,12.4,Zika,Wayward,,,,
Draven,Ryze,Hecarim,Viego,12.4,XUN,Tian,,,,
Jayce,Gwen,Ahri,Vex,12.4,Yuekai,Knight,,,,
LeBlanc,Leona,Zeri,Tristana,12.4,Wink,JackeyLove,,,,
Graves,Rakan,Taric,Nautilus,12.4,XinLiu,Mark,,,,
,,,,,,,Invictus Gaming,Top Esports,blue_side,red_side
Nidalee,Zeri,Jayce,Gwen,12.4,Wayward,Zika,,,,
Ahri,Lee Sin,Hecarim,Xin Zhao,12.4,Tian,XUN,,,,
Akali,Ryze,Syndra,LeBlanc,12.4,Knight,Yuekai,,,,
Rakan,Zoe,Jinx,Aphelios,12.4,JackeyLove,Wink,,,,
Vex,Viktor,Renata Glasc,Leona,12.4,Mark,XinLiu,,,,
,,,,,,,Top Esports,Invictus Gaming,blue_side,red_side
Lee Sin,Nidalee,Camille,Fiora,12.4,Zika,Wayward,,,,
Draven,Ahri,Kindred,Viego,12.4,XUN,Tian,,,,
Jayce,Gwen,Galio,Ryze,12.4,Yuekai,Knight,,,,
Xin Zhao,Taric,Zeri,Tristana,12.4,Wink,JackeyLove,,,,
Hecarim,Rakan,Alistar,Renata Glasc,12.4,XinLiu,Mark,,,,
,,,,,,,Invictus Gaming,Top Esports,blue_side,red_side
Nidalee,Twisted Fate,Graves,Jax,12.4,TheShy,Cube,,,,
Zeri,Lee Sin,Hecarim,Volibear,12.4,SofM,Leyan,,,,
Jayce,Gwen,Galio,Ryze,12.4,Angel,Strive,,,,
Tryndamere,Zilean,Jinx,Kaisa,12.4,huanfeng,iBOY,,,,
Nautilus,Ahri,Rakan,Rell,12.4,ON,yuyanjia,,,,
,,,,,,,Weibo Gaming,Rare Atom,red_side,blue_side
Nidalee,Twisted Fate,Gnar,Graves,12.4,TheShy,Cube,,,,
Zeri,Lee Sin,Viego,Hecarim,12.4,SofM,Leyan,,,,
Jayce,Gwen,Orianna,Ryze,12.4,Angel,Strive,,,,
Nautilus,Zilean,Jinx,Kaisa,12.4,huanfeng,iBOY,,,,
Tryndamere,Ahri,Rakan,Leona,12.4,ON,yuyanjia,,,,
,,,,,,,Weibo Gaming,Rare Atom,red_side,blue_side
Ryze,Jinx,Gwen,Jayce,12.4,Breathe,Flandre,,,,
Vex,Caitlyn,Volibear,Viego,12.4,WeiWei,Jiejie,,,,
LeBlanc,Ahri,Galio,Twisted Fate,12.4,FoFo,Scout,,,,
Nautilus,Orianna,Zeri,Kaisa,12.4,Uzi,Viper,,,,
Graves,Sylas,Renata Glasc,Alistar,12.4,Crisp,meiko,,,,
,,,,,,,Bilibili Gaming,Edward Gaming,blue_side,red_side
Viego,Ryze,Gwen,Graves,12.4,Flandre,Breathe,,,,
Galio,Aphelios,Xin Zhao,Hecarim,12.4,Jiejie,WeiWei,,,,
Renata Glasc,Lee Sin,Sylas,Ahri,12.4,Scout,FoFo,,,,
Volibear,LeBlanc,Zeri,Kaisa,12.4,Viper,Uzi,,,,
Jayce,Vex,Leona,Nautilus,12.4,meiko,Crisp,,,,
,,,,,,,Edward Gaming,Bilibili Gaming,blue_side,red_side
Ryze,Aphelios,Tryndamere,Gnar,12.4,Breathe,Flandre,,,,
Vex,Renata Glasc,Lee Sin,Viego,12.4,WeiWei,Jiejie,,,,
LeBlanc,Volibear,Ahri,Twisted Fate,12.4,FoFo,Scout,,,,
Graves,Nautilus,Zeri,Jinx,12.4,Uzi,Viper,,,,
Jayce,Gwen,Alistar,Tahm Kench,12.4,Crisp,meiko,,,,
,,,,,,,Bilibili Gaming,Edward Gaming,red_side,blue_side
Gwen,Tahm Kench,Renekton,Gnar,12.4,fearness,Ale,,,,
Ryze,Zeri,Diana,Lee Sin,12.4,Shad0w,Tarzan,,,,
Twisted Fate,Hecarim,Zoe,Corki,12.4,Jay,Doinb,,,,
Akali,Xin Zhao,Jinx,Aphelios,12.4,Eric,Light,,,,
Jax,Viego,Nautilus,Leona,12.4,jinjiao,Iwandy,,,,
,,,,,,,LGD Gaming,LNG Esports,blue_side,red_side
Lee Sin,Gwen,Jayce,Tryndamere,12.4,Ale,fearness,,,,
Nautilus,Twisted Fate,Xin Zhao,Viego,12.4,Tarzan,Shad0w,,,,
Renekton,Zeri,Karma,Ryze,12.4,Doinb,Jay,,,,
Volibear,Galio,Jinx,Aphelios,12.4,Light,Eric,,,,
Malphite,Akali,Rakan,Tahm Kench,12.4,Iwandy,jinjiao,,,,
,,,,,,,LNG Esports,LGD Gaming,blue_side,red_side
Gwen,Jinx,Camille,Sion,12.4,fearness,Ale,,,,
Ryze,Aphelios,Diana,Lee Sin,12.4,Shad0w,Tarzan,,,,
Tristana,Zeri,Renekton,Karma,12.4,Jay,Doinb,,,,
Twisted Fate,Kaisa,Ezreal,Xayah,12.4,Eric,Light,,,,
Vex,Samira,Nautilus,Rakan,12.4,jinjiao,Iwandy,,,,
,,,,,,,LGD Gaming,LNG Esports,red_side,blue_side
Hecarim,Aphelios,Gnar,Graves,12.4,TheShy,Wayward,,,,
Nautilus,Gwen,Jarvan IV,Viego,12.4,SofM,Tian,,,,
Zeri,Jinx,Ryze,Ahri,12.4,Angel,Knight,,,,
Galio,Akshan,Caitlyn,Tristana,12.4,huanfeng,JackeyLove,,,,
Vex,Lee Sin,Lux,Rakan,12.4,ON,Mark,,,,
,,,,,,,Weibo Gaming,Top Esports,red_side,blue_side
Gwen,Hecarim,Tryndamere,Jayce,12.4,Wayward,TheShy,,,,
Aphelios,Graves,Xin Zhao,Lee Sin,12.4,Tian,SofM,,,,
Viego,Zeri,Veigar,Ahri,12.4,Knight,Angel,,,,
Rakan,Vex,Jinx,Xayah,12.4,JackeyLove,huanfeng,,,,
Malphite,LeBlanc,Nautilus,Leona,12.4,Mark,ON,,,,
,,,,,,,Top Esports,Weibo Gaming,blue_side,red_side
Lee Sin,Nidalee,Jayce,Sion,12.4,Cube,Aliez,,,,
Twisted Fate,Gwen,Hecarim,Xin Zhao,12.4,Leyan,H4cker,,,,
Ryze,Zeri,Lissandra,LeBlanc,12.4,Strive,Cryin,,,,
Kennen,Viktor,Jinx,Aphelios,12.4,iBOY,Elk,,,,
Malphite,Ahri,Tahm Kench,Lulu,12.4,yuyanjia,ShiauC,,,,
,,,,,,,Rare Atom,Ultra Prime,blue_side,red_side
Lee Sin,Nidalee,Gwen,Kennen,12.4,Cube,Aliez,,,,
Twisted Fate,Tahm Kench,Hecarim,Xin Zhao,12.4,Leyan,H4cker,,,,
Ryze,Jayce,Viktor,Syndra,12.4,Strive,Cryin,,,,
Sylas,Ahri,Tristana,Zeri,12.4,iBOY,Elk,,,,
LeBlanc,Vex,Alistar,Rakan,12.4,yuyanjia,ShiauC,,,,
,,,,,,,Rare Atom,Ultra Prime,blue_side,red_side
Tryndamere,Zeri,Graves,Gangplank,12.4,369,New,,,,
Tahm Kench,Viego,Hecarim,Lee Sin,12.4,Kanavi,Chieftain,,,,
Gwen,Viktor,Ryze,Syndra,12.4,Yagao,Ucal,,,,
Galio,Jayce,Aphelios,Jinx,12.4,Hope,Puff,,,,
Twisted Fate,Xin Zhao,Thresh,Lulu,12.4,Missing,Southwind,,,,
,,,,,,,JD Gaming,TT,blue_side,red_side
Tryndamere,Zeri,Graves,Gnar,12.4,369,New,,,,
Gwen,Ryze,Trundle,Xin Zhao,12.4,Kanavi,Chieftain,,,,
Lee Sin,Viktor,Zoe,LeBlanc,12.4,Yagao,Ucal,,,,
Twisted Fate,Jayce,Jinx,Aphelios,12.4,Hope,Puff,,,,
Galio,Ahri,Tahm Kench,Thresh,12.4,Missing,Southwind,,,,
,,,,,,,JD Gaming,TT,blue_side,red_side
Nidalee,Zeri,Gwen,Tryndamere,12.4,Biubiu,Zika,,,,
Ryze,Rakan,Viego,Xin Zhao,12.4,beishang,XUN,,,,
Jayce,Volibear,Akali,Ahri,12.4,xiye,Mole,,,,
Tahm Kench,LeBlanc,Aphelios,Jinx,12.4,Xing,Wink,,,,
Riven,Vex,Leona,Nautilus,12.4,Kedaya,XinLiu,,,,
,,,,,,,Team WE,Invictus Gaming,blue_side,red_side
Nidalee,Zeri,Gnar,Riven,12.4,Biubiu,Zika,,,,
Ryze,Volibear,Xin Zhao,Hecarim,12.4,beishang,XUN,,,,
Jayce,Gwen,Ahri,Vex,12.4,xiye,Mole,,,,
Camille,Akali,Jinx,Aphelios,12.4,Xing,Wink,,,,
Irelia,Kennen,Tahm Kench,Rakan,12.4,Kedaya,XinLiu,,,,
,,,,,,,Team WE,Invictus Gaming,red_side,blue_side
Rakan,Nidalee,Riven,Gnar,12.4,Zika,Biubiu,,,,
Jayce,Gwen,Lee Sin,Xin Zhao,12.4,XUN,beishang,,,,
Volibear,Zeri,Ryze,LeBlanc,12.4,Mole,xiye,,,,
Kennen,Camille,Jinx,Aphelios,12.4,Wink,Xing,,,,
Leona,Tahm Kench,Alistar,Galio,12.4,XinLiu,Kedaya,,,,
,,,,,,,Invictus Gaming,Team WE,red_side,blue_side
Akali,Hecarim,Jayce,Gwen,12.4,Bin,fearness,,,,
LeBlanc,Zeri,Volibear,Xin Zhao,12.4,Wei,Shad0w,,,,
Lee Sin,Ryze,Orianna,Vex,12.4,xiaohu,Jay,,,,
Nautilus,Twisted Fate,Jinx,Aphelios,12.4,GALA,Eric,,,,
Ahri,Viego,Tahm Kench,Rakan,12.4,Ming,jinjiao,,,,
,,,,,,,Royal Never Give Up,LGD Gaming,blue_side,red_side
Hecarim,Akali,Gnar,Gwen,12.4,fearness,Bin,,,,
Ryze,Tahm Kench,Lee Sin,Xin Zhao,12.4,Shad0w,Wei,,,,
Zeri,Jayce,Zoe,Twisted Fate,12.4,Jay,xiaohu,,,,
Vex,Leona,Jinx,Aphelios,12.4,Eric,GALA,,,,
Ahri,LeBlanc,Thresh,Nautilus,12.4,jinjiao,Ming,,,,
,,,,,,,LGD Gaming,Royal Never Give Up,red_side,blue_side
Thresh,Tahm Kench,Renekton,Kennen,12.4,New,Aliez,,,,
LeBlanc,Zeri,Diana,Lee Sin,12.4,Chieftain,H4cker,,,,
Ryze,Gwen,Orianna,Syndra,12.4,Ucal,Cryin,,,,
Leona,Twisted Fate,Jinx,Aphelios,12.4,Puff,Elk,,,,
Ahri,Akali,Alistar,Rakan,12.4,Southwind,ShiauC,,,,
,,,,,,,TT,Ultra Prime,red_side,blue_side
Thresh,Tahm Kench,Gnar,Jayce,12.4,New,Aliez,,,,
Ryze,Zeri,Lee Sin,Hecarim,12.4,Chieftain,H4cker,,,,
RekSai,Gwen,Ahri,LeBlanc,12.4,Ucal,Cryin,,,,
Nautilus,Lissandra,Xayah,Jinx,12.4,Puff,Elk,,,,
Leona,Sylas,Rakan,Alistar,12.4,Southwind,ShiauC,,,,
,,,,,,,TT,Ultra Prime,blue_side,red_side
Thresh,Tahm Kench,Gnar,Camille,12.4,New,Aliez,,,,
Lee Sin,Gwen,Trundle,Xin Zhao,12.4,Chieftain,H4cker,,,,
LeBlanc,Zeri,Ryze,Syndra,12.4,Ucal,Cryin,,,,
Jayce,Volibear,Xayah,Jinx,12.4,Puff,Elk,,,,
Kennen,Jarvan IV,Rakan,Lulu,12.4,Southwind,ShiauC,,,,
,,,,,,,TT,Ultra Prime,red_side,blue_side
Akali,Hecarim,Gnar,Gwen,12.4,Rich,Breathe,,,,
Tryndamere,Lee Sin,Volibear,Viego,12.4,Karsa,WeiWei,,,,
Xin Zhao,Ahri,Ryze,Azir,12.4,RooKie,FoFo,,,,
Kennen,Graves,Jinx,Zeri,12.4,Photic,Doggo,,,,
Jayce,Thresh,Tahm Kench,Renata Glasc,12.4,Ppgod,Crisp,,,,
,,,,,,,Victory Five,Bilibili Gaming,red_side,blue_side
Lee Sin,Renata Glasc,Gwen,Jayce,12.4,Breathe,Rich,,,,
Hecarim,Jinx,Trundle,Volibear,12.4,WeiWei,Karsa,,,,
Ahri,Viego,Zoe,Orianna,12.4,FoFo,RooKie,,,,
Alistar,Xin Zhao,Zeri,Tristana,12.4,Doggo,Photic,,,,
LeBlanc,Poppy,Nautilus,Rell,12.4,Crisp,Ppgod,,,,
,,,,,,,Bilibili Gaming,Victory Five,red_side,blue_side
Renata Glasc,Hecarim,Jayce,Camille,12.4,Rich,Breathe,,,,
Viego,Lee Sin,Vi,Volibear,12.4,Karsa,WeiWei,,,,
Zeri,Jinx,Ahri,LeBlanc,12.4,RooKie,FoFo,,,,
Azir,Xin Zhao,Aphelios,Ezreal,12.4,Photic,Uzi,,,,
Irelia,Jarvan IV,Nautilus,Karma,12.4,Ppgod,Crisp,,,,
,,,,,,,Victory Five,Bilibili Gaming,blue_side,red_side
Viego,Zeri,Tryndamere,Gragas,12.4,Ale,369,,,,
Thresh,Ryze,RekSai,Lee Sin,12.4,Tarzan,Kanavi,,,,
Tahm Kench,Hecarim,Akali,Viktor,12.4,Doinb,Yagao,,,,
Gwen,Leona,Jinx,Aphelios,12.4,Light,Hope,,,,
LeBlanc,Sett,Alistar,Nautilus,12.4,LvMao,Missing,,,,
,,,,,,,LNG Esports,JD Gaming,red_side,blue_side
Viego,Zeri,Tryndamere,Malphite,12.4,Ale,369,,,,
Thresh,Ryze,RekSai,Lee Sin,12.4,Tarzan,Kanavi,,,,
Tahm Kench,Hecarim,Twisted Fate,Viktor,12.4,Doinb,Yagao,,,,
Gwen,Akali,Jinx,Aphelios,12.4,Light,Hope,,,,
Gragas,Leona,Sett,Nautilus,12.4,LvMao,Missing,,,,
,,,,,,,LNG Esports,JD Gaming,red_side,blue_side
Twisted Fate,Zeri,Camille,Gnar,12.4,Zdz,Flandre,,,,
Caitlyn,Xin Zhao,Lee Sin,Hecarim,12.4,Xiaohao,Jiejie,,,,
Ryze,Viego,LeBlanc,Ahri,12.4,Forge,Scout,,,,
Gwen,Tahm Kench,Jinx,Aphelios,12.4,Betty,Viper,,,,
Thresh,Alistar,Leona,Nautilus,12.4,Qiuqiu,meiko,,,,
,,,,,,,Anyone s Legend,Edward Gaming,blue_side,red_side
Gwen,Twisted Fate,Jayce,Graves,12.4,Flandre,Zdz,,,,
Galio,Ryze,Xin Zhao,Lee Sin,12.4,Jiejie,Xiaohao,,,,
Jinx,Viego,Vex,LeBlanc,12.4,Scout,Forge,,,,
Camille,Tahm Kench,Zeri,Aphelios,12.4,Viper,Betty,,,,
Tryndamere,Gnar,Leona,Nautilus,12.4,meiko,Qiuqiu,,,,
,,,,,,,Edward Gaming,Anyone s Legend,blue_side,red_side
Twisted Fate,Zeri,Gnar,Gwen,12.4,Zdz,Flandre,,,,
Caitlyn,Jinx,Viego,Xin Zhao,12.4,Xiaohao,Jiejie,,,,
Ryze,Galio,Ahri,Vex,12.4,Forge,Scout,,,,
Ezreal,Jayce,Aphelios,Jhin,12.4,Betty,Viper,,,,
Xayah,Akali,Sett,Leona,12.4,Qiuqiu,meiko,,,,
,,,,,,,Anyone s Legend,Edward Gaming,blue_side,red_side
Ryze,Lee Sin,Gnar,Gwen,12.4,Xiaolaohu,Biubiu,,,,
Jayce,Thresh,Viego,Xin Zhao,12.4,Clid,beishang,,,,
Zeri,Sylas,Akali,LeBlanc,12.4,Care,xiye,,,,
Ahri,Vex,Jinx,Aphelios,12.4,Lwx,Xing,,,,
Twisted Fate,Zilean,Leona,Rakan,12.4,Hang,Kedaya,,,,
,,,,,,,Funplus Phoenix,Team WE,red_side,blue_side
Rakan,Lee Sin,Gwen,Kennen,12.4,Xiaolaohu,Biubiu,,,,
Xin Zhao,Thresh,Viego,Hecarim,12.4,Clid,beishang,,,,
LeBlanc,Jayce,Vex,Ahri,12.4,Care,xiye,,,,
Ryze,Zilean,Zeri,Jinx,12.4,Lwx,Xing,,,,
Nautilus,Sylas,Leona,Tahm Kench,12.4,Hang,Kedaya,,,,
,,,,,,,Funplus Phoenix,Team WE,blue_side,red_side
Rakan,Lee Sin,Gwen,Gnar,12.4,Xiaolaohu,Biubiu,,,,
Xin Zhao,Thresh,Viego,Hecarim,12.4,Clid,beishang,,,,
LeBlanc,Jayce,Akali,Ahri,12.4,Care,xiye,,,,
Tahm Kench,Zilean,Zeri,Jinx,12.4,Lwx,Xing,,,,
Ryze,Sylas,Leona,Alistar,12.4,Hang,Kedaya,,,,
,,,,,,,Funplus Phoenix,Team WE,blue_side,red_side
Lee Sin,Zeri,Graves,Viego,12.4,Wayward,Ale,,,,
Caitlyn,Gwen,Xin Zhao,Volibear,12.4,Tian,Tarzan,,,,
Tryndamere,Nautilus,Ahri,Akali,12.4,Knight,Doinb,,,,
Ryze,Trundle,Jinx,Aphelios,12.4,JackeyLove,Light,,,,
Camille,Vex,Tahm Kench,Thresh,12.4,Mark,LvMao,,,,
,,,,,,,Top Esports,LNG Esports,red_side,blue_side
Lee Sin,Zeri,Graves,Irelia,12.4,Wayward,Ale,,,,
Akali,Gwen,Viego,Volibear,12.4,Tian,Tarzan,,,,
Tryndamere,Nautilus,Ryze,Karma,12.4,Knight,Doinb,,,,
Galio,Jarvan IV,Jinx,Caitlyn,12.4,JackeyLove,Light,,,,
Twisted Fate,Hecarim,Leona,Lux,12.4,Mark,LvMao,,,,
,,,,,,,Top Esports,LNG Esports,blue_side,red_side
Akali,Zeri,Graves,Viego,12.4,Wayward,Ale,,,,
Tryndamere,Gwen,Xin Zhao,Volibear,12.4,Tian,Tarzan,,,,
Lee Sin,Nautilus,Ryze,Galio,12.4,Knight,Doinb,,,,
Irelia,Leona,Jinx,Aphelios,12.4,JackeyLove,Light,,,,
Camille,Hecarim,Rakan,Thresh,12.4,Mark,LvMao,,,,
,,,,,,,Top Esports,LNG Esports,blue_side,red_side
Nidalee,Zeri,Kennen,Graves,12.4,shanji,Cube,,,,
Xin Zhao,Nautilus,Viego,Volibear,12.4,AKi,Leyan,,,,
Gwen,Hecarim,Akali,Ryze,12.4,Creme,Strive,,,,
Thresh,Tahm Kench,Jinx,Aphelios,12.4,Able,iBOY,,,,
Jayce,Leona,Alistar,Rakan,12.4,cold,yuyanjia,,,,
,,,,,,,OMG,Rare Atom,red_side,blue_side
Gwen,Zeri,Sylas,Gnar,12.4,shanji,Cube,,,,
Graves,Nautilus,Xin Zhao,Volibear,12.4,AKi,Leyan,,,,
Ryze,Hecarim,Orianna,Ahri,12.4,Creme,Strive,,,,
Rakan,Vex,Jinx,Aphelios,12.4,Able,iBOY,,,,
Twisted Fate,Akali,Tahm Kench,Thresh,12.4,cold,yuyanjia,,,,
,,,,,,,OMG,Rare Atom,blue_side,red_side
Gwen,Zeri,Tryndamere,Gnar,12.4,shanji,Cube,,,,
Ryze,Nautilus,Volibear,Xin Zhao,12.4,AKi,Leyan,,,,
Graves,Hecarim,Akali,Orianna,12.4,Creme,Strive,,,,
Jayce,LeBlanc,Jinx,Aphelios,12.4,Able,iBOY,,,,
Jax,Vex,Tahm Kench,Rakan,12.4,cold,yuyanjia,,,,
,,,,,,,OMG,Rare Atom,blue_side,red_side
Twisted Fate,Zeri,Gnar,Gwen,12.4,Rich,Aliez,,,,
Ryze,Ahri,Hecarim,Lee Sin,12.4,Karsa,H4cker,,,,
Thresh,Vex,Orianna,Viktor,12.4,RooKie,Cryin,,,,
LeBlanc,Jayce,Ezreal,Jinx,12.4,Photic,Elk,,,,
Kennen,Irelia,Karma,Nautilus,12.4,Ppgod,ShiauC,,,,
,,,,,,,Victory Five,Ultra Prime,blue_side,red_side
Ahri,Thresh,Gwen,Gragas,12.4,zs,Rich,,,,
Vex,Jinx,RekSai,Lee Sin,12.4,H4cker,Karsa,,,,
Karma,Hecarim,Ryze,Orianna,12.4,Cryin,RooKie,,,,
Tristana,Xin Zhao,Zeri,Draven,12.4,Elk,Photic,,,,
Kaisa,Volibear,Alistar,Nautilus,12.4,ShiauC,Ppgod,,,,
,,,,,,,Ultra Prime,Victory Five,red_side,blue_side
Twisted Fate,Gwen,Gnar,Sylas,12.4,Bin,xiaoxiang,,,,
Caitlyn,Ryze,Xin Zhao,Hecarim,12.4,Wei,Jiejie,,,,
Jinx,Leona,Galio,Vex,12.4,xiaohu,Scout,,,,
Kennen,Viego,Zeri,Kaisa,12.4,GALA,Viper,,,,
Ahri,Lee Sin,Alistar,Nautilus,12.4,Ming,meiko,,,,
,,,,,,,Royal Never Give Up,Edward Gaming,blue_side,red_side
Twisted Fate,Gwen,Gnar,Camille,12.4,Bin,xiaoxiang,,,,
Caitlyn,Alistar,Viego,Hecarim,12.4,Wei,Jiejie,,,,
Jinx,Leona,Ryze,Galio,12.4,xiaohu,Scout,,,,
Aphelios,Xin Zhao,Zeri,Tristana,12.4,GALA,Viper,,,,
Kaisa,Olaf,Sett,Nautilus,12.4,Ming,meiko,,,,
,,,,,,,Royal Never Give Up,Edward Gaming,red_side,blue_side
Twisted Fate,Gwen,Gnar,Sylas,12.4,Bin,xiaoxiang,,,,
Hecarim,Leona,Xin Zhao,Lee Sin,12.4,Wei,Jiejie,,,,
Zeri,Tahm Kench,Vex,Ahri,12.4,xiaohu,Scout,,,,
Volibear,Ryze,Jinx,Aphelios,12.4,GALA,Viper,,,,
Trundle,Galio,Alistar,Nautilus,12.4,Ming,meiko,,,,
,,,,,,,Royal Never Give Up,Edward Gaming,blue_side,red_side
Lee Sin,Nidalee,Camille,Renekton,12.4,Zika,Zdz,,,,
Akali,Gwen,Hecarim,Viego,12.4,XUN,Xiaohao,,,,
Xin Zhao,Ryze,LeBlanc,Ahri,12.4,Mole,Forge,,,,
Jax,Galio,Draven,Zeri,12.4,Wink,Betty,,,,
Kennen,Vex,Nautilus,Sett,12.4,XinLiu,Qiuqiu,,,,
,,,,,,,Invictus Gaming,Anyone s Legend,red_side,blue_side
Lee Sin,Nidalee,Jax,Kennen,12.4,Zika,Zdz,,,,
Akali,Gwen,Hecarim,Xin Zhao,12.4,XUN,Xiaohao,,,,
Zeri,Ryze,Sylas,Twisted Fate,12.4,Mole,Forge,,,,
Ahri,Jayce,Aphelios,Jinx,12.4,Wink,Betty,,,,
LeBlanc,Camille,Tahm Kench,Lulu,12.4,XinLiu,Qiuqiu,,,,
,,,,,,,Invictus Gaming,Anyone s Legend,red_side,blue_side
Ryze,Gwen,Graves,Akali,12.4,TheShy,fearness,,,,
Hecarim,Zeri,Viego,Lee Sin,12.4,SofM,Shad0w,,,,
Tahm Kench,Twisted Fate,Zilean,Vex,12.4,Angel,Jay,,,,
Camille,No ban,Jinx,Aphelios,12.4,huanfeng,Eric,,,,
LeBlanc,Gnar,Nautilus,Leona,12.4,SwordArt,jinjiao,,,,
,,,,,,,Weibo Gaming,LGD Gaming,blue_side,red_side
Ryze,Gwen,Gnar,Tryndamere,12.4,TheShy,fearness,,,,
Hecarim,Zeri,Xin Zhao,Lee Sin,12.4,SofM,Shad0w,,,,
Tahm Kench,Twisted Fate,Zilean,Ahri,12.4,Angel,Jay,,,,
Camille,Vex,Jinx,Aphelios,12.4,huanfeng,Eric,,,,
Jayce,Azir,Thresh,Nautilus,12.4,SwordArt,jinjiao,,,,
,,,,,,,Weibo Gaming,LGD Gaming,red_side,blue_side
Ryze,Gwen,Jayce,Tryndamere,12.4,TheShy,fearness,,,,
Hecarim,Zeri,Lee Sin,Viego,12.4,SofM,Shad0w,,,,
Nautilus,Graves,Twisted Fate,Ahri,12.4,Angel,Jay,,,,
Camille,Vex,Jinx,Aphelios,12.4,huanfeng,Eric,,,,
Malphite,Gnar,Thresh,Tahm Kench,12.4,SwordArt,jinjiao,,,,
,,,,,,,Weibo Gaming,LGD Gaming,blue_side,red_side
Renata Glasc,Lee Sin,Gnar,Riven,12.4,Xiaolaohu,Breathe,,,,
Akali,Gwen,Xin Zhao,Viego,12.4,Clid,WeiWei,,,,
Zeri,Jinx,Ahri,Azir,12.4,Care,FoFo,,,,
Vex,Thresh,Aphelios,Ziggs,12.4,Lwx,Doggo,,,,
Zoe,Jayce,Rakan,Leona,12.4,Hang,Crisp,,,,
,,,,,,,Funplus Phoenix,Bilibili Gaming,red_side,blue_side
Lee Sin,Akali,Camille,Fiora,12.4,Breathe,Xiaolaohu,,,,
Gwen,Renata Glasc,Volibear,Viego,12.4,WeiWei,Clid,,,,
Zeri,Azir,Ahri,Sylas,12.4,FoFo,Care,,,,
Thresh,Zoe,Jinx,Aphelios,12.4,Doggo,Lwx,,,,
Jayce,Ryze,Tahm Kench,Rakan,12.4,Crisp,Hang,,,,
,,,,,,,Bilibili Gaming,Funplus Phoenix,red_side,blue_side
Akali,Lee Sin,Graves,Jax,12.4,Xiaolaohu,Breathe,,,,
Viego,Gwen,Xin Zhao,Trundle,12.4,Clid,WeiWei,,,,
Renata Glasc,Jayce,Ahri,Ryze,12.4,Care,FoFo,,,,
Tryndamere,Vex,Jinx,Zeri,12.4,Lwx,Doggo,,,,
Orianna,Galio,Nautilus,Leona,12.4,Hang,Crisp,,,,
,,,,,,,Funplus Phoenix,Bilibili Gaming,blue_side,red_side
Volibear,Zeri,Gwen,Akali,12.4,New,Ale,,,,
Caitlyn,Renekton,Lee Sin,Hecarim,12.4,Chieftain,Tarzan,,,,
Aphelios,Jinx,Ryze,Viktor,12.4,Ucal,Doinb,,,,
Galio,Leona,Vayne,Xayah,12.4,Puff,Light,,,,
Orianna,Karma,Lulu,Rakan,12.4,Southwind,LvMao,,,,
,,,,,,,TT,LNG Esports,red_side,blue_side
Volibear,Zeri,Gwen,Kennen,12.4,New,Ale,,,,
Caitlyn,Renekton,Lee Sin,Hecarim,12.4,Chieftain,Tarzan,,,,
Ryze,Tahm Kench,Zoe,Orianna,12.4,Ucal,Doinb,,,,
Jayce,Sylas,Jinx,Aphelios,12.4,Puff,Light,,,,
Akali,Nautilus,Alistar,Thresh,12.4,Southwind,LvMao,,,,
,,,,,,,TT,LNG Esports,blue_side,red_side
Volibear,Zeri,Gragas,Fiora,12.4,New,Ale,,,,
Caitlyn,Tahm Kench,Xin Zhao,Lee Sin,12.4,Chieftain,Tarzan,,,,
Ryze,Zoe,Ahri,Twisted Fate,12.4,Ucal,Doinb,,,,
Camille,Gwen,Jinx,Aphelios,12.4,Puff,Light,,,,
Vex,Sylas,Thresh,Nautilus,12.4,Southwind,LvMao,,,,
,,,,,,,TT,LNG Esports,red_side,blue_side
Viego,Lee Sin,Gwen,Kennen,12.4,Rich,369,,,,
Jayce,Zeri,Volibear,Trundle,12.4,Karsa,Kanavi,,,,
Tahm Kench,Hecarim,Galio,Ryze,12.4,RooKie,Yagao,,,,
Jarvan IV,Orianna,Aphelios,Jinx,12.4,Photic,Hope,,,,
Zoe,Ahri,Nautilus,Thresh,12.4,Ppgod,Missing,,,,
,,,,,,,Victory Five,JD Gaming,red_side,blue_side
Viego,Lee Sin,Gwen,Kennen,12.4,Rich,369,,,,
Jayce,Zeri,Xin Zhao,Volibear,12.4,Karsa,Kanavi,,,,
Tahm Kench,Hecarim,LeBlanc,Viktor,12.4,RooKie,Yagao,,,,
Jarvan IV,Orianna,Aphelios,Jinx,12.4,Photic,Hope,,,,
Ryze,Ahri,Nautilus,Thresh,12.4,Ppgod,Missing,,,,
,,,,,,,Victory Five,JD Gaming,red_side,blue_side
Gwen,Camille,Kennen,Graves,12.4,Bin,TheShy,,,,
Jayce,Ryze,Hecarim,Lee Sin,12.4,Wei,SofM,,,,
Twisted Fate,Nautilus,LeBlanc,Ahri,12.4,xiaohu,Angel,,,,
Orianna,Vex,Zeri,Jinx,12.4,GALA,huanfeng,,,,
Gragas,Gnar,Leona,Tahm Kench,12.4,Ming,ON,,,,
,,,,,,,Royal Never Give Up,Weibo Gaming,blue_side,red_side
Gwen,Camille,Gnar,Akshan,12.4,Bin,TheShy,,,,
Jayce,Ryze,Hecarim,Viego,12.4,Wei,SofM,,,,
Twisted Fate,Zeri,Orianna,Ahri,12.4,xiaohu,Angel,,,,
Lee Sin,Lulu,Jinx,Xayah,12.4,GALA,huanfeng,,,,
Xin Zhao,Leona,Tahm Kench,Rakan,12.4,Ming,ON,,,,
,,,,,,,Royal Never Give Up,Weibo Gaming,blue_side,red_side
Twisted Fate,Ryze,Renekton,Gnar,12.4,fearness,xiaoxiang,,,,
Karma,Tahm Kench,Diana,Hecarim,12.4,Shad0w,Jiejie,,,,
Jayce,Gwen,Ahri,Vex,12.4,Jay,Scout,,,,
Tristana,Leona,Zeri,Kaisa,12.4,Eric,Viper,,,,
Jinx,Tryndamere,Rakan,Nautilus,12.4,jinjiao,meiko,,,,
,,,,,,,LGD Gaming,Edward Gaming,red_side,blue_side
Twisted Fate,Ryze,Akali,Renekton,12.4,fearness,xiaoxiang,,,,
Nautilus,Tahm Kench,Xin Zhao,Hecarim,12.4,Shad0w,Jiejie,,,,
Jayce,Gwen,LeBlanc,Ahri,12.4,Jay,Scout,,,,
Tristana,Sylas,Zeri,Aphelios,12.4,Eric,Viper,,,,
Kaisa,Vex,Renata Glasc,Leona,12.4,jinjiao,meiko,,,,
,,,,,,,LGD Gaming,Edward Gaming,red_side,blue_side
Ryze,Akali,Tryndamere,Gnar,12.4,Breathe,Wayward,,,,
Lee Sin,Renata Glasc,Viego,Hecarim,12.4,WeiWei,Tian,,,,
Ahri,Gwen,Zoe,Syndra,12.4,FoFo,Knight,,,,
Jax,Orianna,Zeri,Jinx,12.4,Doggo,JackeyLove,,,,
Vex,LeBlanc,Leona,Nautilus,12.4,Crisp,Mark,,,,
,,,,,,,Bilibili Gaming,Top Esports,blue_side,red_side
Akali,Zeri,Gwen,Gnar,12.4,Wayward,Breathe,,,,
Renata Glasc,Lee Sin,Trundle,Xin Zhao,12.4,Tian,WeiWei,,,,
Viego,Hecarim,Vex,Ahri,12.4,Knight,FoFo,,,,
Jayce,Ryze,Jinx,Aphelios,12.4,JackeyLove,Doggo,,,,
Thresh,Syndra,Nautilus,Rakan,12.4,Mark,Crisp,,,,
,,,,,,,Top Esports,Bilibili Gaming,blue_side,red_side
Akali,Zeri,Graves,Fiora,12.4,Wayward,Breathe,,,,
Renata Glasc,Lee Sin,Trundle,Xin Zhao,12.4,Tian,WeiWei,,,,
Viego,Gwen,Ryze,Orianna,12.4,Knight,FoFo,,,,
Rakan,Tahm Kench,Jinx,Aphelios,12.4,JackeyLove,Doggo,,,,
Tryndamere,Thresh,Nautilus,Leona,12.4,Mark,Crisp,,,,
,,,,,,,Top Esports,Bilibili Gaming,blue_side,red_side
Jayce,Twisted Fate,Gnar,Gwen,12.4,Aliez,369,,,,
Viego,Ryze,Lee Sin,Hecarim,12.4,H4cker,Kanavi,,,,
RekSai,Zeri,Orianna,Ahri,12.4,Cryin,Yagao,,,,
Lucian,Kennen,Jinx,Aphelios,12.4,Elk,Hope,,,,
Veigar,LeBlanc,Thresh,Tahm Kench,12.4,ShiauC,Missing,,,,
,,,,,,,Ultra Prime,JD Gaming,red_side,blue_side
Jayce,Ryze,Gnar,Gwen,12.4,Aliez,369,,,,
Viego,Zeri,Xin Zhao,Volibear,12.4,H4cker,Kanavi,,,,
Tahm Kench,Hecarim,Orianna,Zoe,12.4,Cryin,Yagao,,,,
Ahri,Kennen,Jinx,Aphelios,12.4,Elk,Hope,,,,
Lee Sin,Syndra,Nautilus,Thresh,12.4,ShiauC,Missing,,,,
,,,,,,,Ultra Prime,JD Gaming,red_side,blue_side
Twisted Fate,Zeri,Irelia,Jayce,12.4,Zika,fearness,,,,
Ornn,Gwen,Xin Zhao,Hecarim,12.4,XUN,Shad0w,,,,
Renekton,Caitlyn,Ryze,Veigar,12.4,Yuekai,Jay,,,,
Orianna,Tryndamere,Jinx,Aphelios,12.4,Wink,Eric,,,,
Viktor,Camille,Tahm Kench,Thresh,12.4,XinLiu,jinjiao,,,,
,,,,,,,Invictus Gaming,LGD Gaming,blue_side,red_side
Twisted Fate,Zeri,Jayce,Malphite,12.4,Zika,fearness,,,,
Ornn,Gwen,Hecarim,Viego,12.4,XUN,Shad0w,,,,
Renekton,Ryze,LeBlanc,Vex,12.4,Yuekai,Jay,,,,
Xin Zhao,No ban,Karma,Jinx,12.4,XinLiu,Eric,,,,
Lee Sin,Yuumi,Senna,Tahm Kench,12.4,Wink,jinjiao,,,,
,,,,,,,Invictus Gaming,LGD Gaming,red_side,blue_side
Twisted Fate,Zeri,Tryndamere,Camille,12.4,Zika,fearness,,,,
Ornn,Gwen,Xin Zhao,Lee Sin,12.4,XUN,Shad0w,,,,
Hecarim,Renekton,Ryze,Galio,12.4,Yuekai,Jay,,,,
LeBlanc,Yuumi,Aphelios,Jinx,12.4,Wink,Eric,,,,
Malphite,Lulu,Rakan,Tahm Kench,12.4,XinLiu,jinjiao,,,,
,,,,,,,Invictus Gaming,LGD Gaming,red_side,blue_side
Nidalee,Zeri,Gnar,Gwen,12.4,Biubiu,Cube,,,,
Viktor,Hecarim,Viego,Xin Zhao,12.4,View,Leyan,,,,
Orianna,Caitlyn,Corki,LeBlanc,12.4,xiye,Strive,,,,
Ryze,Jayce,Aphelios,Jinx,12.4,Stay,iBOY,,,,
Rakan,Akali,Leona,Nautilus,12.4,Kedaya,yuyanjia,,,,
,,,,,,,Team WE,Rare Atom,red_side,blue_side
Nidalee,Zeri,Gnar,Gwen,12.4,Biubiu,Cube,,,,
LeBlanc,Hecarim,Volibear,Xin Zhao,12.4,beishang,Leyan,,,,
Viktor,Caitlyn,Ryze,Orianna,12.4,xiye,Strive,,,,
Nautilus,Jayce,Aphelios,Jinx,12.4,Stay,iBOY,,,,
Corki,Akali,Karma,Rakan,12.4,Kedaya,yuyanjia,,,,
,,,,,,,Team WE,Rare Atom,red_side,blue_side
Hecarim,Zeri,Gwen,Gnar,12.2,Ale,Rich,,,,
Lee Sin,Camille,Xin Zhao,Volibear,12.2,Tarzan,Karsa,,,,
Nautilus,Caitlyn,Ryze,Galio,12.2,Doinb,RooKie,,,,
Trundle,Rakan,Aphelios,Jinx,12.2,Light,Photic,,,,
Orianna,Leona,Lulu,Thresh,12.2,LvMao,Ppgod,,,,
,,,,,,,LNG Esports,Victory Five,red_side,blue_side
Hecarim,Zeri,Gwen,Jayce,12.2,Ale,Rich,,,,
Lee Sin,Camille,Xin Zhao,Skarner,12.2,Tarzan,Karsa,,,,
Gnar,Twisted Fate,Ryze,Orianna,12.2,Doinb,RooKie,,,,
Trundle,Rakan,Aphelios,Jinx,12.2,Light,Photic,,,,
Corki,Lulu,Nautilus,Tahm Kench,12.2,LvMao,Ppgod,,,,
,,,,,,,LNG Esports,Victory Five,red_side,blue_side
Gwen,Corki,Jayce,Irelia,12.2,369,Breathe,,,,
Orianna,Zeri,Viego,Xin Zhao,12.2,Kanavi,WeiWei,,,,
LeBlanc,Ryze,Viktor,Akali,12.2,Yagao,FoFo,,,,
Tahm Kench,Kennen,Aphelios,Jinx,12.2,Hope,Doggo,,,,
Malphite,Rakan,Nautilus,Leona,12.2,Missing,Crisp,,,,
,,,,,,,JD Gaming,Bilibili Gaming,red_side,blue_side
Corki,Zeri,Gnar,Lucian,12.2,Breathe,369,,,,
Ryze,Akali,Xin Zhao,Viego,12.2,WeiWei,Kanavi,,,,
Jayce,Gwen,Orianna,Viktor,12.2,FoFo,Yagao,,,,
Kennen,Rakan,Jinx,Aphelios,12.2,Doggo,Hope,,,,
Sion,Tahm Kench,Nautilus,Leona,12.2,Crisp,Missing,,,,
,,,,,,,Bilibili Gaming,JD Gaming,red_side,blue_side
Akali,Zeri,Sion,Fiora,12.2,369,Breathe,,,,
Gwen,Ryze,Graves,Viego,12.2,Kanavi,WeiWei,,,,
Hecarim,Corki,Viktor,Orianna,12.2,Yagao,FoFo,,,,
Zoe,Lee Sin,Jinx,Aphelios,12.2,Hope,Doggo,,,,
LeBlanc,Xin Zhao,Leona,Nautilus,12.2,Missing,Crisp,,,,
,,,,,,,JD Gaming,Bilibili Gaming,red_side,blue_side
Corki,Caitlyn,Graves,Renekton,12.2,Xiaolaohu,New,,,,
Thresh,Gwen,Hecarim,Diana,12.2,Clid,Chieftain,,,,
Ryze,Zeri,Vex,Sylas,12.2,Gori,Ucal,,,,
Akali,Rakan,Aphelios,Jinx,12.2,Lwx,Puff,,,,
Volibear,Yuumi,Nautilus,Tahm Kench,12.2,Hang,Southwind,,,,
,,,,,,,Funplus Phoenix,TT,red_side,blue_side
Gwen,Corki,Renekton,Gnar,12.2,New,Xiaolaohu,,,,
Orianna,Zeri,Sejuani,Lee Sin,12.2,Chieftain,Clid,,,,
Yuumi,Caitlyn,Ryze,Galio,12.2,Ucal,Gori,,,,
Viego,Diana,Aphelios,Jinx,12.2,Puff,Lwx,,,,
Graves,RekSai,Tahm Kench,Thresh,12.2,Southwind,Hang,,,,
,,,,,,,TT,Funplus Phoenix,red_side,blue_side
Corki,Gwen,Camille,Tryndamere,12.2,Xiaolaohu,New,,,,
Renekton,Caitlyn,Xin Zhao,Diana,12.2,Clid,Chieftain,,,,
Tahm Kench,Lee Sin,Galio,Ryze,12.2,Gori,Ucal,,,,
Gangplank,Viego,Zeri,Jinx,12.2,Lwx,Puff,,,,
Jax,Rakan,Alistar,Taric,12.2,Hang,Southwind,,,,
,,,,,,,Funplus Phoenix,TT,red_side,blue_side
Twisted Fate,Viego,Graves,Gwen,12.2,Wayward,xiaoxiang,,,,
Hecarim,Zeri,Xin Zhao,Olaf,12.2,Tian,Jiejie,,,,
LeBlanc,Ryze,Vex,Orianna,12.2,Knight,Scout,,,,
Jarvan IV,Jayce,Jinx,Caitlyn,12.2,JackeyLove,Viper,,,,
Volibear,Akali,Nautilus,Karma,12.2,Mark,meiko,,,,
,,,,,,,Top Esports,Edward Gaming,blue_side,red_side
Graves,Twisted Fate,Gnar,Camille,12.2,xiaoxiang,Wayward,,,,
Draven,Hecarim,Xin Zhao,Lee Sin,12.2,Jiejie,Tian,,,,
Ryze,Gwen,Corki,Syndra,12.2,Scout,Knight,,,,
Tryndamere,Vex,Zeri,Tristana,12.2,Viper,JackeyLove,,,,
LeBlanc,Jayce,Leona,Nautilus,12.2,meiko,Mark,,,,
,,,,,,,Edward Gaming,Top Esports,blue_side,red_side
Twisted Fate,Ryze,Gwen,Fiora,12.2,Wayward,xiaoxiang,,,,
Hecarim,Zeri,Viego,Xin Zhao,12.2,Tian,Jiejie,,,,
LeBlanc,Graves,Vex,Zoe,12.2,Knight,Scout,,,,
Jayce,Nautilus,Jinx,Aphelios,12.2,JackeyLove,Viper,,,,
Akali,Tahm Kench,Rakan,Thresh,12.2,Mark,meiko,,,,
,,,,,,,Top Esports,Edward Gaming,blue_side,red_side
Rakan,Zeri,Renekton,Sion,12.2,shanji,TheShy,,,,
Lee Sin,Hecarim,Nidalee,Viego,12.2,AKi,SofM,,,,
Gwen,Nautilus,Corki,Veigar,12.2,Creme,Angel,,,,
Gnar,Volibear,Jinx,Aphelios,12.2,Able,huanfeng,,,,
Graves,Olaf,Tahm Kench,Thresh,12.2,cold,ON,,,,
,,,,,,,OMG,Weibo Gaming,red_side,blue_side
LeBlanc,Gwen,Sion,Aatrox,12.2,TheShy,shanji,,,,
Akali,Lee Sin,Hecarim,Graves,12.2,SofM,AKi,,,,
Samira,Veigar,Orianna,Ryze,12.2,Angel,Creme,,,,
Xin Zhao,Alistar,Zeri,Tristana,12.2,huanfeng,Able,,,,
Renekton,Gnar,Sett,Nautilus,12.2,ON,cold,,,,
,,,,,,,Weibo Gaming,OMG,red_side,blue_side
Veigar,Zeri,Gragas,Jayce,12.2,shanji,TheShy,,,,
Lee Sin,Hecarim,Graves,Viego,12.2,AKi,SofM,,,,
Gwen,Nautilus,Ryze,Twisted Fate,12.2,Creme,Angel,,,,
Gnar,Renekton,Aphelios,Jinx,12.2,Able,huanfeng,,,,
Galio,Xin Zhao,Leona,Thresh,12.2,cold,ON,,,,
,,,,,,,OMG,Weibo Gaming,red_side,blue_side
Caitlyn,Zeri,Jayce,Gwen,12.2,Biubiu,Aliez,,,,
Thresh,Rakan,Volibear,Sejuani,12.2,beishang,H4cker,,,,
Twisted Fate,Ryze,Corki,Tryndamere,12.2,xiye,Cryin,,,,
Xin Zhao,Tahm Kench,Jinx,Aphelios,12.2,Stay,Elk,,,,
Orianna,Hecarim,Leona,Nautilus,12.2,Kedaya,ShiauC,,,,
,,,,,,,Team WE,Ultra Prime,blue_side,red_side
Rakan,Thresh,Kennen,Sion,12.2,Aliez,Biubiu,,,,
Jayce,Zeri,Lee Sin,Xin Zhao,12.2,H4cker,beishang,,,,
Gwen,Caitlyn,Ryze,Corki,12.2,Cryin,xiye,,,,
Gnar,Nautilus,Jinx,Aphelios,12.2,Elk,Stay,,,,
Lulu,Leona,Alistar,Tahm Kench,12.2,ShiauC,Kedaya,,,,
,,,,,,,Ultra Prime,Team WE,blue_side,red_side
Thresh,Zeri,Akali,Gwen,12.2,Biubiu,Aliez,,,,
Twisted Fate,Rakan,Viego,Hecarim,12.2,beishang,H4cker,,,,
Kennen,Jayce,Ryze,Corki,12.2,xiye,Cryin,,,,
Xin Zhao,Volibear,Ezreal,Jinx,12.2,Stay,Elk,,,,
Nautilus,Jax,Karma,Leona,12.2,Kedaya,ShiauC,,,,
,,,,,,,Team WE,Ultra Prime,red_side,blue_side
Nidalee,Zeri,Gnar,Jayce,12.2,Xiaolaohu,Cube,,,,
Xin Zhao,Caitlyn,Viego,Lee Sin,12.2,Beichuan,Leyan,,,,
Gwen,Hecarim,Ryze,Orianna,12.2,Gori,Strive,,,,
Volibear,Thresh,Aphelios,Jinx,12.2,Lwx,iBOY,,,,
RekSai,Rakan,Leona,Nautilus,12.2,Hang,yuyanjia,,,,
,,,,,,,Funplus Phoenix,Rare Atom,red_side,blue_side
Nidalee,Zeri,Jayce,Graves,12.2,Xiaolaohu,Cube,,,,
Xin Zhao,Caitlyn,Viego,Volibear,12.2,Beichuan,Leyan,,,,
Gwen,Hecarim,Galio,Ryze,12.2,Gori,Strive,,,,
Malphite,Camille,Jinx,Aphelios,12.2,Lwx,iBOY,,,,
Rakan,Nautilus,Tahm Kench,Thresh,12.2,Hang,yuyanjia,,,,
,,,,,,,Funplus Phoenix,Rare Atom,red_side,blue_side
Karma,Zeri,Ornn,Jayce,12.2,Zdz,369,,,,
Viego,Ryze,Lee Sin,RekSai,12.2,Xiaohao,Kanavi,,,,
Corki,Hecarim,Orianna,Viktor,12.2,Forge,Yagao,,,,
Zoe,LeBlanc,Caitlyn,Jhin,12.2,Betty,Hope,,,,
Twisted Fate,Akali,Nautilus,Tahm Kench,12.2,Qiuqiu,Missing,,,,
,,,,,,,Anyone s Legend,JD Gaming,red_side,blue_side
Viego,Zeri,Camille,Jayce,12.2,Zdz,369,,,,
Corki,Ryze,Lee Sin,Nidalee,12.2,Xiaohao,Kanavi,,,,
Caitlyn,Hecarim,LeBlanc,Twisted Fate,12.2,Forge,Yagao,,,,
RekSai,Malphite,Jinx,Aphelios,12.2,Betty,Hope,,,,
Xin Zhao,Tahm Kench,Leona,Nautilus,12.2,Qiuqiu,Missing,,,,
,,,,,,,Anyone s Legend,JD Gaming,blue_side,red_side
Viego,Zeri,Graves,Jayce,12.2,Zdz,369,,,,
Corki,Ryze,Lee Sin,RekSai,12.2,Xiaohao,Kanavi,,,,
Caitlyn,LeBlanc,Akali,Viktor,12.2,Forge,Yagao,,,,
Tahm Kench,Camille,Jinx,Aphelios,12.2,Betty,Hope,,,,
Gwen,Kennen,Leona,Nautilus,12.2,Qiuqiu,Missing,,,,
,,,,,,,Anyone s Legend,JD Gaming,red_side,blue_side
LeBlanc,Zeri,Gragas,Ornn,12.2,New,fearness,,,,
Akali,Caitlyn,RekSai,Lee Sin,12.2,Chieftain,Shad0w,,,,
Gwen,Hecarim,Corki,Ryze,12.2,Ucal,Jay,,,,
Graves,Thresh,Jinx,Aphelios,12.2,Puff,Eric,,,,
Gnar,Nautilus,Blitzcrank,Tahm Kench,12.2,Southwind,jinjiao,,,,
,,,,,,,TT,LGD Gaming,red_side,blue_side
Caitlyn,Zeri,Ornn,Gangplank,12.2,fearness,New,,,,
Thresh,Gwen,Hecarim,Xin Zhao,12.2,Shad0w,Chieftain,,,,
Ryze,Mordekaiser,Orianna,Akali,12.2,Jay,Ucal,,,,
Veigar,Rakan,Aphelios,Jinx,12.2,Eric,Puff,,,,
Azir,Karma,Braum,Tahm Kench,12.2,jinjiao,Southwind,,,,
,,,,,,,LGD Gaming,TT,red_side,blue_side
Caitlyn,Zeri,Renekton,Gragas,12.2,fearness,New,,,,
Ryze,Gwen,Diana,Xin Zhao,12.2,Shad0w,Chieftain,,,,
Hecarim,Lee Sin,Akali,Corki,12.2,Jay,Ucal,,,,
Twisted Fate,Jarvan IV,Aphelios,Jinx,12.2,Eric,Puff,,,,
Veigar,Trundle,Tahm Kench,Lulu,12.2,jinjiao,Southwind,,,,
,,,,,,,LGD Gaming,TT,blue_side,red_side
Gwen,Caitlyn,Jayce,Sion,12.2,Ale,TheShy,,,,
Rakan,Zeri,Diana,Lee Sin,12.2,Tarzan,SofM,,,,
Thresh,Ryze,Renekton,Corki,12.2,Doinb,Angel,,,,
Gragas,Camille,Jinx,Xayah,12.2,Light,huanfeng,,,,
Malphite,Lulu,Nautilus,Tahm Kench,12.2,LvMao,ON,,,,
,,,,,,,LNG Esports,Weibo Gaming,red_side,blue_side
Caitlyn,Gwen,Sion,Fiora,12.2,TheShy,Ale,,,,
Camille,Xin Zhao,Viego,Hecarim,12.2,SofM,Tarzan,,,,
Lee Sin,Corki,Ryze,Galio,12.2,Angel,Doinb,,,,
Orianna,Alistar,Zeri,Samira,12.2,huanfeng,Light,,,,
Veigar,Gragas,Leona,Nautilus,12.2,ON,LvMao,,,,
,,,,,,,Weibo Gaming,LNG Esports,red_side,blue_side
Gwen,Zeri,Kennen,Gnar,12.2,Ale,TheShy,,,,
Xayah,Caitlyn,Volibear,Lee Sin,12.2,Tarzan,SofM,,,,
Corki,Camille,Ryze,Orianna,12.2,Doinb,Angel,,,,
Thresh,Xin Zhao,Jinx,Aphelios,12.2,Light,huanfeng,,,,
Jayce,Hecarim,Tahm Kench,Rakan,12.2,LvMao,ON,,,,
,,,,,,,LNG Esports,Weibo Gaming,red_side,blue_side
Caitlyn,Zeri,Gwen,Gnar,12.2,Biubiu,Breathe,,,,
Nautilus,Ryze,Viego,Hecarim,12.2,beishang,WeiWei,,,,
Akali,Jayce,Lissandra,LeBlanc,12.2,Shanks,FoFo,,,,
Kennen,Lee Sin,Aphelios,Jinx,12.2,Stay,Doggo,,,,
Jax,Xin Zhao,Tahm Kench,Rakan,12.2,Kedaya,Crisp,,,,
,,,,,,,Team WE,Bilibili Gaming,red_side,blue_side
Ryze,Caitlyn,Gwen,Jayce,12.2,Breathe,Biubiu,,,,
Twisted Fate,Zeri,Hecarim,Viego,12.2,WeiWei,beishang,,,,
Lissandra,LeBlanc,Akali,Veigar,12.2,FoFo,Shanks,,,,
Orianna,Nautilus,Jinx,Aphelios,12.2,Doggo,Stay,,,,
Galio,Tahm Kench,Thresh,Rakan,12.2,Crisp,Kedaya,,,,
,,,,,,,Bilibili Gaming,Team WE,red_side,blue_side
Ryze,Caitlyn,Kennen,Akali,12.2,Breathe,Biubiu,,,,
Gwen,Zeri,Viego,Hecarim,12.2,WeiWei,beishang,,,,
Rakan,LeBlanc,Corki,Veigar,12.2,FoFo,Shanks,,,,
Jayce,Vex,Aphelios,Jinx,12.2,Doggo,Stay,,,,
Orianna,Camille,Nautilus,Tahm Kench,12.2,Crisp,Kedaya,,,,
,,,,,,,Bilibili Gaming,Team WE,blue_side,red_side
Twisted Fate,Lee Sin,Gwen,Kennen,12.2,Rich,Flandre,,,,
Ryze,Zeri,Sejuani,Poppy,12.2,Karsa,Jiejie,,,,
Jayce,Hecarim,Tryndamere,Corki,12.2,RooKie,Scout,,,,
Graves,Orianna,Ezreal,Caitlyn,12.2,Photic,Viper,,,,
Viego,Xin Zhao,Karma,Lux,12.2,Ppgod,meiko,,,,
,,,,,,,Victory Five,Edward Gaming,blue_side,red_side
Lee Sin,Caitlyn,Gragas,Aatrox,12.2,Flandre,Rich,,,,
Gwen,Zeri,Jarvan IV,Hecarim,12.2,Jiejie,Karsa,,,,
No ban,Twisted Fate,Ryze,Galio,12.2,Scout,RooKie,,,,
Orianna,Graves,Aphelios,Jinx,12.2,Viper,Photic,,,,
Gnar,Nautilus,Leona,Thresh,12.2,meiko,Ppgod,,,,
,,,,,,,Edward Gaming,Victory Five,red_side,blue_side
Caitlyn,Zeri,Gragas,Aatrox,12.2,shanji,zs,,,,
Thresh,Akali,Hecarim,Lee Sin,12.2,AKi,H4cker,,,,
Jayce,Gwen,Corki,Ryze,12.2,Creme,Cryin,,,,
Twisted Fate,Sylas,Aphelios,Jinx,12.2,Able,Elk,,,,
Kennen,LeBlanc,Nautilus,Alistar,12.2,cold,ShiauC,,,,
,,,,,,,OMG,Ultra Prime,red_side,blue_side
Akali,Zeri,Gwen,Jayce,12.2,zs,shanji,,,,
LeBlanc,Caitlyn,Xin Zhao,Hecarim,12.2,H4cker,AKi,,,,
Nautilus,Lee Sin,Twisted Fate,Ryze,12.2,Cryin,Creme,,,,
Yuumi,Alistar,Xayah,Aphelios,12.2,Elk,Able,,,,
Tahm Kench,Thresh,Rakan,Leona,12.2,ShiauC,cold,,,,
,,,,,,,Ultra Prime,OMG,red_side,blue_side
Caitlyn,Zeri,Gwen,Kennen,12.2,shanji,Aliez,,,,
Thresh,Akali,Jarvan IV,Hecarim,12.2,AKi,H4cker,,,,
Lee Sin,Xin Zhao,LeBlanc,Ryze,12.2,Creme,Cryin,,,,
Yuumi,Ezreal,Aphelios,Jinx,12.2,Able,Elk,,,,
Tahm Kench,Samira,Alistar,Leona,12.2,cold,ShiauC,,,,
,,,,,,,OMG,Ultra Prime,red_side,blue_side
Nidalee,Caitlyn,Kennen,Graves,12.2,369,Zika,,,,
Gwen,Corki,Viego,Xin Zhao,12.2,Kanavi,XUN,,,,
Tryndamere,Jinx,Ryze,Twisted Fate,12.2,Yagao,Yuekai,,,,
Camille,Sion,Aphelios,Zeri,12.2,Hope,Wink,,,,
Jayce,Gragas,Nautilus,Leona,12.2,Missing,XinLiu,,,,
,,,,,,,JD Gaming,Invictus Gaming,blue_side,red_side
Nidalee,Caitlyn,Gragas,Jayce,12.2,369,Zika,,,,
Gwen,Corki,Graves,Hecarim,12.2,Kanavi,XUN,,,,
Tryndamere,Ryze,Vex,Twisted Fate,12.2,Yagao,Yuekai,,,,
Akali,Viktor,Jinx,Aphelios,12.2,Hope,Wink,,,,
Syndra,Xin Zhao,Nautilus,Leona,12.2,Missing,XinLiu,,,,
,,,,,,,JD Gaming,Invictus Gaming,red_side,blue_side
Nidalee,Caitlyn,Kennen,Camille,12.2,369,Zika,,,,
Gwen,Ryze,Hecarim,Xin Zhao,12.2,Kanavi,XUN,,,,
Tryndamere,Corki,Veigar,Galio,12.2,Yagao,Yuekai,,,,
Twisted Fate,Jax,Jinx,Zeri,12.2,Hope,Wink,,,,
Diana,Viktor,Leona,Nautilus,12.2,Missing,XinLiu,,,,
,,,,,,,JD Gaming,Invictus Gaming,red_side,blue_side
Nidalee,Ryze,Jax,Gwen,12.2,Bin,Cube,,,,
RekSai,Zeri,Viego,Xin Zhao,12.2,Wei,Leyan,,,,
Caitlyn,Hecarim,Corki,Viktor,12.2,xiaohu,Strive,,,,
Orianna,Jayce,Aphelios,Jinx,12.2,GALA,iBOY,,,,
Syndra,Akali,Nautilus,Rakan,12.2,Ming,yuyanjia,,,,
,,,,,,,Royal Never Give Up,Rare Atom,red_side,blue_side
Nidalee,Ryze,Camille,Jax,12.2,Bin,Cube,,,,
Caitlyn,Zeri,Viego,Xin Zhao,12.2,Wei,Leyan,,,,
Jayce,Gwen,Corki,Viktor,12.2,xiaohu,Strive,,,,
Gnar,Hecarim,Aphelios,Jinx,12.2,GALA,iBOY,,,,
Renekton,Lee Sin,Nautilus,Rakan,12.2,Ming,yuyanjia,,,,
,,,,,,,Royal Never Give Up,Rare Atom,red_side,blue_side
Jinx,Hecarim,Graves,Jax,12.2,Wayward,Xiaolaohu,,,,
Ryze,Viego,Lee Sin,Xin Zhao,12.2,Tian,Clid,,,,
Caitlyn,Draven,Veigar,Corki,12.2,Knight,Gori,,,,
Leona,Vex,Zeri,Tristana,12.2,JackeyLove,Lwx,,,,
Gwen,Viktor,Nautilus,Sett,12.2,Mark,Hang,,,,
,,,,,,,Top Esports,Funplus Phoenix,blue_side,red_side
Tahm Kench,Caitlyn,Gwen,Jayce,12.2,Xiaolaohu,Wayward,,,,
Hecarim,Zeri,Viego,Volibear,12.2,Clid,Tian,,,,
Ryze,Thresh,Vex,Syndra,12.2,Gori,Knight,,,,
Lee Sin,Sett,Jinx,Aphelios,12.2,Lwx,JackeyLove,,,,
Xin Zhao,Leona,Rakan,Nautilus,12.2,Hang,Mark,,,,
,,,,,,,Funplus Phoenix,Top Esports,blue_side,red_side
Caitlyn,Hecarim,Gwen,Graves,12.2,Wayward,Xiaolaohu,,,,
Zeri,Ryze,Lee Sin,Viego,12.2,Tian,Clid,,,,
Aphelios,Viktor,Orianna,Azir,12.2,Knight,Gori,,,,
Jayce,Leona,Jinx,Tahm Kench,12.2,JackeyLove,Hang,,,,
Corki,Nautilus,Lulu,Senna,12.2,Mark,Lwx,,,,
,,,,,,,Top Esports,Funplus Phoenix,blue_side,red_side
Akali,Zeri,Renekton,Mordekaiser,12.2,Rich,fearness,,,,
Ryze,Caitlyn,Sejuani,Lee Sin,12.2,Karsa,Shad0w,,,,
Jayce,Gwen,Corki,Orianna,12.2,RooKie,Jay,,,,
Ornn,Diana,Tahm Kench,Jinx,12.2,Ppgod,Eric,,,,
LeBlanc,Nidalee,Senna,Karma,12.2,Photic,jinjiao,,,,
,,,,,,,Victory Five,LGD Gaming,red_side,blue_side
Akali,Zeri,Gwen,Mordekaiser,12.2,Rich,fearness,,,,
Renekton,Caitlyn,Hecarim,Lee Sin,12.2,Karsa,Shad0w,,,,
Jayce,Ryze,Orianna,Viktor,12.2,RooKie,Jay,,,,
LeBlanc,Tahm Kench,Aphelios,Jinx,12.2,Photic,Eric,,,,
Camille,Rakan,Thresh,Nautilus,12.2,Ppgod,jinjiao,,,,
,,,,,,,Victory Five,LGD Gaming,blue_side,red_side
Akali,Zeri,Gnar,Gwen,12.2,Rich,fearness,,,,
Renekton,Caitlyn,Lee Sin,Xin Zhao,12.2,Karsa,Shad0w,,,,
LeBlanc,Hecarim,Orianna,Ryze,12.2,RooKie,Jay,,,,
Jinx,Thresh,Tahm Kench,Aphelios,12.2,Ppgod,Eric,,,,
Rakan,Lulu,Senna,Nautilus,12.2,Photic,jinjiao,,,,
,,,,,,,Victory Five,LGD Gaming,blue_side,red_side
Jayce,Renekton,Kennen,Gwen,12.2,Ale,Bin,,,,
Hecarim,Zeri,Volibear,Lee Sin,12.2,Tarzan,Wei,,,,
Aphelios,Twisted Fate,Ryze,LeBlanc,12.2,Doinb,xiaohu,,,,
Nautilus,Xin Zhao,Caitlyn,Jinx,12.2,Light,GALA,,,,
Leona,Jarvan IV,Lux,Karma,12.2,LvMao,Ming,,,,
,,,,,,,LNG Esports,Royal Never Give Up,blue_side,red_side
Renekton,Zeri,Jax,Gwen,12.2,Bin,Ale,,,,
Galio,Hecarim,Viego,Lee Sin,12.2,Wei,Tarzan,,,,
Twisted Fate,Ryze,Corki,Vex,12.2,xiaohu,Doinb,,,,
Orianna,Xin Zhao,Aphelios,Jinx,12.2,GALA,Light,,,,
Akali,Jayce,Nautilus,Tahm Kench,12.2,Ming,LvMao,,,,
,,,,,,,Royal Never Give Up,LNG Esports,blue_side,red_side
Jayce,Zeri,Akali,Gwen,12.2,Ale,Bin,,,,
Hecarim,Twisted Fate,Xin Zhao,Olaf,12.2,Tarzan,Wei,,,,
Corki,Ryze,Orianna,Vex,12.2,Doinb,xiaohu,,,,
Viego,Kennen,Jinx,Aphelios,12.2,Light,GALA,,,,
Lee Sin,Camille,Leona,Nautilus,12.2,LvMao,Ming,,,,
,,,,,,,LNG Esports,Royal Never Give Up,red_side,blue_side
Nidalee,Caitlyn,Graves,Camille,12.2,Flandre,Zika,,,,
Gwen,Karma,Lee Sin,Hecarim,12.2,Jiejie,XUN,,,,
Tryndamere,Twisted Fate,Ryze,Orianna,12.2,Scout,Yuekai,,,,
Nautilus,Tahm Kench,Jinx,Zeri,12.2,Viper,Ahn,,,,
Jayce,Renekton,Alistar,Leona,12.2,meiko,XinLiu,,,,
,,,,,,,Edward Gaming,Invictus Gaming,blue_side,red_side
Caitlyn,Zeri,Renekton,Gwen,12.2,Zika,Flandre,,,,
Karma,Hecarim,Nidalee,Poppy,12.2,XUN,Jiejie,,,,
Twisted Fate,Ryze,Tristana,Corki,12.2,Yuekai,Scout,,,,
Xin Zhao,Jayce,Aphelios,Jinx,12.2,Ahn,Viper,,,,
Tahm Kench,Tryndamere,Nautilus,Thresh,12.2,XinLiu,meiko,,,,
,,,,,,,Invictus Gaming,Edward Gaming,red_side,blue_side
Ryze,Gwen,Renekton,Gragas,12.2,Cube,New,,,,
RekSai,Zeri,Nidalee,Lee Sin,12.2,Leyan,Chieftain,,,,
Jarvan IV,Caitlyn,Tryndamere,Corki,12.2,Strive,Ucal,,,,
LeBlanc,Graves,Aphelios,Jinx,12.2,iBOY,Puff,,,,
Vex,Thresh,Nautilus,Tahm Kench,12.2,yuyanjia,Southwind,,,,
,,,,,,,Rare Atom,TT,red_side,blue_side
Ryze,Zeri,Sion,Gragas,12.2,Cube,New,,,,
RekSai,Caitlyn,Xin Zhao,Hecarim,12.2,Leyan,Chieftain,,,,
Jarvan IV,Gwen,Corki,Veigar,12.2,Strive,Ucal,,,,
Orianna,Graves,Aphelios,Jinx,12.2,iBOY,Puff,,,,
Viktor,Nautilus,Thresh,Blitzcrank,12.2,yuyanjia,Southwind,,,,
,,,,,,,Rare Atom,TT,blue_side,red_side
Ryze,Zeri,Gnar,Gragas,12.2,Cube,New,,,,
RekSai,Gwen,Xin Zhao,Lee Sin,12.2,Leyan,Chieftain,,,,
Jarvan IV,Aphelios,Corki,Vex,12.2,Strive,Ucal,,,,
Lux,Graves,Jinx,Caitlyn,12.2,iBOY,Puff,,,,
Karma,Sion,Nautilus,Braum,12.2,yuyanjia,Southwind,,,,
,,,,,,,Rare Atom,TT,blue_side,red_side
Tahm Kench,Corki,Gragas,Gnar,12.2,369,Wayward,,,,
Ryze,Kennen,Viego,Lee Sin,12.2,Kanavi,Tian,,,,
Caitlyn,Hecarim,Viktor,Vex,12.2,Yagao,Knight,,,,
Gwen,Orianna,Zeri,Draven,12.2,Hope,JackeyLove,,,,
Graves,Veigar,Leona,Nautilus,12.2,Missing,Mark,,,,
,,,,,,,JD Gaming,Top Esports,red_side,blue_side
Corki,Tahm Kench,Gwen,Gragas,12.2,Wayward,369,,,,
Kennen,Ryze,Hecarim,Viego,12.2,Tian,Kanavi,,,,
Zeri,Caitlyn,Orianna,Veigar,12.2,Knight,Yagao,,,,
Sylas,Thresh,Aphelios,Jinx,12.2,JackeyLove,Hope,,,,
Jax,Vex,Leona,Nautilus,12.2,Mark,Missing,,,,
,,,,,,,Top Esports,JD Gaming,red_side,blue_side
Corki,Ryze,Gwen,Gragas,12.2,Wayward,369,,,,
Kennen,Caitlyn,Hecarim,Xin Zhao,12.2,Tian,Kanavi,,,,
Viego,Tahm Kench,Viktor,LeBlanc,12.2,Knight,Yagao,,,,
Veigar,Graves,Zeri,Jinx,12.2,JackeyLove,Hope,,,,
Lee Sin,Vex,Leona,Nautilus,12.2,Mark,Missing,,,,
,,,,,,,Top Esports,JD Gaming,blue_side,red_side
Ryze,Caitlyn,Gwen,Kennen,12.2,Breathe,Zdz,,,,
Nautilus,Zeri,Hecarim,Xin Zhao,12.2,WeiWei,Xiaohao,,,,
Lee Sin,Thresh,Zoe,Viktor,12.2,FoFo,Forge,,,,
LeBlanc,Orianna,Jinx,Aphelios,12.2,Doggo,Betty,,,,
Akali,Corki,Tahm Kench,Leona,12.2,Crisp,Qiuqiu,,,,
,,,,,,,Bilibili Gaming,Anyone s Legend,blue_side,red_side
Karma,Zeri,Gwen,Graves,12.2,Zdz,Breathe,,,,
Akali,Ryze,Volibear,Xin Zhao,12.2,Xiaohao,WeiWei,,,,
LeBlanc,Hecarim,Twisted Fate,Orianna,12.2,Forge,FoFo,,,,
Jayce,Lee Sin,Caitlyn,Jinx,12.2,Betty,Doggo,,,,
Jax,Jarvan IV,Lux,Leona,12.2,Qiuqiu,Crisp,,,,
,,,,,,,Anyone s Legend,Bilibili Gaming,red_side,blue_side
Rakan,Zeri,Gwen,Graves,12.2,shanji,Biubiu,,,,
LeBlanc,Akali,Xin Zhao,Volibear,12.2,AKi,beishang,,,,
Corki,Hecarim,Ryze,Twisted Fate,12.2,Creme,Shanks,,,,
Orianna,Samira,Ezreal,Jinx,12.2,Able,Xing,,,,
Jayce,Aphelios,Braum,Nautilus,12.2,cold,Kedaya,,,,
,,,,,,,OMG,Team WE,blue_side,red_side
Akali,Zeri,Jayce,Gwen,12.2,Biubiu,shanji,,,,
Nautilus,Rakan,Hecarim,Lee Sin,12.2,beishang,AKi,,,,
Xin Zhao,Corki,Ryze,LeBlanc,12.2,Shanks,Creme,,,,
Trundle,Aphelios,Jhin,Jinx,12.2,Xing,Able,,,,
Jarvan IV,Senna,Leona,Tahm Kench,12.2,Kedaya,cold,,,,
,,,,,,,Team WE,OMG,red_side,blue_side
Jayce,Zeri,Gwen,Jax,12.2,Flandre,Xiaolaohu,,,,
Galio,Caitlyn,Hecarim,Lee Sin,12.2,Jiejie,Clid,,,,
Ryze,Twisted Fate,Orianna,Corki,12.2,Scout,Gori,,,,
Jarvan IV,Vex,Aphelios,Jinx,12.2,Viper,Lwx,,,,
Kennen,Nautilus,Leona,Thresh,12.2,meiko,Hang,,,,
,,,,,,,Edward Gaming,Funplus Phoenix,blue_side,red_side
Twisted Fate,Zeri,Jayce,Malphite,12.2,Xiaolaohu,Flandre,,,,
Hecarim,Ryze,Trundle,Volibear,12.2,Clid,Jiejie,,,,
Karma,Caitlyn,Sylas,Corki,12.2,Gori,Scout,,,,
Nautilus,Orianna,Aphelios,Jinx,12.2,Lwx,Viper,,,,
Leona,Lee Sin,Thresh,Tahm Kench,12.2,Hang,meiko,,,,
,,,,,,,Funplus Phoenix,Edward Gaming,red_side,blue_side
Gwen,Zeri,Gragas,Graves,12.2,zs,TheShy,,,,
Rakan,Lee Sin,Viego,Hecarim,12.2,H4cker,SofM,,,,
Ryze,Caitlyn,Corki,Veigar,12.2,Cryin,Angel,,,,
Gnar,Xin Zhao,Jinx,Aphelios,12.2,Elk,huanfeng,,,,
Jayce,Jarvan IV,Nautilus,Thresh,12.2,ShiauC,ON,,,,
,,,,,,,Ultra Prime,Weibo Gaming,red_side,blue_side
Gwen,Zeri,Renekton,Gragas,12.2,zs,TheShy,,,,
Rakan,Lee Sin,Hecarim,Poppy,12.2,H4cker,SofM,,,,
Tahm Kench,Caitlyn,Corki,Orianna,12.2,Cryin,Angel,,,,
Viego,Twisted Fate,Jinx,Aphelios,12.2,Elk,huanfeng,,,,
Gnar,Ryze,Thresh,Nautilus,12.2,ShiauC,ON,,,,
,,,,,,,Ultra Prime,Weibo Gaming,red_side,blue_side
Corki,Zeri,Kennen,Graves,12.2,fearness,Cube,,,,
Caitlyn,Renekton,Lee Sin,Xin Zhao,12.2,Shad0w,Leyan,,,,
RekSai,No ban,Ryze,Orianna,12.2,Jay,Strive,,,,
Gwen,Hecarim,Jinx,Aphelios,12.2,Eric,iBOY,,,,
Jax,Camille,Nautilus,Leona,12.2,jinjiao,yuyanjia,,,,
,,,,,,,LGD Gaming,Rare Atom,blue_side,red_side
Corki,Zeri,Ornn,Jayce,12.2,fearness,Cube,,,,
Caitlyn,Ryze,Viego,Xin Zhao,12.2,Shad0w,Leyan,,,,
Renekton,Senna,Viktor,Orianna,12.2,Jay,Strive,,,,
Gwen,Camille,Jinx,Aphelios,12.2,Eric,iBOY,,,,
Graves,Twisted Fate,Leona,Nautilus,12.2,jinjiao,yuyanjia,,,,
,,,,,,,LGD Gaming,Rare Atom,red_side,blue_side
Corki,Zeri,Gwen,Jayce,12.2,fearness,Cube,,,,
Caitlyn,Ryze,Hecarim,Xin Zhao,12.2,Shad0w,Leyan,,,,
Renekton,Lee Sin,Akali,Viktor,12.2,Jay,Strive,,,,
Aphelios,Leona,Jinx,Vayne,12.2,Eric,iBOY,,,,
Kaisa,Rakan,Maokai,Nautilus,12.2,jinjiao,yuyanjia,,,,
,,,,,,,LGD Gaming,Rare Atom,red_side,blue_side
Caitlyn,Renekton,Riven,Gwen,12.2,Zika,Breathe,,,,
Karma,Nidalee,Hecarim,Poppy,12.2,XUN,WeiWei,,,,
Aphelios,Zeri,Ryze,Veigar,12.2,Yuekai,FoFo,,,,
Xin Zhao,Akali,Jinx,Ezreal,12.2,Ahn,Doggo,,,,
Lee Sin,Jayce,Lulu,Yuumi,12.2,XinLiu,Crisp,,,,
,,,,,,,Invictus Gaming,Bilibili Gaming,blue_side,red_side
Nidalee,Caitlyn,Akali,Gwen,12.2,Breathe,Zika,,,,
Jayce,Zeri,Jarvan IV,Xin Zhao,12.2,WeiWei,XUN,,,,
Hecarim,Thresh,Viktor,Ryze,12.2,FoFo,Yuekai,,,,
Rakan,Lee Sin,Jinx,Aphelios,12.2,Uzi,Ahn,,,,
Twisted Fate,Orianna,Leona,Nautilus,12.2,Crisp,XinLiu,,,,
,,,,,,,Bilibili Gaming,Invictus Gaming,blue_side,red_side
Caitlyn,Nidalee,Gwen,Kennen,12.2,Zika,Breathe,,,,
Karma,Aphelios,Xin Zhao,Hecarim,12.2,XUN,WeiWei,,,,
Viktor,Renekton,Akali,Orianna,12.2,Yuekai,FoFo,,,,
Jayce,LeBlanc,Zeri,Jinx,12.2,Ahn,Uzi,,,,
Jax,Galio,Nautilus,Thresh,12.2,XinLiu,Crisp,,,,
,,,,,,,Invictus Gaming,Bilibili Gaming,blue_side,red_side
LeBlanc,Renekton,Gwen,Kennen,12.2,Ale,Zdz,,,,
Jayce,Twisted Fate,Diana,Hecarim,12.2,Tarzan,Xiaohao,,,,
Akali,Caitlyn,Irelia,Ryze,12.2,Doinb,Forge,,,,
Lee Sin,Galio,Zeri,Jinx,12.2,Light,Betty,,,,
Viego,Xin Zhao,Leona,Nautilus,12.2,LvMao,Qiuqiu,,,,
,,,,,,,LNG Esports,Anyone s Legend,red_side,blue_side
LeBlanc,Renekton,Kennen,Gwen,12.2,Ale,Zdz,,,,
Jayce,Twisted Fate,Volibear,Viego,12.2,Tarzan,Xiaohao,,,,
Jinx,Caitlyn,Zeri,Ryze,12.2,Doinb,Forge,,,,
Hecarim,Xin Zhao,Aphelios,Samira,12.2,Light,Betty,,,,
Lee Sin,Akali,Thresh,Nautilus,12.2,LvMao,Qiuqiu,,,,
,,,,,,,LNG Esports,Anyone s Legend,blue_side,red_side
LeBlanc,Renekton,Fiora,Camille,12.2,Ale,Zdz,,,,
Jinx,Twisted Fate,Lee Sin,Xin Zhao,12.2,Tarzan,Xiaohao,,,,
Aphelios,Karma,Corki,Ryze,12.2,Doinb,Forge,,,,
Hecarim,Galio,Zeri,Caitlyn,12.2,Light,Betty,,,,
Jax,Gwen,Nautilus,Lux,12.2,LvMao,Qiuqiu,,,,
,,,,,,,LNG Esports,Anyone s Legend,blue_side,red_side
Camille,Senna,Gnar,Graves,12.2,Rich,Bin,,,,
Jax,Renekton,Hecarim,Jarvan IV,12.2,Karsa,Wei,,,,
Jayce,Gwen,Orianna,Corki,12.2,RooKie,xiaohu,,,,
Braum,Tryndamere,Zeri,Jinx,12.2,Photic,GALA,,,,
Alistar,Akshan,Nautilus,Leona,12.2,Ppgod,Ming,,,,
,,,,,,,Victory Five,Royal Never Give Up,blue_side,red_side
Camille,Senna,Irelia,Graves,12.2,Rich,Bin,,,,
Jax,Renekton,Lee Sin,Hecarim,12.2,Karsa,Wei,,,,
Jayce,Gwen,Ryze,Vex,12.2,RooKie,xiaohu,,,,
Tryndamere,LeBlanc,Zeri,Jinx,12.2,Photic,GALA,,,,
Corki,Gnar,Leona,Nautilus,12.2,Ppgod,Ming,,,,
,,,,,,,Victory Five,Royal Never Give Up,blue_side,red_side
Caitlyn,Jarvan IV,Graves,Tryndamere,12.2,New,Wayward,,,,
Gwen,RekSai,Xin Zhao,Hecarim,12.2,Chieftain,Tian,,,,
Corki,Zeri,Twisted Fate,Ryze,12.2,Ucal,Knight,,,,
Aphelios,Seraphine,Karma,Jinx,12.2,Southwind,JackeyLove,,,,
Jax,Camille,Senna,Tahm Kench,12.2,Puff,Mark,,,,
,,,,,,,TT,Top Esports,red_side,blue_side
Hecarim,Jarvan IV,Gwen,Jayce,12.2,New,Wayward,,,,
Caitlyn,RekSai,Xin Zhao,Lee Sin,12.2,Chieftain,Tian,,,,
Corki,Zeri,Orianna,Ryze,12.2,Ucal,Knight,,,,
Ziggs,Malphite,Aphelios,Tahm Kench,12.2,Puff,Mark,,,,
Jinx,Tryndamere,Thresh,Senna,12.2,Southwind,JackeyLove,,,,
,,,,,,,TT,Top Esports,red_side,blue_side
Tahm Kench,Caitlyn,Graves,Gwen,12.2,Flandre,TheShy,,,,
Corki,Zeri,Volibear,Lee Sin,12.2,Jiejie,SofM,,,,
Galio,Aphelios,Twisted Fate,Ryze,12.2,Scout,Angel,,,,
Nautilus,Jarvan IV,Ezreal,Jinx,12.2,Viper,huanfeng,,,,
Rakan,Xin Zhao,Karma,Thresh,12.2,meiko,ON,,,,
,,,,,,,Edward Gaming,Weibo Gaming,red_side,blue_side
Caitlyn,Tahm Kench,Gwen,Renekton,12.2,TheShy,Flandre,,,,
Ryze,Twisted Fate,Hecarim,Lee Sin,12.2,SofM,Jiejie,,,,
Aphelios,Zeri,Orianna,Corki,12.2,Angel,Scout,,,,
Jayce,Veigar,Jinx,Ezreal,12.2,huanfeng,Viper,,,,
Graves,Vex,Thresh,Karma,12.2,ON,meiko,,,,
,,,,,,,Weibo Gaming,Edward Gaming,blue_side,red_side
Nautilus,Zeri,Kennen,Malphite,12.2,369,shanji,,,,
Graves,Lulu,Viego,Hecarim,12.2,Kanavi,AKi,,,,
Akali,Veigar,Corki,Orianna,12.2,Yagao,Creme,,,,
Gragas,Lee Sin,Aphelios,Jinx,12.2,Hope,Able,,,,
Poppy,Gwen,Thresh,Tahm Kench,12.2,Missing,cold,,,,
,,,,,,,JD Gaming,OMG,blue_side,red_side
Twisted Fate,Nautilus,Graves,Kennen,12.2,shanji,369,,,,
Lulu,Zeri,Trundle,Hecarim,12.2,AKi,Kanavi,,,,
Veigar,Akali,Corki,Viktor,12.2,Creme,Yagao,,,,
Jax,Jarvan IV,Samira,Jinx,12.2,Able,Hope,,,,
Gwen,Poppy,Rell,Alistar,12.2,cold,Missing,,,,
,,,,,,,OMG,JD Gaming,red_side,blue_side
LeBlanc,Corki,Kennen,Gwen,12.2,Biubiu,fearness,,,,
Caitlyn,Renekton,Xin Zhao,Viego,12.2,beishang,Shad0w,,,,
Jinx,Zeri,Ryze,Orianna,12.2,Shanks,YeG,,,,
Nautilus,Jayce,Aphelios,Karma,12.2,Xing,jinjiao,,,,
Sett,Akali,Yuumi,Senna,12.2,Kedaya,Eric,,,,
,,,,,,,Team WE,LGD Gaming,blue_side,red_side
Rakan,Zeri,Renekton,Jayce,12.2,fearness,Biubiu,,,,
Ryze,Corki,Diana,Xin Zhao,12.2,Shad0w,beishang,,,,
LeBlanc,Caitlyn,Galio,Twisted Fate,12.2,YeG,Shanks,,,,
Gwen,Thresh,Aphelios,Jinx,12.2,Eric,Xing,,,,
Lulu,Yuumi,Nautilus,Tahm Kench,12.2,jinjiao,Kedaya,,,,
,,,,,,,LGD Gaming,Team WE,blue_side,red_side
LeBlanc,Corki,Sion,Ornn,12.2,Biubiu,fearness,,,,
Caitlyn,Zeri,Volibear,Xin Zhao,12.2,beishang,Shad0w,,,,
Renekton,Ryze,Orianna,Sylas,12.2,Shanks,YeG,,,,
Galio,Jayce,Jinx,Aphelios,12.2,Xing,Eric,,,,
Gwen,Akali,Nautilus,Leona,12.2,Kedaya,jinjiao,,,,
,,,,,,,Team WE,LGD Gaming,blue_side,red_side
Twisted Fate,Caitlyn,Camille,Jax,12.2,Xiaolaohu,zs,,,,
Corki,Jayce,Viego,Xin Zhao,12.2,Clid,H4cker,,,,
Tahm Kench,Lee Sin,Galio,Ryze,12.2,Gori,Cryin,,,,
Gwen,Yuumi,Zeri,Jinx,12.2,Lwx,Elk,,,,
Akali,Leona,Alistar,Nautilus,12.2,Hang,ShiauC,,,,
,,,,,,,Funplus Phoenix,Ultra Prime,blue_side,red_side
Lee Sin,Twisted Fate,Gwen,Graves,12.2,zs,Xiaolaohu,,,,
Galio,Zeri,Hecarim,Viego,12.2,H4cker,Clid,,,,
Caitlyn,Corki,LeBlanc,Ryze,12.2,Cryin,Gori,,,,
Xin Zhao,Jarvan IV,Jinx,Aphelios,12.2,Elk,Lwx,,,,
Jayce,Volibear,Thresh,Lulu,12.2,ShiauC,Hang,,,,
,,,,,,,Ultra Prime,Funplus Phoenix,blue_side,red_side
Twisted Fate,Caitlyn,Jayce,Wukong,12.2,Xiaolaohu,zs,,,,
Corki,Lee Sin,Xin Zhao,Jarvan IV,12.2,Clid,H4cker,,,,
Aphelios,Galio,Orianna,Ryze,12.2,Gori,Cryin,,,,
Malphite,LeBlanc,Zeri,Jinx,12.2,Lwx,Elk,,,,
Hecarim,Yuumi,Alistar,Nautilus,12.2,Hang,ShiauC,,,,
,,,,,,,Funplus Phoenix,Ultra Prime,blue_side,red_side
LeBlanc,Renekton,Camille,Fiora,12.2,Ale,Breathe,,,,
Thresh,Caitlyn,Lee Sin,Xin Zhao,12.2,Tarzan,WeiWei,,,,
Tahm Kench,Zeri,Twisted Fate,Ryze,12.2,Doinb,FoFo,,,,
Orianna,Rakan,Aphelios,Jinx,12.2,Light,Doggo,,,,
Gwen,Nautilus,Alistar,Leona,12.2,LvMao,Crisp,,,,
,,,,,,,LNG Esports,Bilibili Gaming,red_side,blue_side
LeBlanc,Renekton,Camille,Akali,12.2,Ale,Breathe,,,,
Thresh,Caitlyn,Volibear,Xin Zhao,12.2,Tarzan,WeiWei,,,,
Aphelios,Twisted Fate,Ryze,Corki,12.2,Doinb,FoFo,,,,
Orianna,Lee Sin,Zeri,Jinx,12.2,Light,Doggo,,,,
Gwen,Jarvan IV,Leona,Rakan,12.2,LvMao,Crisp,,,,
,,,,,,,LNG Esports,Bilibili Gaming,blue_side,red_side
LeBlanc,Renekton,Gwen,Jayce,12.2,Ale,Breathe,,,,
Thresh,Twisted Fate,Lee Sin,Xin Zhao,12.2,Tarzan,WeiWei,,,,
Aphelios,Zeri,Galio,Ryze,12.2,Doinb,FoFo,,,,
RekSai,Orianna,Caitlyn,Samira,12.2,Light,Doggo,,,,
Jarvan IV,Camille,Lux,Nautilus,12.2,LvMao,Crisp,,,,
,,,,,,,LNG Esports,Bilibili Gaming,blue_side,red_side
Ryze,Caitlyn,Graves,Tryndamere,12.2,Rich,Zika,,,,
Gwen,Zeri,Jarvan IV,Nidalee,12.2,Karsa,XUN,,,,
Twisted Fate,Viktor,LeBlanc,Renekton,12.2,RooKie,Yuekai,,,,
Nautilus,Lee Sin,Aphelios,Jinx,12.2,Photic,Ahn,,,,
Camille,Xin Zhao,Thresh,Leona,12.2,Ppgod,XinLiu,,,,
,,,,,,,Victory Five,Invictus Gaming,red_side,blue_side
Caitlyn,Ryze,Tryndamere,Poppy,12.2,Zika,Rich,,,,
Zeri,Renekton,Diana,Lee Sin,12.2,XUN,Karsa,,,,
Viktor,Gwen,Twisted Fate,Vex,12.2,Yuekai,RooKie,,,,
Corki,Camille,Aphelios,Tahm Kench,12.2,Ahn,Ppgod,,,,
LeBlanc,Xin Zhao,Thresh,Senna,12.2,XinLiu,Photic,,,,
,,,,,,,Invictus Gaming,Victory Five,red_side,blue_side
Ryze,Caitlyn,Poppy,Tryndamere,12.2,Rich,Zika,,,,
Gwen,Zeri,Lee Sin,Xin Zhao,12.2,Karsa,XUN,,,,
Renekton,Viktor,Syndra,LeBlanc,12.2,RooKie,Yuekai,,,,
Rakan,Vex,Tahm Kench,Aphelios,12.2,Ppgod,Ahn,,,,
Jayce,Corki,Senna,Thresh,12.2,Photic,XinLiu,,,,
,,,,,,,Victory Five,Invictus Gaming,blue_side,red_side
Akali,Nidalee,Graves,Camille,12.2,Cube,Zdz,,,,
Xin Zhao,Corki,Viego,Lee Sin,12.2,Leyan,Xiaohao,,,,
LeBlanc,Diana,Ryze,Orianna,12.2,Strive,Forge,,,,
Renekton,Yuumi,Zeri,Jinx,12.2,iBOY,Betty,,,,
Gwen,Jayce,Leona,Nautilus,12.2,yuyanjia,Qiuqiu,,,,
,,,,,,,Rare Atom,Anyone s Legend,red_side,blue_side
Akali,Nidalee,Graves,Jax,12.2,Cube,Zdz,,,,
Xin Zhao,Corki,RekSai,Lee Sin,12.2,Leyan,Xiaohao,,,,
Nautilus,Diana,Ryze,LeBlanc,12.2,Strive,Forge,,,,
Gwen,Jarvan IV,Zeri,Jinx,12.2,iBOY,Betty,,,,
Camille,Renekton,Yuumi,Leona,12.2,yuyanjia,Qiuqiu,,,,
,,,,,,,Rare Atom,Anyone s Legend,blue_side,red_side
Akali,Nidalee,Renekton,Ornn,12.2,Cube,Zdz,,,,
Xin Zhao,Corki,Qiyana,Lee Sin,12.2,Leyan,Xiaohao,,,,
Nautilus,Diana,Ryze,LeBlanc,12.2,Strive,Forge,,,,
Camille,RekSai,Zeri,Jinx,12.2,iBOY,Betty,,,,
Gwen,Jarvan IV,Yuumi,Leona,12.2,yuyanjia,Qiuqiu,,,,
,,,,,,,Rare Atom,Anyone s Legend,red_side,blue_side
Jayce,Caitlyn,Gwen,Akali,12.2,Wayward,Bin,,,,
Twisted Fate,Viego,Hecarim,Xin Zhao,12.2,Tian,Wei,,,,
Jax,Nidalee,Sylas,Corki,12.2,Knight,xiaohu,,,,
Aphelios,Renekton,Zeri,Tristana,12.2,JackeyLove,GALA,,,,
Jinx,Lee Sin,Nautilus,Leona,12.2,Mark,Ming,,,,
,,,,,,,Top Esports,Royal Never Give Up,red_side,blue_side
Viego,Twisted Fate,Camille,Renekton,12.2,Bin,Wayward,,,,
Tryndamere,Corki,Lee Sin,Poppy,12.2,Wei,Tian,,,,
Jayce,Gwen,Ryze,Viktor,12.2,xiaohu,Knight,,,,
LeBlanc,Vex,Jinx,Aphelios,12.2,GALA,JackeyLove,,,,
Jax,Graves,Nautilus,Leona,12.2,Ming,Mark,,,,
,,,,,,,Royal Never Give Up,Top Esports,blue_side,red_side
Twisted Fate,Caitlyn,Jayce,Malphite,12.2,Xiaolaohu,TheShy,,,,
Rakan,Zeri,Volibear,Viego,12.2,Clid,SofM,,,,
Corki,Lee Sin,Akali,Orianna,12.2,Gori,Angel,,,,
Sion,Diana,Aphelios,Jinx,12.2,Lwx,huanfeng,,,,
Viktor,Galio,Thresh,Tahm Kench,12.2,Hang,ON,,,,
,,,,,,,Funplus Phoenix,Weibo Gaming,red_side,blue_side
Twisted Fate,Caitlyn,Jayce,Lucian,12.2,Xiaolaohu,TheShy,,,,
Rakan,Zeri,Xin Zhao,Lee Sin,12.2,Clid,SofM,,,,
Viego,Corki,Orianna,Galio,12.2,Gori,Angel,,,,
Sion,Volibear,Aphelios,Jinx,12.2,Lwx,huanfeng,,,,
Malphite,Poppy,Thresh,Tahm Kench,12.2,Hang,ON,,,,
,,,,,,,Funplus Phoenix,Weibo Gaming,blue_side,red_side
Jayce,Twisted Fate,Kennen,Gwen,12.2,TheShy,Xiaolaohu,,,,
Caitlyn,Zeri,Viego,Lee Sin,12.2,SofM,Clid,,,,
Aphelios,Corki,Viktor,Orianna,12.2,Angel,Gori,,,,
LeBlanc,Lulu,Jinx,Kaisa,12.2,huanfeng,Lwx,,,,
Ryze,Thresh,Rakan,Nautilus,12.2,ON,Hang,,,,
,,,,,,,Weibo Gaming,Funplus Phoenix,blue_side,red_side
Renekton,Caitlyn,Graves,Gwen,12.2,Flandre,Biubiu,,,,
Rakan,Zeri,Volibear,Viego,12.2,Jiejie,View,,,,
Corki,Lee Sin,Twisted Fate,LeBlanc,12.2,Scout,Shanks,,,,
Ryze,Jayce,Jinx,Aphelios,12.2,Viper,Xing,,,,
Sylas,Xin Zhao,Tahm Kench,Thresh,12.2,meiko,Kedaya,,,,
,,,,,,,Edward Gaming,Team WE,blue_side,red_side
Caitlyn,Zeri,Akali,Gwen,12.2,Biubiu,Flandre,,,,
Twisted Fate,Corki,Xin Zhao,Jarvan IV,12.2,View,Jiejie,,,,
Lee Sin,Renekton,LeBlanc,Lissandra,12.2,Shanks,Scout,,,,
Volibear,Jayce,Aphelios,Jinx,12.2,Xing,Viper,,,,
Poppy,Ryze,Rakan,Thresh,12.2,Kedaya,meiko,,,,
,,,,,,,Team WE,Edward Gaming,red_side,blue_side
Samira,Gwen,Jayce,Shen,12.2,Rich,shanji,,,,
Gragas,Lee Sin,Viego,Graves,12.2,Karsa,AKi,,,,
Janna,Nidalee,Twisted Fate,Corki,12.2,RooKie,Creme,,,,
Vex,Poppy,Caitlyn,Zeri,12.2,Photic,Able,,,,
Malphite,Xin Zhao,Lux,Nautilus,12.2,Ppgod,cold,,,,
,,,,,,,Victory Five,OMG,red_side,blue_side
Samira,Lee Sin,Irelia,Sion,12.2,Rich,shanji,,,,
Nautilus,Gwen,Nidalee,Xin Zhao,12.2,Karsa,AKi,,,,
Graves,Twisted Fate,Renekton,Corki,12.2,RooKie,Creme,,,,
Akali,Yuumi,Zeri,Tristana,12.2,Photic,Able,,,,
LeBlanc,Braum,Leona,Amumu,12.2,Ppgod,cold,,,,
,,,,,,,Victory Five,OMG,blue_side,red_side
Lee Sin,Samira,Gragas,Graves,12.2,shanji,Rich,,,,
Gwen,Nautilus,Jarvan IV,Hecarim,12.2,AKi,Karsa,,,,
Twisted Fate,Zeri,Orianna,Corki,12.2,Creme,RooKie,,,,
Poppy,Akali,Aphelios,Tahm Kench,12.2,Able,Ppgod,,,,
LeBlanc,Vex,Thresh,Senna,12.2,cold,Photic,,,,
,,,,,,,OMG,Victory Five,red_side,blue_side
Akali,Twisted Fate,Camille,Fiora,12.2,New,Breathe,,,,
LeBlanc,Caitlyn,RekSai,Hecarim,12.2,Chieftain,WeiWei,,,,
Zeri,Jarvan IV,Corki,Orianna,12.2,Ucal,FoFo,,,,
Gwen,Xin Zhao,Tahm Kench,Aphelios,12.2,Southwind,Doggo,,,,
Jax,Lee Sin,Senna,Thresh,12.2,Puff,Crisp,,,,
,,,,,,,TT,Bilibili Gaming,red_side,blue_side
Akali,Twisted Fate,Camille,Gwen,12.2,New,Breathe,,,,
LeBlanc,Caitlyn,Volibear,Poppy,12.2,Chieftain,WeiWei,,,,
Zeri,Jarvan IV,Corki,Orianna,12.2,Ucal,FoFo,,,,
Hecarim,Lee Sin,Jinx,Aphelios,12.2,Puff,Doggo,,,,
Xin Zhao,Trundle,Thresh,Nautilus,12.2,Southwind,Crisp,,,,
,,,,,,,TT,Bilibili Gaming,red_side,blue_side
Camille,Twisted Fate,Wukong,Jayce,12.2,zs,Zdz,,,,
Xin Zhao,Corki,Jarvan IV,Lee Sin,12.2,H4cker,Xiaohao,,,,
LeBlanc,Yuumi,Ryze,Akali,12.2,Cryin,Forge,,,,
Leona,Gragas,Zeri,Jinx,12.2,Elk,Betty,,,,
Gwen,Kennen,Nautilus,Braum,12.2,ShiauC,Qiuqiu,,,,
,,,,,,,Ultra Prime,Anyone s Legend,blue_side,red_side
Camille,Twisted Fate,Renekton,Aatrox,12.2,zs,Zdz,,,,
Xin Zhao,Corki,Jarvan IV,Lee Sin,12.2,H4cker,Xiaohao,,,,
LeBlanc,Yuumi,Ryze,Akali,12.2,Cryin,Forge,,,,
Leona,Gragas,Zeri,Jinx,12.2,Elk,Betty,,,,
Gwen,Jayce,Alistar,Nautilus,12.2,ShiauC,Qiuqiu,,,,
,,,,,,,Ultra Prime,Anyone s Legend,red_side,blue_side
Camille,Twisted Fate,Renekton,Ornn,12.2,zs,Zdz,,,,
Akali,Corki,Xin Zhao,Jarvan IV,12.2,H4cker,Xiaohao,,,,
Lee Sin,Yuumi,Annie,Ryze,12.2,Cryin,Forge,,,,
Gwen,Gragas,Caitlyn,Zeri,12.2,Elk,Betty,,,,
Aatrox,LeBlanc,Karma,Nautilus,12.2,ShiauC,Qiuqiu,,,,
,,,,,,,Ultra Prime,Anyone s Legend,red_side,blue_side
Rakan,Caitlyn,Jax,Gwen,12.2,369,Biubiu,,,,
Jayce,Zeri,Viego,Xin Zhao,12.2,Kanavi,View,,,,
Renekton,Lee Sin,Corki,Ryze,12.2,Yagao,Shanks,,,,
Nautilus,Kennen,Jinx,Aphelios,12.2,Hope,Xing,,,,
Twisted Fate,Jarvan IV,Thresh,Lulu,12.2,Missing,Kedaya,,,,
,,,,,,,JD Gaming,Team WE,blue_side,red_side
Caitlyn,Rakan,Gwen,Kennen,12.2,Biubiu,369,,,,
Xin Zhao,Renekton,Diana,Viego,12.2,View,Kanavi,,,,
Thresh,Jayce,Tryndamere,Corki,12.2,Shanks,Yagao,,,,
Tahm Kench,Twisted Fate,Zeri,Jinx,12.2,Xing,Hope,,,,
Poppy,Ryze,Nautilus,Leona,12.2,Kedaya,Missing,,,,
,,,,,,,Team WE,JD Gaming,red_side,blue_side
Zeri,Corki,Tryndamere,Gwen,12.2,Cube,Zika,,,,
Camille,Renekton,Jarvan IV,Xin Zhao,12.2,Leyan,XUN,,,,
Caitlyn,Thresh,Viktor,Twisted Fate,12.2,Strive,Yuekai,,,,
Ryze,Jayce,Jinx,Aphelios,12.2,iBOY,Ahn,,,,
LeBlanc,Leona,Tahm Kench,Rakan,12.2,yuyanjia,XinLiu,,,,
,,,,,,,Rare Atom,Invictus Gaming,red_side,blue_side
Twisted Fate,Corki,Gwen,Jayce,12.2,Cube,Zika,,,,
Jarvan IV,Renekton,Lee Sin,Viego,12.2,Leyan,XUN,,,,
Xin Zhao,Caitlyn,Orianna,Ryze,12.2,Strive,Yuekai,,,,
Akali,Viktor,Jinx,Aphelios,12.2,iBOY,Ahn,,,,
Vex,LeBlanc,Thresh,Nautilus,12.2,yuyanjia,XinLiu,,,,
,,,,,,,Rare Atom,Invictus Gaming,red_side,blue_side
Twisted Fate,Caitlyn,Jax,Gwen,12.1,Breathe,Bin,,,,
Jarvan IV,Akali,Viego,Olaf,12.1,WeiWei,Wei,,,,
LeBlanc,Thresh,Viktor,Corki,12.1,FoFo,xiaohu,,,,
Xin Zhao,Jayce,Aphelios,Jinx,12.1,Doggo,GALA,,,,
Vex,Graves,Leona,Nautilus,12.1,Crisp,Ming,,,,
,,,,,,,Bilibili Gaming,Royal Never Give Up,red_side,blue_side
Caitlyn,Jarvan IV,Graves,Tryndamere,12.1,Bin,Breathe,,,,
Thresh,Twisted Fate,Viego,RekSai,12.1,Wei,WeiWei,,,,
Gwen,Corki,Viktor,LeBlanc,12.1,xiaohu,FoFo,,,,
Lee Sin,Vex,Aphelios,Jinx,12.1,GALA,Doggo,,,,
Xin Zhao,Camille,Nautilus,Leona,12.1,Ming,Crisp,,,,
,,,,,,,Royal Never Give Up,Bilibili Gaming,red_side,blue_side
Twisted Fate,Caitlyn,Jayce,Camille,12.1,Breathe,Bin,,,,
Jarvan IV,Thresh,RekSai,Xin Zhao,12.1,WeiWei,Wei,,,,
LeBlanc,Akali,Vex,Corki,12.1,FoFo,xiaohu,,,,
Graves,Viktor,Aphelios,Jinx,12.1,Doggo,GALA,,,,
Irelia,Orianna,Leona,Nautilus,12.1,Crisp,Ming,,,,
,,,,,,,Bilibili Gaming,Royal Never Give Up,red_side,blue_side
Akali,Corki,Ornn,Aatrox,12.1,Zoom,shanji,,,,
Gwen,Nidalee,Jarvan IV,Poppy,12.1,Xiaopeng,AKi,,,,
Gragas,Renekton,Viktor,Orianna,12.1,Knight,Creme,,,,
Samira,Caitlyn,Aphelios,Jinx,12.1,JackeyLove,Able,,,,
Graves,Draven,Sett,Nautilus,12.1,Zhuo,cold,,,,
,,,,,,,Top Esports,OMG,red_side,blue_side
Akali,Corki,Renekton,Aatrox,12.1,Zoom,shanji,,,,
Samira,Caitlyn,Jarvan IV,Poppy,12.1,Xiaopeng,AKi,,,,
Graves,Gwen,Viktor,LeBlanc,12.1,Knight,Creme,,,,
Gragas,Jinx,Xayah,Aphelios,12.1,JackeyLove,Able,,,,
Orianna,Varus,Braum,Thresh,12.1,Zhuo,cold,,,,
,,,,,,,Top Esports,OMG,red_side,blue_side
Caitlyn,Renekton,Jayce,Graves,12.1,Ale,Xiaolaohu,,,,
Corki,Twisted Fate,Lee Sin,Xin Zhao,12.1,Tarzan,Clid,,,,
Jinx,Aphelios,Ryze,Orianna,12.1,Doinb,Gori,,,,
Gwen,Viktor,Varus,Jhin,12.1,Light,Lwx,,,,
Camille,Braum,Alistar,Leona,12.1,LvMao,Hang,,,,
,,,,,,,LNG Esports,Funplus Phoenix,blue_side,red_side
Twisted Fate,Caitlyn,Camille,Jayce,12.1,Xiaolaohu,Ale,,,,
Renekton,Thresh,Diana,Lee Sin,12.1,Clid,Tarzan,,,,
Corki,Aphelios,Galio,Vex,12.1,Gori,Doinb,,,,
Ziggs,Rakan,Jinx,Ezreal,12.1,Lwx,Light,,,,
Xayah,Viego,Braum,Leona,12.1,Hang,LvMao,,,,
,,,,,,,Funplus Phoenix,LNG Esports,blue_side,red_side
Twisted Fate,Caitlyn,Graves,Fiora,12.1,Xiaolaohu,Ale,,,,
Renekton,Thresh,Xin Zhao,Lee Sin,12.1,Clid,Tarzan,,,,
Corki,Lulu,Viktor,Ryze,12.1,Gori,Doinb,,,,
Galio,Jayce,Aphelios,Jinx,12.1,Lwx,Light,,,,
Jax,Gwen,Nautilus,Leona,12.1,Hang,LvMao,,,,
,,,,,,,Funplus Phoenix,LNG Esports,red_side,blue_side
LeBlanc,Twisted Fate,Graves,Akshan,12.1,TheShy,Rich,,,,
Lee Sin,Gwen,Trundle,Xin Zhao,12.1,SofM,Karsa,,,,
Thresh,Poppy,Corki,Viktor,12.1,Angel,RooKie,,,,
Vex,Alistar,Caitlyn,Samira,12.1,huanfeng,Photic,,,,
Tryndamere,Braum,Sett,Nautilus,12.1,ON,Ppgod,,,,
,,,,,,,Weibo Gaming,Victory Five,red_side,blue_side
Twisted Fate,Caitlyn,Gragas,Gnar,12.1,Rich,TheShy,,,,
Gwen,Lee Sin,Jarvan IV,Viego,12.1,Karsa,SofM,,,,
Zed,Thresh,Viktor,Zoe,12.1,RooKie,Angel,,,,
Syndra,LeBlanc,Ezreal,Xayah,12.1,Photic,huanfeng,,,,
Sion,Tryndamere,Yuumi,Rakan,12.1,Ppgod,ON,,,,
,,,,,,,Victory Five,Weibo Gaming,red_side,blue_side
LeBlanc,Twisted Fate,Sion,Aatrox,12.1,TheShy,Rich,,,,
Lee Sin,Gwen,Zed,Gragas,12.1,SofM,Karsa,,,,
Thresh,Caitlyn,Corki,Lucian,12.1,Angel,RooKie,,,,
Vex,Gnar,Xayah,Aphelios,12.1,huanfeng,Photic,,,,
Viktor,Xin Zhao,Rakan,Nautilus,12.1,ON,Ppgod,,,,
,,,,,,,Weibo Gaming,Victory Five,blue_side,red_side
Renekton,Corki,Gwen,Jayce,12.1,Zdz,New,,,,
Karma,Caitlyn,Xin Zhao,Olaf,12.1,Xiaohao,Moyan,,,,
Thresh,Leona,Ryze,Twisted Fate,12.1,Maple,Captain,,,,
Talon,Rakan,Jinx,Aphelios,12.1,Betty,Puff,,,,
Lee Sin,Nautilus,Lulu,Yuumi,12.1,Qiuqiu,Southwind,,,,
,,,,,,,Anyone s Legend,TT,red_side,blue_side
Karma,Caitlyn,Gwen,Jayce,12.1,New,Zdz,,,,
Jarvan IV,Renekton,Xin Zhao,Lee Sin,12.1,Moyan,Xiaohao,,,,
Corki,Aphelios,Viktor,Akali,12.1,Captain,Maple,,,,
LeBlanc,Yuumi,Ezreal,Jinx,12.1,Puff,Betty,,,,
Lulu,Xayah,Rakan,Nautilus,12.1,Southwind,Qiuqiu,,,,
,,,,,,,TT,Anyone s Legend,red_side,blue_side
Nautilus,Renekton,Camille,Jax,12.1,New,Zdz,,,,
Gwen,Caitlyn,Xin Zhao,Lee Sin,12.1,Moyan,Xiaohao,,,,
Corki,Aphelios,Vex,LeBlanc,12.1,Captain,Maple,,,,
Rakan,Galio,Jinx,Jhin,12.1,Puff,Betty,,,,
Leona,Twisted Fate,Thresh,Yuumi,12.1,Southwind,Qiuqiu,,,,
,,,,,,,TT,Anyone s Legend,blue_side,red_side
Jinx,Nidalee,Gwen,Jayce,12.1,Zika,zs,,,,
Caitlyn,Diana,Lee Sin,Xin Zhao,12.1,XUN,H4cker,,,,
Renekton,Camille,Orianna,Corki,12.1,Yuekai,Cryin,,,,
Tryndamere,LeBlanc,Aphelios,Ziggs,12.1,xiaoyueji,Elk,,,,
Graves,Vex,Rakan,Leona,12.1,XinLiu,ShiauC,,,,
,,,,,,,Invictus Gaming,Ultra Prime,red_side,blue_side
Nidalee,Jinx,Gragas,Gwen,12.1,zs,Zika,,,,
Diana,Aphelios,Jarvan IV,Xin Zhao,12.1,H4cker,XUN,,,,
Camille,Caitlyn,Corki,LeBlanc,12.1,Cryin,Yuekai,,,,
Draven,Jhin,Xayah,Ezreal,12.1,Elk,xiaoyueji,,,,
Taric,Kaisa,Rakan,Leona,12.1,ShiauC,XinLiu,,,,
,,,,,,,Ultra Prime,Invictus Gaming,blue_side,red_side
RekSai,Xin Zhao,Jayce,Graves,12.1,Breathe,Cube,,,,
Renekton,Caitlyn,Jarvan IV,Poppy,12.1,WeiWei,Leyan,,,,
Nidalee,LeBlanc,Orianna,Corki,12.1,FoFo,Strive,,,,
Zed,Viktor,Aphelios,Jinx,12.1,Doggo,iBOY,,,,
Gwen,Vex,Thresh,Nautilus,12.1,Crisp,yuyanjia,,,,
,,,,,,,Bilibili Gaming,Rare Atom,blue_side,red_side
Renekton,Xin Zhao,Akali,Gwen,12.1,Breathe,Cube,,,,
Nidalee,Caitlyn,Jarvan IV,RekSai,12.1,WeiWei,Leyan,,,,
Corki,Thresh,Orianna,Viktor,12.1,FoFo,Strive,,,,
Leona,LeBlanc,Aphelios,Jinx,12.1,Doggo,iBOY,,,,
Vex,Jayce,Nautilus,Braum,12.1,Crisp,yuyanjia,,,,
,,,,,,,Bilibili Gaming,Rare Atom,blue_side,red_side
Akali,Renekton,Ornn,Gragas,12.1,fearness,shanji,,,,
Samira,Caitlyn,Xin Zhao,Zed,12.1,Shad0w,AKi,,,,
Jarvan IV,Ziggs,Corki,Viktor,12.1,YeG,Creme,,,,
Sylas,Nautilus,Jinx,Aphelios,12.1,Eric,Able,,,,
LeBlanc,Gwen,Leona,Thresh,12.1,jinjiao,cold,,,,
,,,,,,,LGD Gaming,OMG,blue_side,red_side
Renekton,Akali,Graves,Camille,12.1,shanji,fearness,,,,
Caitlyn,Samira,Jarvan IV,Lee Sin,12.1,AKi,Shad0w,,,,
Xin Zhao,Corki,Viktor,Galio,12.1,Creme,YeG,,,,
LeBlanc,Rumble,Jinx,Aphelios,12.1,Able,Eric,,,,
Gwen,Gragas,Nautilus,Braum,12.1,cold,jinjiao,,,,
,,,,,,,OMG,LGD Gaming,blue_side,red_side
Akali,Renekton,Ornn,Gangplank,12.1,fearness,shanji,,,,
Samira,Caitlyn,Viego,Xin Zhao,12.1,Shad0w,AKi,,,,
Jarvan IV,Corki,Orianna,Viktor,12.1,YeG,Creme,,,,
Rumble,LeBlanc,Jinx,Aphelios,12.1,Eric,Able,,,,
Gwen,Jayce,Leona,Nautilus,12.1,jinjiao,cold,,,,
,,,,,,,LGD Gaming,OMG,blue_side,red_side
RekSai,LeBlanc,Akali,Gwen,12.1,Rich,Zoom,,,,
Renekton,Lee Sin,Trundle,Xin Zhao,12.1,Karsa,Xiaopeng,,,,
Caitlyn,Jarvan IV,Azir,Viktor,12.1,RooKie,Knight,,,,
Twisted Fate,Jayce,Jinx,Aphelios,12.1,Photic,JackeyLove,,,,
Rakan,Kennen,Thresh,Braum,12.1,Ppgod,Zhuo,,,,
,,,,,,,Victory Five,Top Esports,red_side,blue_side
LeBlanc,Renekton,Kennen,Gwen,12.1,Zoom,Rich,,,,
Trundle,Caitlyn,Xin Zhao,Poppy,12.1,Xiaopeng,Karsa,,,,
Lee Sin,Jarvan IV,Corki,Viktor,12.1,Knight,RooKie,,,,
Talon,Braum,Aphelios,Jinx,12.1,JackeyLove,Photic,,,,
Jayce,Rakan,Leona,Nautilus,12.1,Zhuo,Ppgod,,,,
,,,,,,,Top Esports,Victory Five,red_side,blue_side
Renekton,LeBlanc,Graves,Jayce,12.1,Rich,Zoom,,,,
Caitlyn,Viktor,Lee Sin,Jarvan IV,12.1,Karsa,Xiaopeng,,,,
Gwen,Gragas,Orianna,Zoe,12.1,RooKie,Knight,,,,
Tryndamere,Syndra,Aphelios,Jinx,12.1,Photic,JackeyLove,,,,
Corki,Azir,Thresh,Nautilus,12.1,Ppgod,Zhuo,,,,
,,,,,,,Victory Five,Top Esports,blue_side,red_side
Twisted Fate,Nidalee,Gwen,Jayce,12.1,neny,Bin,,,,
Jarvan IV,Diana,Lee Sin,Xin Zhao,12.1,XUN,Wei,,,,
Vex,LeBlanc,Corki,Orianna,12.1,Yuekai,xiaohu,,,,
Syndra,Yuumi,Caitlyn,Aphelios,12.1,xiaoyueji,GALA,,,,
Zoe,Jinx,Lux,Nautilus,12.1,XinLiu,Ming,,,,
,,,,,,,Invictus Gaming,Royal Never Give Up,red_side,blue_side
Twisted Fate,Nidalee,Gragas,Graves,12.1,neny,Bin,,,,
Jarvan IV,Diana,Xin Zhao,Viego,12.1,XUN,Wei,,,,
Corki,Lee Sin,Viktor,LeBlanc,12.1,Yuekai,xiaohu,,,,
Jayce,Nautilus,Aphelios,Jinx,12.1,xiaoyueji,GALA,,,,
Camille,Gwen,Seraphine,Thresh,12.1,XinLiu,Ming,,,,
,,,,,,,Invictus Gaming,Royal Never Give Up,red_side,blue_side
Renekton,Twisted Fate,Gwen,Kennen,12.1,TheShy,Zdz,,,,
LeBlanc,Caitlyn,Trundle,Xin Zhao,12.1,SofM,Xiaohao,,,,
Tryndamere,Aphelios,Corki,Viktor,12.1,Angel,Maple,,,,
Jayce,Karma,Xayah,Jinx,12.1,huanfeng,Betty,,,,
Lulu,Ezreal,Rakan,Nautilus,12.1,ON,Qiuqiu,,,,
,,,,,,,Weibo Gaming,Anyone s Legend,blue_side,red_side
Renekton,Twisted Fate,Jayce,Graves,12.1,TheShy,Zdz,,,,
LeBlanc,Caitlyn,Trundle,Xin Zhao,12.1,SofM,Xiaohao,,,,
Tryndamere,Gwen,Corki,Vex,12.1,Angel,Maple,,,,
Camille,Gragas,Xayah,Aphelios,12.1,huanfeng,Betty,,,,
Malphite,Jarvan IV,Rakan,Nautilus,12.1,ON,Qiuqiu,,,,
,,,,,,,Weibo Gaming,Anyone s Legend,blue_side,red_side
Samira,Lee Sin,Gwen,Graves,12.1,xiaoxiang,shanji,,,,
Gragas,Caitlyn,Jarvan IV,Xin Zhao,12.1,Jiejie,AKi,,,,
Corki,Thresh,Twisted Fate,Akali,12.1,Scout,Creme,,,,
Rumble,Aphelios,Ezreal,Jinx,12.1,Viper,Able,,,,
Nautilus,Yuumi,Karma,Lulu,12.1,meiko,cold,,,,
,,,,,,,Edward Gaming,OMG,blue_side,red_side
Samira,Caitlyn,Ornn,Renekton,12.1,xiaoxiang,shanji,,,,
Corki,Gwen,Lee Sin,RekSai,12.1,Jiejie,AKi,,,,
Gragas,Karma,Syndra,Viktor,12.1,Scout,Creme,,,,
Rumble,Akali,Aphelios,Jinx,12.1,Viper,Able,,,,
Jarvan IV,LeBlanc,Thresh,Nautilus,12.1,meiko,cold,,,,
,,,,,,,Edward Gaming,OMG,blue_side,red_side
LeBlanc,Renekton,Graves,Kennen,12.1,Xiaolaohu,369,,,,
Zoe,Corki,Viego,Jarvan IV,12.1,Beichuan,Kanavi,,,,
Jhin,Caitlyn,Galio,Ryze,12.1,Gori,Yagao,,,,
Xin Zhao,Jayce,Aphelios,Jinx,12.1,Lwx,Hope,,,,
Lee Sin,Diana,Thresh,Lulu,12.1,Hang,Missing,,,,
,,,,,,,Funplus Phoenix,JD Gaming,blue_side,red_side
LeBlanc,Thresh,Gwen,Jax,12.1,Xiaolaohu,369,,,,
Zoe,Renekton,Diana,Xin Zhao,12.1,Beichuan,Kanavi,,,,
Jayce,Corki,Yasuo,Viktor,12.1,Gori,Yagao,,,,
Twisted Fate,Ryze,Caitlyn,Jhin,12.1,Lwx,Hope,,,,
Galio,Graves,Lux,Karma,12.1,Hang,Missing,,,,
,,,,,,,Funplus Phoenix,JD Gaming,red_side,blue_side
Thresh,LeBlanc,Kennen,Gwen,12.1,369,Xiaolaohu,,,,
Caitlyn,Zoe,RekSai,Lee Sin,12.1,Kanavi,Beichuan,,,,
Renekton,Xin Zhao,Corki,Ryze,12.1,Yagao,Gori,,,,
Sylas,Gragas,Aphelios,Jinx,12.1,Hope,Lwx,,,,
Jayce,Sion,Nautilus,Leona,12.1,Missing,Hang,,,,
,,,,,,,JD Gaming,Funplus Phoenix,blue_side,red_side
Talon,Lee Sin,Gwen,Jax,12.1,Ale,Biubiu,,,,
Rakan,Renekton,Xin Zhao,Viego,12.1,Tarzan,View,,,,
Corki,Caitlyn,Ryze,Twisted Fate,12.1,Doinb,Shanks,,,,
Jayce,Kennen,Aphelios,Jinx,12.1,Light,Xing,,,,
LeBlanc,Sylas,Thresh,Lulu,12.1,LvMao,Kedaya,,,,
,,,,,,,LNG Esports,Team WE,blue_side,red_side
Talon,Lee Sin,Camille,Gragas,12.1,Ale,Biubiu,,,,
Rakan,Renekton,Xin Zhao,Viego,12.1,Tarzan,View,,,,
Corki,Caitlyn,Galio,Ryze,12.1,Doinb,Shanks,,,,
Jayce,Twisted Fate,Jinx,Aphelios,12.1,Light,Xing,,,,
Gwen,Akali,Lulu,Thresh,12.1,LvMao,Kedaya,,,,
,,,,,,,LNG Esports,Team WE,blue_side,red_side
Renekton,Corki,Gwen,Graves,12.1,TheShy,New,,,,
Karma,Twisted Fate,KhaZix,Xin Zhao,12.1,SofM,Moyan,,,,
Thresh,Jarvan IV,Syndra,Galio,12.1,Angel,Captain,,,,
Jayce,Zed,Caitlyn,Aphelios,12.1,huanfeng,Puff,,,,
LeBlanc,Talon,Nautilus,Lux,12.1,ON,Southwind,,,,
,,,,,,,Weibo Gaming,TT,blue_side,red_side
Renekton,Gwen,Gragas,Gangplank,12.1,TheShy,New,,,,
Karma,Caitlyn,Jarvan IV,Xin Zhao,12.1,SofM,Moyan,,,,
Thresh,Twisted Fate,Viktor,Galio,12.1,Angel,Captain,,,,
Camille,Corki,Aphelios,Jinx,12.1,huanfeng,Puff,,,,
Graves,Syndra,Lulu,Yuumi,12.1,ON,Southwind,,,,
,,,,,,,Weibo Gaming,TT,red_side,blue_side
Renekton,Gwen,Gragas,Ornn,12.1,TheShy,New,,,,
Karma,Jarvan IV,Xin Zhao,Lee Sin,12.1,SofM,Moyan,,,,
Thresh,Twisted Fate,Viktor,Zoe,12.1,Angel,Captain,,,,
Graves,Corki,Caitlyn,Jinx,12.1,huanfeng,Puff,,,,
Galio,Syndra,Lux,Yuumi,12.1,ON,Southwind,,,,
,,,,,,,Weibo Gaming,TT,blue_side,red_side
LeBlanc,Zoe,Gwen,Jax,12.1,Zdz,Bin,,,,
Twisted Fate,Renekton,Xin Zhao,Diana,12.1,Xiaohao,Wei,,,,
Caitlyn,Graves,Corki,Tryndamere,12.1,Maple,xiaohu,,,,
Lucian,Gragas,Jinx,Aphelios,12.1,Betty,GALA,,,,
Jayce,Braum,Leona,Nautilus,12.1,Qiuqiu,Ming,,,,
,,,,,,,Anyone s Legend,Royal Never Give Up,blue_side,red_side
LeBlanc,Zoe,Graves,Jax,12.1,Zdz,Bin,,,,
Twisted Fate,Renekton,Xin Zhao,Jarvan IV,12.1,Xiaohao,Wei,,,,
Caitlyn,Corki,Ryze,Viktor,12.1,Maple,xiaohu,,,,
Jayce,Gwen,Jinx,Aphelios,12.1,Betty,GALA,,,,
Akshan,Gragas,Nautilus,Thresh,12.1,Qiuqiu,Ming,,,,
,,,,,,,Anyone s Legend,Royal Never Give Up,red_side,blue_side
LeBlanc,Zoe,Graves,Camille,12.1,Zdz,Bin,,,,
Twisted Fate,Renekton,Xin Zhao,Viego,12.1,Xiaohao,Wei,,,,
Karma,Caitlyn,Corki,Vex,12.1,Maple,xiaohu,,,,
Akshan,Gragas,Jinx,Aphelios,12.1,Betty,GALA,,,,
Jax,Gwen,Braum,Nautilus,12.1,Qiuqiu,Ming,,,,
,,,,,,,Anyone s Legend,Royal Never Give Up,red_side,blue_side
Talon,Twisted Fate,Gragas,Gwen,12.1,zs,fearness,,,,
Ziggs,Jinx,Olaf,Xin Zhao,12.1,H4cker,Shad0w,,,,
Renekton,Aphelios,Corki,Ekko,12.1,Cryin,YeG,,,,
Camille,Jarvan IV,Caitlyn,Varus,12.1,Elk,Eric,,,,
Jayce,Lee Sin,Morgana,Rakan,12.1,ShiauC,jinjiao,,,,
,,,,,,,Ultra Prime,LGD Gaming,blue_side,red_side
Twisted Fate,Ziggs,Ornn,Gragas,12.1,fearness,zs,,,,
Aphelios,Talon,Xin Zhao,Lee Sin,12.1,Shad0w,H4cker,,,,
Caitlyn,Renekton,LeBlanc,Corki,12.1,YeG,Cryin,,,,
Jarvan IV,Camille,Jinx,Jhin,12.1,Eric,Elk,,,,
Olaf,Jayce,Nautilus,Leona,12.1,jinjiao,ShiauC,,,,
,,,,,,,LGD Gaming,Ultra Prime,blue_side,red_side
Talon,Twisted Fate,Gragas,Camille,12.1,zs,fearness,,,,
Ziggs,Jinx,Lee Sin,Diana,12.1,H4cker,Shad0w,,,,
Xin Zhao,Aphelios,Corki,Renekton,12.1,Cryin,YeG,,,,
LeBlanc,Jarvan IV,Caitlyn,Jhin,12.1,Elk,Eric,,,,
Nidalee,Olaf,Lux,Karma,12.1,ShiauC,jinjiao,,,,
,,,,,,,Ultra Prime,LGD Gaming,blue_side,red_side
Zoe,Samira,Gragas,Graves,12.1,shanji,Breathe,,,,
Caitlyn,Jarvan IV,Talon,Xin Zhao,12.1,AKi,WeiWei,,,,
Aphelios,Jinx,Corki,Viktor,12.1,Creme,FoFo,,,,
Gwen,Olaf,Ezreal,Jhin,12.1,Able,Doggo,,,,
Leona,Yuumi,Nautilus,Karma,12.1,cold,Crisp,,,,
,,,,,,,OMG,Bilibili Gaming,blue_side,red_side
Samira,Caitlyn,Gwen,Gangplank,12.1,Breathe,shanji,,,,
Jarvan IV,Zoe,Trundle,Xin Zhao,12.1,WeiWei,AKi,,,,
Akali,Corki,Orianna,Viktor,12.1,FoFo,Creme,,,,
Rumble,LeBlanc,Aphelios,Jinx,12.1,Doggo,Able,,,,
Gragas,Azir,Thresh,Nautilus,12.1,Crisp,cold,,,,
,,,,,,,Bilibili Gaming,OMG,blue_side,red_side
Caitlyn,Samira,Sett,Akali,12.1,shanji,Breathe,,,,
Gwen,Jarvan IV,Talon,Viego,12.1,AKi,WeiWei,,,,
Aphelios,Gragas,Corki,Vex,12.1,Creme,FoFo,,,,
LeBlanc,Yuumi,Ezreal,Jinx,12.1,Able,Doggo,,,,
Camille,Rumble,Braum,Nautilus,12.1,cold,Crisp,,,,
,,,,,,,OMG,Bilibili Gaming,red_side,blue_side
LeBlanc,Renekton,Gwen,Gragas,12.1,Cube,Rich,,,,
Lee Sin,Caitlyn,Qiyana,Talon,12.1,Leyan,Karsa,,,,
Lucian,Twisted Fate,Viktor,Syndra,12.1,Strive,RooKie,,,,
Xin Zhao,RekSai,Jinx,Aphelios,12.1,iBOY,Photic,,,,
Viego,Jarvan IV,Thresh,Nautilus,12.1,Zorah,Ppgod,,,,
,,,,,,,Rare Atom,Victory Five,blue_side,red_side
Renekton,LeBlanc,Graves,Gwen,12.1,Rich,Cube,,,,
RekSai,Caitlyn,Jarvan IV,Viego,12.1,Karsa,Leyan,,,,
Twisted Fate,Lee Sin,Viktor,Ryze,12.1,RooKie,Strive,,,,
Corki,Syndra,Aphelios,Jinx,12.1,Photic,iBOY,,,,
Nautilus,Jayce,Thresh,Rakan,12.1,Ppgod,Zorah,,,,
,,,,,,,Victory Five,Rare Atom,blue_side,red_side
Jarvan IV,Caitlyn,Jayce,Gragas,12.1,Cube,Rich,,,,
Lee Sin,Gwen,Nidalee,Xin Zhao,12.1,Leyan,Karsa,,,,
Thresh,Renekton,Zoe,Viktor,12.1,Strive,RooKie,,,,
LeBlanc,RekSai,Jinx,Aphelios,12.1,iBOY,Photic,,,,
Syndra,Corki,Leona,Rakan,12.1,Zorah,Ppgod,,,,
,,,,,,,Rare Atom,Victory Five,red_side,blue_side
LeBlanc,Lee Sin,Jayce,Malphite,12.1,Ale,neny,,,,
Gwen,Corki,Diana,Xin Zhao,12.1,Tarzan,XUN,,,,
Nidalee,Aphelios,Renekton,Viktor,12.1,Doinb,Yuekai,,,,
Rakan,Camille,Jinx,Jhin,12.1,Light,Ahn,,,,
Gragas,Ziggs,Leona,Taric,12.1,LvMao,XinLiu,,,,
,,,,,,,LNG Esports,Invictus Gaming,blue_side,red_side
Renekton,Gwen,Graves,Jax,12.1,neny,Ale,,,,
Corki,LeBlanc,Diana,Lee Sin,12.1,XUN,Tarzan,,,,
Ryze,Gragas,Viktor,Twisted Fate,12.1,Yuekai,Doinb,,,,
Jayce,Xin Zhao,Samira,Caitlyn,12.1,Ahn,Light,,,,
Camille,Nidalee,Nautilus,Alistar,12.1,XinLiu,LvMao,,,,
,,,,,,,Invictus Gaming,LNG Esports,red_side,blue_side
Lee Sin,Talon,Gragas,Aatrox,12.1,Biubiu,Zoom,,,,
Jarvan IV,Corki,Xin Zhao,Viego,12.1,View,Xiaopeng,,,,
Caitlyn,Rakan,Ryze,LeBlanc,12.1,Shanks,Knight,,,,
Vex,Twisted Fate,Aphelios,Jinx,12.1,Stay,JackeyLove,,,,
Graves,Gwen,Lulu,Thresh,12.1,Kedaya,Zhuo,,,,
,,,,,,,Team WE,Top Esports,blue_side,red_side
Talon,Lee Sin,Renekton,Gragas,12.1,Zoom,Biubiu,,,,
Rakan,Caitlyn,Nidalee,Viego,12.1,Xiaopeng,View,,,,
Xin Zhao,Jarvan IV,Corki,Viktor,12.1,Knight,Shanks,,,,
LeBlanc,Jinx,Varus,Aphelios,12.1,JackeyLove,Stay,,,,
Lulu,Yuumi,Braum,Leona,12.1,Zhuo,Kedaya,,,,
,,,,,,,Top Esports,Team WE,blue_side,red_side
Lee Sin,Talon,Gragas,Sett,12.1,Biubiu,Zoom,,,,
Caitlyn,Corki,Viego,Xin Zhao,12.1,View,Xiaopeng,,,,
Jarvan IV,Rakan,LeBlanc,Viktor,12.1,Shanks,Knight,,,,
Vex,Ryze,Aphelios,Jinx,12.1,Stay,JackeyLove,,,,
Graves,Twisted Fate,Lulu,Nautilus,12.1,Kedaya,Zhuo,,,,
,,,,,,,Team WE,Top Esports,red_side,blue_side
Jinx,Corki,Renekton,Graves,12.1,zs,Flandre,,,,
Karma,Twisted Fate,Lee Sin,Xin Zhao,12.1,H4cker,Jiejie,,,,
Caitlyn,Aphelios,Syndra,Ryze,12.1,Cryin,Scout,,,,
Zoe,LeBlanc,Kaisa,Jhin,12.1,Elk,Viper,,,,
Gwen,Annie,Nautilus,Leona,12.1,ShiauC,meiko,,,,
,,,,,,,Ultra Prime,Edward Gaming,red_side,blue_side
Karma,Corki,Gragas,Chogath,12.1,zs,Flandre,,,,
Caitlyn,Twisted Fate,Jarvan IV,Xin Zhao,12.1,H4cker,Jiejie,,,,
Ryze,Thresh,Syndra,Viktor,12.1,Cryin,Scout,,,,
Graves,Renekton,Jinx,Aphelios,12.1,Elk,Viper,,,,
Gwen,Orianna,Leona,Lulu,12.1,ShiauC,meiko,,,,
,,,,,,,Ultra Prime,Edward Gaming,blue_side,red_side
Ryze,Corki,Gwen,Gragas,12.1,zs,Flandre,,,,
Karma,Twisted Fate,Jarvan IV,Lee Sin,12.1,H4cker,Jiejie,,,,
Caitlyn,Thresh,LeBlanc,Sylas,12.1,Cryin,Scout,,,,
Graves,Renekton,Jinx,Jhin,12.1,Elk,Viper,,,,
Zoe,Viktor,Alistar,Leona,12.1,ShiauC,meiko,,,,
,,,,,,,Ultra Prime,Edward Gaming,red_side,blue_side
Zoe,Renekton,Jayce,Malphite,12.1,fearness,369,,,,
LeBlanc,Talon,Viego,Xin Zhao,12.1,Shad0w,Kanavi,,,,
Twisted Fate,Akali,Corki,Viktor,12.1,YeG,Yagao,,,,
Gwen,Jhin,Ziggs,Jinx,12.1,Eric,Hope,,,,
Sion,Varus,Leona,Lulu,12.1,jinjiao,Missing,,,,
,,,,,,,LGD Gaming,JD Gaming,red_side,blue_side
Zoe,Renekton,Corki,Kennen,12.1,Garvey,369,,,,
LeBlanc,Talon,Jarvan IV,Xin Zhao,12.1,Shad0w,Kanavi,,,,
Twisted Fate,Tryndamere,Graves,Sylas,12.1,YeG,Yagao,,,,
Gwen,Jayce,Ziggs,Jinx,12.1,Eric,Hope,,,,
Gangplank,Jhin,Leona,Thresh,12.1,jinjiao,Missing,,,,
,,,,,,,LGD Gaming,JD Gaming,red_side,blue_side
Xin Zhao,Caitlyn,Graves,Gwen,12.1,Xiaolaohu,Zdz,,,,
Renekton,Thresh,Viego,Jarvan IV,12.1,Beichuan,Xiaohao,,,,
Corki,Lee Sin,Ryze,Zoe,12.1,Gori,Maple,,,,
Nautilus,Jayce,Aphelios,Jinx,12.1,Lwx,Betty,,,,
Leona,Jax,Lulu,Rakan,12.1,Hang,Qiuqiu,,,,
,,,,,,,Funplus Phoenix,Anyone s Legend,blue_side,red_side
Xin Zhao,Caitlyn,Jayce,Graves,12.1,Xiaolaohu,Zdz,,,,
Renekton,Thresh,Talon,Viego,12.1,Beichuan,Xiaohao,,,,
Corki,Lee Sin,Ryze,Zoe,12.1,Gori,Maple,,,,
Twisted Fate,Gwen,Aphelios,Ziggs,12.1,Lwx,Betty,,,,
Camille,Jax,Lulu,Leona,12.1,Hang,Qiuqiu,,,,
,,,,,,,Funplus Phoenix,Anyone s Legend,blue_side,red_side
Corki,Twisted Fate,Graves,Jax,12.1,New,Bin,,,,
Jhin,Renekton,Talon,Xin Zhao,12.1,Moyan,Wei,,,,
Jarvan IV,Caitlyn,Zoe,Vex,12.1,Captain,xiaohu,,,,
Syndra,Lee Sin,Aphelios,Jinx,12.1,Puff,GALA,,,,
LeBlanc,Olaf,Thresh,Nautilus,12.1,Southwind,Ming,,,,
,,,,,,,TT,Royal Never Give Up,red_side,blue_side
Talon,Jhin,Gwen,Kennen,12.1,Bin,New,,,,
Thresh,Twisted Fate,Olaf,Diana,12.1,Wei,Moyan,,,,
Caitlyn,Corki,Lucian,Renekton,12.1,xiaohu,Captain,,,,
Jinx,Syndra,Aphelios,Ezreal,12.1,GALA,Puff,,,,
Samira,LeBlanc,Leona,Braum,12.1,Ming,Southwind,,,,
,,,,,,,Royal Never Give Up,TT,blue_side,red_side
Twisted Fate,Caitlyn,Gragas,Gwen,12.1,Breathe,TheShy,,,,
Jarvan IV,Lee Sin,Talon,Zed,12.1,WeiWei,SofM,,,,
Rakan,Thresh,Corki,Viktor,12.1,FoFo,Angel,,,,
Vex,Xin Zhao,Jhin,Aphelios,12.1,Doggo,huanfeng,,,,
Graves,Tryndamere,Leona,Nautilus,12.1,Crisp,ON,,,,
,,,,,,,Bilibili Gaming,Weibo Gaming,red_side,blue_side
Caitlyn,Twisted Fate,Viktor,Gwen,12.1,TheShy,Breathe,,,,
Tryndamere,Rakan,Lee Sin,Xin Zhao,12.1,SofM,WeiWei,,,,
Jinx,Aphelios,Akali,LeBlanc,12.1,Angel,FoFo,,,,
Jax,Graves,Varus,Jhin,12.1,huanfeng,Doggo,,,,
Jayce,Vex,Nautilus,Leona,12.1,ON,Crisp,,,,
,,,,,,,Weibo Gaming,Bilibili Gaming,red_side,blue_side
Twisted Fate,Caitlyn,Camille,Graves,12.1,Breathe,TheShy,,,,
Rakan,Lee Sin,Viego,Xin Zhao,12.1,WeiWei,SofM,,,,
Jarvan IV,Thresh,Zoe,LeBlanc,12.1,FoFo,Angel,,,,
Vex,Jayce,Ziggs,Aphelios,12.1,Doggo,huanfeng,,,,
Gwen,Tryndamere,Leona,Yuumi,12.1,Crisp,ON,,,,
,,,,,,,Bilibili Gaming,Weibo Gaming,blue_side,red_side
Lee Sin,Twisted Fate,Gwen,Jax,12.1,Biubiu,invincible,,,,
LeBlanc,Caitlyn,Xin Zhao,Viego,12.1,View,Karsa,,,,
Aphelios,Jinx,Ryze,Viktor,12.1,Shanks,RooKie,,,,
Vex,Galio,Kaisa,Jhin,12.1,Stay,Photic,,,,
Syndra,Corki,Leona,Nautilus,12.1,Kedaya,Ppgod,,,,
,,,,,,,Team WE,Victory Five,red_side,blue_side
Lee Sin,Twisted Fate,Gragas,Graves,12.1,Biubiu,invincible,,,,
LeBlanc,Caitlyn,Talon,Viego,12.1,View,Karsa,,,,
Xin Zhao,Jarvan IV,Orianna,Vex,12.1,Shanks,RooKie,,,,
Syndra,Corki,Aphelios,Jinx,12.1,Stay,Photic,,,,
Viktor,Galio,Rakan,Nautilus,12.1,Kedaya,Ppgod,,,,
,,,,,,,Team WE,Victory Five,blue_side,red_side
Twisted Fate,Lee Sin,Gragas,Renekton,12.1,invincible,Biubiu,,,,
Talon,Xin Zhao,Jarvan IV,Nidalee,12.1,Karsa,View,,,,
Caitlyn,LeBlanc,Zoe,Viktor,12.1,RooKie,Shanks,,,,
Rakan,Syndra,Jinx,Jhin,12.1,Photic,Stay,,,,
Corki,Vex,Thresh,Leona,12.1,Ppgod,Kedaya,,,,
,,,,,,,Victory Five,Team WE,blue_side,red_side
Nidalee,Akali,Gragas,Gwen,12.1,shanji,neny,,,,
LeBlanc,Renekton,Talon,Xin Zhao,12.1,AKi,XUN,,,,
Aphelios,Jinx,Corki,Viktor,12.1,Creme,Yuekai,,,,
Xayah,Jarvan IV,Samira,Vayne,12.1,Able,xiaoyueji,,,,
Vex,Rumble,Rell,Rakan,12.1,cold,XinLiu,,,,
,,,,,,,OMG,Invictus Gaming,blue_side,red_side
Akali,Nidalee,Gwen,Gragas,12.1,neny,shanji,,,,
Jinx,Aphelios,Lee Sin,Xin Zhao,12.1,XUN,AKi,,,,
Samira,Caitlyn,Corki,Viktor,12.1,Yuekai,Creme,,,,
Rell,Xayah,Kaisa,Ezreal,12.1,xiaoyueji,Able,,,,
Nautilus,Draven,Rakan,Yuumi,12.1,XinLiu,cold,,,,
,,,,,,,Invictus Gaming,OMG,red_side,blue_side
Lee Sin,Renekton,Gwen,Jax,12.1,Cube,Ale,,,,
Twisted Fate,Caitlyn,RekSai,Xin Zhao,12.1,Leyan,Tarzan,,,,
Ryze,Thresh,Corki,Viktor,12.1,Strive,Doinb,,,,
Rakan,Jayce,Jinx,Aphelios,12.1,iBOY,Light,,,,
Leona,Kennen,Nautilus,Lulu,12.1,Zorah,LvMao,,,,
,,,,,,,Rare Atom,LNG Esports,blue_side,red_side
Lee Sin,Renekton,Jax,Gwen,12.1,Cube,Ale,,,,
Twisted Fate,RekSai,Jarvan IV,Xin Zhao,12.1,Leyan,Tarzan,,,,
Ryze,Caitlyn,Corki,Viktor,12.1,Strive,Doinb,,,,
Sylas,Jayce,Aphelios,Jinx,12.1,iBOY,Light,,,,
Vex,Kennen,Braum,Thresh,12.1,Zorah,LvMao,,,,
,,,,,,,Rare Atom,LNG Esports,red_side,blue_side
Lee Sin,Renekton,Gwen,Jayce,12.1,Cube,Ale,,,,
Xin Zhao,RekSai,Qiyana,Jarvan IV,12.1,Leyan,Tarzan,,,,
Ryze,Caitlyn,Vex,Corki,12.1,Strive,Doinb,,,,
Rakan,Viego,Jinx,Jhin,12.1,iBOY,Light,,,,
Irelia,Nidalee,Leona,Nautilus,12.1,Zorah,LvMao,,,,
,,,,,,,Rare Atom,LNG Esports,red_side,blue_side
Xin Zhao,Caitlyn,Renekton,Jax,12.1,Zoom,zs,,,,
Twisted Fate,Jinx,Nidalee,Lee Sin,12.1,Xiaopeng,H4cker,,,,
Thresh,Jarvan IV,Sylas,Corki,12.1,Knight,Cryin,,,,
LeBlanc,Vex,Aphelios,Ziggs,12.1,JackeyLove,Elk,,,,
Gnar,Nautilus,Rakan,Leona,12.1,Zhuo,ShiauC,,,,
,,,,,,,Top Esports,Ultra Prime,blue_side,red_side
Xin Zhao,Caitlyn,Renekton,Ornn,12.1,Zoom,zs,,,,
Twisted Fate,Jinx,Nidalee,Lee Sin,12.1,Xiaopeng,H4cker,,,,
Aphelios,Jarvan IV,Viktor,Corki,12.1,Knight,Cryin,,,,
LeBlanc,Xayah,Ezreal,Kaisa,12.1,JackeyLove,Elk,,,,
Jax,Jhin,Rakan,Leona,12.1,Zhuo,ShiauC,,,,
,,,,,,,Top Esports,Ultra Prime,red_side,blue_side
Xin Zhao,Jarvan IV,Gragas,Graves,12.1,Zoom,zs,,,,
Twisted Fate,Caitlyn,Lee Sin,RekSai,12.1,Xiaopeng,H4cker,,,,
Aphelios,Jinx,Corki,Viktor,12.1,Knight,Cryin,,,,
Jhin,Gwen,Ezreal,Xayah,12.1,JackeyLove,Elk,,,,
Kaisa,Jayce,Braum,Leona,12.1,Zhuo,ShiauC,,,,
,,,,,,,Top Esports,Ultra Prime,blue_side,red_side
Ryze,Renekton,Camille,Gwen,12.1,New,xiaoxiang,,,,
Corki,Twisted Fate,Lee Sin,Xin Zhao,12.1,Moyan,Jiejie,,,,
Caitlyn,Jarvan IV,Galio,Zoe,12.1,Captain,Scout,,,,
Akali,LeBlanc,Jinx,Aphelios,12.1,Puff,Viper,,,,
Fiora,Vex,Nautilus,Thresh,12.1,Southwind,meiko,,,,
,,,,,,,TT,Edward Gaming,red_side,blue_side
Ryze,Renekton,Camille,Gwen,12.1,New,xiaoxiang,,,,
Caitlyn,Twisted Fate,Xin Zhao,Olaf,12.1,Moyan,Jiejie,,,,
Lee Sin,Nautilus,Galio,Viktor,12.1,Captain,Scout,,,,
Corki,Ziggs,Jinx,Aphelios,12.1,Puff,Viper,,,,
Vex,Rakan,Lulu,Thresh,12.1,Southwind,meiko,,,,
,,,,,,,TT,Edward Gaming,red_side,blue_side
LeBlanc,Caitlyn,Akshan,Graves,12.1,Bin,369,,,,
Zoe,Xin Zhao,Jarvan IV,Lee Sin,12.1,Wei,Kanavi,,,,
Thresh,Renekton,Twisted Fate,Corki,12.1,xiaohu,Yagao,,,,
Jayce,Camille,Aphelios,Ziggs,12.1,GALA,Lpc,,,,
Jax,Gwen,Nautilus,Leona,12.1,Ming,Missing,,,,
,,,,,,,Royal Never Give Up,JD Gaming,blue_side,red_side
LeBlanc,Caitlyn,Jayce,Sion,12.1,Bin,369,,,,
Zoe,Xin Zhao,Jarvan IV,Lee Sin,12.1,Wei,Kanavi,,,,
Thresh,Renekton,Twisted Fate,Viktor,12.1,xiaohu,Yagao,,,,
Corki,Camille,Aphelios,Ziggs,12.1,GALA,Lpc,,,,
Jax,Gwen,Nautilus,Leona,12.1,Ming,Missing,,,,
,,,,,,,Royal Never Give Up,JD Gaming,red_side,blue_side
LeBlanc,Caitlyn,Gragas,Gangplank,12.1,Bin,369,,,,
Zoe,Xin Zhao,Viego,Lee Sin,12.1,Wei,Kanavi,,,,
Twisted Fate,Renekton,Corki,Viktor,12.1,xiaohu,Yagao,,,,
Graves,Jayce,Aphelios,Jhin,12.1,GALA,Lpc,,,,
Gwen,Thresh,Nautilus,Leona,12.1,Ming,Missing,,,,
,,,,,,,Royal Never Give Up,JD Gaming,blue_side,red_side
Samira,Caitlyn,Jayce,Graves,12.1,Zdz,shanji,,,,
Yasuo,LeBlanc,Xin Zhao,Jarvan IV,12.1,Xiaohao,AKi,,,,
Renekton,Thresh,Sylas,Akali,12.1,Forge,Creme,,,,
Rumble,Ziggs,Jhin,Jinx,12.1,Betty,Able,,,,
Rakan,Ezreal,Leona,Rell,12.1,Qiuqiu,cold,,,,
,,,,,,,Anyone s Legend,OMG,red_side,blue_side
LeBlanc,Akali,Rumble,Sett,12.1,shanji,Zdz,,,,
Caitlyn,Xin Zhao,Jarvan IV,Viego,12.1,AKi,Xiaohao,,,,
Lee Sin,Renekton,Viktor,Corki,12.1,Creme,Forge,,,,
Ziggs,Syndra,Jinx,Varus,12.1,Able,Betty,,,,
Jhin,Vex,Thresh,Leona,12.1,cold,Qiuqiu,,,,
,,,,,,,OMG,Anyone s Legend,blue_side,red_side
Aphelios,Renekton,Camille,Jax,12.1,fearness,Xiaolaohu,,,,
Jinx,LeBlanc,Xin Zhao,Lee Sin,12.1,Shad0w,Beichuan,,,,
Karma,Caitlyn,Galio,Corki,12.1,YeG,Gori,,,,
Jayce,Syndra,Ezreal,Jhin,12.1,Eric,Lwx,,,,
Gwen,Akali,Braum,Leona,12.1,jinjiao,Hang,,,,
,,,,,,,LGD Gaming,Funplus Phoenix,red_side,blue_side
Aphelios,Renekton,Gwen,Jayce,12.1,fearness,Xiaolaohu,,,,
Jinx,LeBlanc,Xin Zhao,Lee Sin,12.1,Shad0w,Beichuan,,,,
Karma,Caitlyn,Vex,Corki,12.1,YeG,Gori,,,,
Vayne,Syndra,Ezreal,Kaisa,12.1,Eric,Lwx,,,,
Jax,Akali,Braum,Leona,12.1,jinjiao,Hang,,,,
,,,,,,,LGD Gaming,Funplus Phoenix,red_side,blue_side
Twisted Fate,Caitlyn,Renekton,Gwen,12.1,Biubiu,TheShy,,,,
Jhin,LeBlanc,Xin Zhao,Jarvan IV,12.1,View,SofM,,,,
Zoe,Lee Sin,Corki,Viktor,12.1,Shanks,Angel,,,,
Akali,Syndra,Jinx,Aphelios,12.1,Stay,huanfeng,,,,
Gnar,Vex,Rakan,Thresh,12.1,Kedaya,ON,,,,
,,,,,,,Team WE,Weibo Gaming,red_side,blue_side
Caitlyn,Twisted Fate,Graves,Sion,12.1,TheShy,Biubiu,,,,
LeBlanc,Zoe,Lee Sin,Xin Zhao,12.1,SofM,View,,,,
Jinx,Jarvan IV,Vex,Corki,12.1,Angel,Shanks,,,,
Jayce,Syndra,Aphelios,Jhin,12.1,huanfeng,Stay,,,,
Akshan,Gwen,Rakan,Sona,12.1,ON,Kedaya,,,,
,,,,,,,Weibo Gaming,Team WE,blue_side,red_side
Nidalee,Caitlyn,Camille,Gwen,12.1,New,neny,,,,
LeBlanc,Renekton,Xin Zhao,Lee Sin,12.1,Moyan,XUN,,,,
Diana,Twisted Fate,Corki,Vex,12.1,Captain,Yuekai,,,,
Akali,Tryndamere,Jinx,Aphelios,12.1,Puff,xiaoyueji,,,,
Syndra,Jayce,Lulu,Rakan,12.1,Southwind,XinLiu,,,,
,,,,,,,TT,Invictus Gaming,red_side,blue_side
Twisted Fate,Nidalee,Jayce,Gwen,12.1,neny,New,,,,
Renekton,Diana,Xin Zhao,Lee Sin,12.1,XUN,Moyan,,,,
Tryndamere,Caitlyn,LeBlanc,Vex,12.1,Yuekai,Captain,,,,
Nautilus,Kennen,Jinx,Aphelios,12.1,xiaoyueji,Puff,,,,
Syndra,Graves,Lulu,Thresh,12.1,XinLiu,Southwind,,,,
,,,,,,,Invictus Gaming,TT,blue_side,red_side
Camille,Thresh,Kennen,Irelia,12.1,zs,Ale,,,,
Twisted Fate,Renekton,Xin Zhao,Lee Sin,12.1,H4cker,Tarzan,,,,
Jhin,Caitlyn,Corki,Ryze,12.1,Cryin,Doinb,,,,
Viktor,Nautilus,Jinx,Aphelios,12.1,Elk,Light,,,,
Tryndamere,Jayce,Leona,Lulu,12.1,ShiauC,LvMao,,,,
,,,,,,,Ultra Prime,LNG Esports,red_side,blue_side
Twisted Fate,Thresh,Gwen,Fiora,12.1,zs,Ale,,,,
Jhin,Renekton,Udyr,Jarvan IV,12.1,H4cker,Tarzan,,,,
Lee Sin,Xin Zhao,Corki,Viktor,12.1,Cryin,Doinb,,,,
Camille,Jayce,Jinx,Caitlyn,12.1,Elk,Light,,,,
Jax,Kennen,Blitzcrank,Lux,12.1,ShiauC,LvMao,,,,
,,,,,,,Ultra Prime,LNG Esports,red_side,blue_side
LeBlanc,Twisted Fate,Gwen,Kennen,12.1,Cube,Zoom,,,,
Syndra,Renekton,RekSai,Lee Sin,12.1,Leyan,Tian,,,,
Akshan,Jarvan IV,Corki,Viktor,12.1,Strive,Knight,,,,
Vex,Xin Zhao,Caitlyn,Jhin,12.1,iBOY,JackeyLove,,,,
Zoe,Ornn,Lux,Karma,12.1,Zorah,Zhuo,,,,
,,,,,,,Rare Atom,Top Esports,blue_side,red_side
Renekton,Caitlyn,Gwen,Jayce,12.1,Zoom,Cube,,,,
Twisted Fate,Jinx,Viego,Lee Sin,12.1,Tian,Leyan,,,,
LeBlanc,Aphelios,Tryndamere,Corki,12.1,Knight,Strive,,,,
RekSai,Syndra,Ziggs,Kaisa,12.1,JackeyLove,iBOY,,,,
Jax,Sylas,Nautilus,Leona,12.1,Zhuo,Zorah,,,,
,,,,,,,Top Esports,Rare Atom,red_side,blue_side
Jarvan IV,Renekton,Akali,Camille,12.1,fearness,Zdz,,,,
Viego,Caitlyn,Xin Zhao,Olaf,12.1,Shad0w,Xiaohao,,,,
Lee Sin,Lulu,Viktor,LeBlanc,12.1,YeG,Forge,,,,
Gangplank,Galio,Jinx,Ziggs,12.1,Eric,Betty,,,,
Jayce,Vex,Braum,Leona,12.1,jinjiao,Qiuqiu,,,,
,,,,,,,LGD Gaming,Anyone s Legend,blue_side,red_side
Renekton,Caitlyn,Jayce,Kennen,12.1,Zdz,fearness,,,,
Akali,LeBlanc,Xin Zhao,Olaf,12.1,Xiaohao,Shad0w,,,,
Viego,Jarvan IV,Ryze,Orianna,12.1,Forge,YeG,,,,
Viktor,Corki,Aphelios,Jinx,12.1,Betty,Eric,,,,
Irelia,Zoe,Thresh,Lulu,12.1,Qiuqiu,jinjiao,,,,
,,,,,,,Anyone s Legend,LGD Gaming,blue_side,red_side
Jarvan IV,Renekton,Kennen,Camille,12.1,fearness,Zdz,,,,
Viego,Caitlyn,Talon,Graves,12.1,Shad0w,Xiaohao,,,,
Xin Zhao,Lee Sin,Viktor,Akali,12.1,YeG,Forge,,,,
Gangplank,Galio,Jinx,Aphelios,12.1,Eric,Betty,,,,
Olaf,LeBlanc,Nautilus,Thresh,12.1,jinjiao,Qiuqiu,,,,
,,,,,,,LGD Gaming,Anyone s Legend,red_side,blue_side
Jinx,Renekton,Jayce,Annie,12.1,369,Flandre,,,,
Caitlyn,Twisted Fate,Xin Zhao,Lee Sin,12.1,Kanavi,Jiejie,,,,
Viego,Aphelios,Zoe,Ryze,12.1,Yagao,Scout,,,,
Graves,Kennen,Kaisa,Jhin,12.1,Lpc,Viper,,,,
Gwen,Sion,Rakan,Leona,12.1,Missing,meiko,,,,
,,,,,,,JD Gaming,Edward Gaming,red_side,blue_side
Caitlyn,Renekton,Kennen,Vladimir,12.1,369,Flandre,,,,
Jinx,Twisted Fate,Xin Zhao,Lee Sin,12.1,Kanavi,Jiejie,,,,
Viego,Aphelios,Zoe,Vex,12.1,Yagao,Scout,,,,
Alistar,Sion,Samira,Jhin,12.1,Lpc,Viper,,,,
Annie,Rell,Leona,Nautilus,12.1,Missing,meiko,,,,
,,,,,,,JD Gaming,Edward Gaming,red_side,blue_side
LeBlanc,Renekton,Graves,Jayce,12.1,Xiaolaohu,Bin,,,,
Twisted Fate,Diana,Viego,Xin Zhao,12.1,Beichuan,Wei,,,,
Aphelios,Caitlyn,Corki,Viktor,12.1,Gori,xiaohu,,,,
Nautilus,Malphite,Jinx,Jhin,12.1,Lwx,GALA,,,,
Leona,Camille,Thresh,Sett,12.1,Hang,Ming,,,,
,,,,,,,Funplus Phoenix,Royal Never Give Up,blue_side,red_side
LeBlanc,Renekton,Gwen,Jax,12.1,Xiaolaohu,Bin,,,,
Twisted Fate,Diana,Viego,Xin Zhao,12.1,Beichuan,Wei,,,,
Aphelios,Vex,Viktor,Zoe,12.1,Gori,xiaohu,,,,
Corki,Syndra,Caitlyn,Jhin,12.1,Lwx,GALA,,,,
Jayce,Ryze,Lux,Karma,12.1,Hang,Ming,,,,
,,,,,,,Funplus Phoenix,Royal Never Give Up,red_side,blue_side
Renekton,Twisted Fate,Gwen,Jayce,12.1,Bin,Xiaolaohu,,,,
Diana,Xin Zhao,Jarvan IV,Lee Sin,12.1,Wei,Beichuan,,,,
Caitlyn,LeBlanc,Syndra,Corki,12.1,xiaohu,Gori,,,,
Kennen,Zoe,Jinx,Aphelios,12.1,GALA,Lwx,,,,
Jax,Vex,Thresh,Lulu,12.1,Ming,Hang,,,,
,,,,,,,Royal Never Give Up,Funplus Phoenix,red_side,blue_side
Renekton,Samira,Gwen,Jax,12.1,shanji,New,,,,
Lee Sin,Diana,Jarvan IV,Xin Zhao,12.1,AKi,Moyan,,,,
Caitlyn,Akali,Syndra,Vex,12.1,Creme,Captain,,,,
Jayce,LeBlanc,Jinx,Aphelios,12.1,Able,Puff,,,,
Camille,Rumble,Nautilus,Thresh,12.1,cold,Southwind,,,,
,,,,,,,OMG,TT,blue_side,red_side
Renekton,Samira,Rumble,Gangplank,12.1,shanji,New,,,,
Caitlyn,Diana,Xin Zhao,Lee Sin,12.1,AKi,Moyan,,,,
Thresh,Jarvan IV,Corki,Twisted Fate,12.1,Creme,Captain,,,,
Jayce,LeBlanc,Jinx,Ziggs,12.1,Able,Puff,,,,
Camille,Akali,Rakan,Leona,12.1,cold,Southwind,,,,
,,,,,,,OMG,TT,blue_side,red_side
