blue_bans,red_bans,blue_picks,red_picks,patch,blue_roster,red_roster,blue_side,red_side,winner,loser
Renekton,Syndra,Vladimir,Ornn,10.15,TheShy,Cube,,,,
Nidalee,Kalista,Camille,Lillia,10.15,Ning,Leyan,,,,
Karma,Morgana,Galio,Zed,10.15,RooKie,Zeka,,,,
LeBlanc,Twisted Fate,Caitlyn,Ashe,10.15,Puff,iBOY,,,,
Zoe,Kayle,Lux,Tahm Kench,10.15,Southwind,Maestro,,,,
,,,,,,,Invictus Gaming,Vici Gaming,blue_side,red_side
Renekton,Syndra,Rumble,Jayce,10.15,TheShy,Cube,,,,
Nidalee,Kalista,Sett,Graves,10.15,Ning,Leyan,,,,
Karma,Morgana,Zed,Zoe,10.15,RooKie,Zeka,,,,
Olaf,LeBlanc,Ashe,Caitlyn,10.15,Puff,iBOY,,,,
Ornn,Orianna,Lulu,Lux,10.15,Southwind,Maestro,,,,
,,,,,,,Invictus Gaming,Vici Gaming,red_side,blue_side
Renekton,Syndra,Jayce,Kennen,10.15,TheShy,Cube,,,,
Nidalee,Kalista,Volibear,Graves,10.15,Ning,Leyan,,,,
Karma,Morgana,Twisted Fate,Zoe,10.15,RooKie,Zeka,,,,
Ornn,LeBlanc,Caitlyn,Ashe,10.15,Puff,iBOY,,,,
Wukong,Orianna,Thresh,Lux,10.15,Southwind,Maestro,,,,
,,,,,,,Invictus Gaming,Vici Gaming,red_side,blue_side
Tahm Kench,Blitzcrank,Renekton,Gangplank,10.15,GimGoon,Bin,,,,
Bard,Senna,Lillia,Graves,10.15,Tian,SofM,,,,
Caitlyn,Ezreal,Karma,Zoe,10.15,Doinb,Angel,,,,
Lux,Lucian,Jayce,Ashe,10.15,Khan,huanfeng,,,,
Nautilus,Sett,Pyke,Leona,10.15,Crisp,SwordArt,,,,
,,,,,,,Funplus Phoenix,Suning,red_side,blue_side
Bard,Blitzcrank,Jayce,Gangplank,10.15,GimGoon,Bin,,,,
Ashe,Senna,Lillia,Olaf,10.15,Tian,SofM,,,,
Caitlyn,Ezreal,Cassiopeia,Zoe,10.15,Doinb,Angel,,,,
Graves,Lucian,Renekton,Aphelios,10.15,Khan,huanfeng,,,,
Volibear,Sett,Nautilus,Leona,10.15,Crisp,SwordArt,,,,
,,,,,,,Funplus Phoenix,Suning,blue_side,red_side
Senna,Bard,Renekton,Sett,10.15,Bin,GimGoon,,,,
Cassiopeia,Caitlyn,Lee Sin,Nidalee,10.15,SofM,Tian,,,,
Lillia,Ashe,Orianna,Syndra,10.15,Angel,Doinb,,,,
Karma,Zoe,Jhin,Jayce,10.15,huanfeng,Khan,,,,
Mordekaiser,LeBlanc,Nautilus,Leona,10.15,SwordArt,Crisp,,,,
,,,,,,,Suning,Funplus Phoenix,blue_side,red_side
Syndra,Lillia,Renekton,Volibear,10.15,Holder,New,,,,
LeBlanc,Sett,Ekko,Graves,10.15,Haro,XLB,,,,
Zoe,Nidalee,Jayce,Azir,10.15,Wuming,xiaohu,,,,
Kennen,Elise,Senna,Ashe,10.15,ZWuJi,GALA,,,,
Wukong,Karthus,Tahm Kench,Karma,10.15,Ley,Ming,,,,
,,,,,,,Rogue Warriors,Royal Never Give Up,red_side,blue_side
Syndra,Lillia,Volibear,Renekton,10.15,Holder,New,,,,
Karma,Sett,Lee Sin,RekSai,10.15,Haro,XLB,,,,
Graves,Nidalee,Twisted Fate,Sylas,10.15,Wuming,xiaohu,,,,
Azir,Kalista,Varus,Ashe,10.15,ZWuJi,GALA,,,,
Olaf,Caitlyn,Thresh,Morgana,10.15,Ley,Ming,,,,
,,,,,,,Rogue Warriors,Royal Never Give Up,red_side,blue_side
Galio,Syndra,Jax,Volibear,10.15,369,Morgan,,,,
Sett,Zoe,Jarvan IV,Graves,10.15,Karsa,beishang,,,,
Twisted Fate,Azir,Orianna,Karma,10.15,Knight,Teacherma,,,,
Renekton,Trundle,Caitlyn,Ashe,10.15,JackeyLove,Elk,,,,
Olaf,Ornn,Lux,Thresh,10.15,yuyanjia,Missing,,,,
,,,,,,,Top Esports,Team WE,blue_side,red_side
Syndra,Galio,Renekton,Jayce,10.15,Morgan,369,,,,
Zoe,Sett,Olaf,Volibear,10.15,beishang,Karsa,,,,
Azir,Twisted Fate,Orianna,Ekko,10.15,Teacherma,Knight,,,,
Gangplank,Lillia,Ashe,Caitlyn,10.15,Elk,JackeyLove,,,,
Ornn,Thresh,Karma,Lux,10.15,Missing,yuyanjia,,,,
,,,,,,,Team WE,Top Esports,blue_side,red_side
Syndra,Galio,Ornn,Renekton,10.15,Morgan,369,,,,
Zoe,Sett,Volibear,Olaf,10.15,beishang,Karsa,,,,
Azir,Twisted Fate,Orianna,Sylas,10.15,Teacherma,Knight,,,,
Trundle,Karma,Ashe,Caitlyn,10.15,Elk,JackeyLove,,,,
Lee Sin,Nautilus,Senna,Lux,10.15,Missing,yuyanjia,,,,
,,,,,,,Team WE,Top Esports,red_side,blue_side
Syndra,Galio,Mordekaiser,Camille,10.15,Xiaobai,xiaoxiang,,,,
Zoe,Caitlyn,Olaf,Lee Sin,10.15,Wei,Jiejie,,,,
Volibear,Sett,Karma,Twisted Fate,10.15,fenfen,Scout,,,,
Ezreal,Ornn,Ashe,Senna,10.15,Wink,Hope,,,,
Bard,Renekton,Thresh,Nautilus,10.15,ShiauC,meiko,,,,
,,,,,,,eStar,Edward Gaming,red_side,blue_side
Galio,Syndra,Renekton,Karma,10.15,xiaoxiang,Xiaobai,,,,
Caitlyn,Zoe,Volibear,Graves,10.15,Jiejie,Wei,,,,
Sett,Twisted Fate,Azir,Kassadin,10.15,Scout,fenfen,,,,
Ezreal,Bard,Ashe,Varus,10.15,Hope,Wink,,,,
Ornn,Braum,Nautilus,Leona,10.15,meiko,ShiauC,,,,
,,,,,,,Edward Gaming,eStar,blue_side,red_side
Nidalee,Volibear,Wukong,Maokai,10.15,Flandre,Chelizi,,,,
Lillia,Twisted Fate,Trundle,Lee Sin,10.15,Xx,Xiaopeng,,,,
Cassiopeia,Sett,Zoe,LeBlanc,10.15,Maple,Twila,,,,
Renekton,Lux,Caitlyn,Ashe,10.15,Light,Xubin,,,,
Thresh,Jayce,Janna,Bard,10.15,Iwandy,Yui,,,,
,,,,,,,LNG Esports,Dominus Esports,blue_side,red_side
Twisted Fate,Nidalee,Renekton,Jayce,10.15,Chelizi,Flandre,,,,
Ashe,Lillia,Volibear,Trundle,10.15,Xiaopeng,Xx,,,,
Sett,Caitlyn,Orianna,Zoe,10.15,Twila,Maple,,,,
Quinn,Karma,Ezreal,Aphelios,10.15,Xubin,Light,,,,
Janna,Bard,Nautilus,Thresh,10.15,Yui,Iwandy,,,,
,,,,,,,Dominus Esports,LNG Esports,red_side,blue_side
Volibear,Nidalee,Gnar,Renekton,10.15,Zoom,Breathe,,,,
Bard,Graves,Lillia,Lee Sin,10.15,Kanavi,H4cker,,,,
Azir,Sett,Twisted Fate,Sylas,10.15,Yagao,icon,,,,
Leona,RekSai,Caitlyn,Ashe,10.15,LokeN,Eric,,,,
Karma,Lux,Thresh,Blitzcrank,10.15,LvMao,Sora,,,,
,,,,,,,JD Gaming,OMG,blue_side,red_side
Nidalee,Volibear,Lucian,Camille,10.15,Breathe,Zoom,,,,
Graves,Bard,Trundle,Lillia,10.15,H4cker,Kanavi,,,,
Sett,Azir,Ornn,Galio,10.15,icon,Yagao,,,,
Kindred,Renekton,Aphelios,Caitlyn,10.15,SmLz,LokeN,,,,
Karthus,Fiora,Thresh,Morgana,10.15,Sora,LvMao,,,,
,,,,,,,OMG,JD Gaming,red_side,blue_side
Kalista,Twisted Fate,Gangplank,Renekton,10.15,Bin,Cube,,,,
Nidalee,Syndra,Sett,Lillia,10.15,SofM,Leyan,,,,
LeBlanc,Graves,Orianna,Zoe,10.15,Angel,Zeka,,,,
Volibear,Bard,Jhin,Ashe,10.15,huanfeng,iBOY,,,,
Lee Sin,Jayce,Tahm Kench,Thresh,10.15,SwordArt,Maestro,,,,
,,,,,,,Suning,Vici Gaming,red_side,blue_side
Twisted Fate,Kalista,Renekton,Gangplank,10.15,Cube,Bin,,,,
Graves,Nidalee,Volibear,Olaf,10.15,Leyan,SofM,,,,
Syndra,Lillia,LeBlanc,Kassadin,10.15,Zeka,Angel,,,,
Lee Sin,Thresh,Ashe,Caitlyn,10.15,iBOY,huanfeng,,,,
Jayce,Nautilus,Tahm Kench,Lux,10.15,Maestro,SwordArt,,,,
,,,,,,,Vici Gaming,Suning,red_side,blue_side
Twisted Fate,Kalista,Renekton,Gangplank,10.15,Cube,Bin,,,,
Kassadin,Nidalee,Qiyana,Volibear,10.15,Leyan,SofM,,,,
Graves,Lillia,Zoe,Syndra,10.15,Zeka,Angel,,,,
Jayce,Thresh,Ashe,Caitlyn,10.15,iBOY,huanfeng,,,,
Lee Sin,Nautilus,Tahm Kench,Lux,10.15,Maestro,SwordArt,,,,
,,,,,,,Vici Gaming,Suning,red_side,blue_side
Twisted Fate,Zoe,Camille,Ornn,10.15,kingen,New,,,,
Renekton,Sett,Lillia,Jarvan IV,10.15,Meteor,XLB,,,,
Nidalee,Volibear,Akali,Syndra,10.15,FoFo,xiaohu,,,,
Kennen,LeBlanc,Caitlyn,Ashe,10.15,Wings,GALA,,,,
Orianna,Galio,Bard,Nautilus,10.15,XinMo,Ming,,,,
,,,,,,,Bilibili Gaming,Royal Never Give Up,blue_side,red_side
Renekton,Zoe,Volibear,Gangplank,10.15,kingen,New,,,,
Nidalee,Lillia,Sylas,Olaf,10.15,Meteor,XLB,,,,
Twisted Fate,Sett,Azir,Orianna,10.15,FoFo,xiaohu,,,,
LeBlanc,Trundle,Ezreal,Ashe,10.15,Wings,GALA,,,,
Syndra,Camille,Bard,Karma,10.15,XinMo,Ming,,,,
,,,,,,,Bilibili Gaming,Royal Never Give Up,blue_side,red_side
Thresh,Zoe,Volibear,Renekton,10.15,Biubiu,Holder,,,,
Lee Sin,Syndra,Sett,Sylas,10.15,WeiWei,Haro,,,,
Nidalee,Graves,LeBlanc,Jayce,10.15,Mole,Wuming,,,,
Olaf,Gangplank,Ashe,Caitlyn,10.15,Y4,ZWuJi,,,,
Trundle,Wukong,Karma,Lux,10.15,Ppgod,Ley,,,,
,,,,,,,Victory Five,Rogue Warriors,blue_side,red_side
Syndra,Thresh,Sett,Renekton,10.15,Holder,Biubiu,,,,
Zoe,Caitlyn,Graves,Nidalee,10.15,Haro,WeiWei,,,,
Volibear,Twisted Fate,Galio,Kennen,10.15,Wuming,Mole,,,,
Bard,Kalista,Senna,Ashe,10.15,ZWuJi,Y4,,,,
Sylas,Kaisa,Karma,Tahm Kench,10.15,Ley,Ppgod,,,,
,,,,,,,Rogue Warriors,Victory Five,red_side,blue_side
Syndra,Twisted Fate,Camille,Ornn,10.15,Xiaobai,369,,,,
Zoe,Galio,Karthus,Lee Sin,10.15,Wei,Karsa,,,,
Volibear,Graves,Sett,Ryze,10.15,fenfen,Knight,,,,
Olaf,Ekko,Caitlyn,Ashe,10.15,Wink,JackeyLove,,,,
Azir,Mordekaiser,Lux,Karma,10.15,ShiauC,yuyanjia,,,,
,,,,,,,eStar,Top Esports,blue_side,red_side
Twisted Fate,Syndra,Renekton,Ornn,10.15,369,Xiaobai,,,,
Galio,Zoe,Nidalee,Ekko,10.15,Karsa,Wei,,,,
Caitlyn,Volibear,Azir,Sett,10.15,Knight,fenfen,,,,
Bard,Olaf,Ashe,Ezreal,10.15,JackeyLove,Wink,,,,
Leona,Graves,Nautilus,Lux,10.15,yuyanjia,ShiauC,,,,
,,,,,,,Top Esports,eStar,blue_side,red_side
Syndra,Twisted Fate,Renekton,Gangplank,10.15,Xiaobai,369,,,,
Zoe,Galio,Nidalee,Volibear,10.15,Wei,Karsa,,,,
Azir,Caitlyn,Orianna,Ekko,10.15,fenfen,Knight,,,,
Bard,Ornn,Ashe,Varus,10.15,Wink,JackeyLove,,,,
Jayce,Tahm Kench,Sett,Nautilus,10.15,ShiauC,yuyanjia,,,,
,,,,,,,eStar,Top Esports,red_side,blue_side
Nidalee,Zoe,Jayce,Renekton,10.15,Flandre,Langx,,,,
Twisted Fate,Caitlyn,Volibear,Sett,10.15,Xx,Peanut,,,,
Ornn,Kalista,Galio,Azir,10.15,Maple,xiye,,,,
Wukong,Camille,Aphelios,Ezreal,10.15,Light,Kramer,,,,
Sylas,Lux,Janna,Bard,10.15,Iwandy,Mark,,,,
,,,,,,,LNG Esports,LGD Gaming,blue_side,red_side
Galio,Nidalee,Volibear,Quinn,10.15,Langx,Flandre,,,,
Zoe,Ornn,Lee Sin,Sett,10.15,Peanut,Xx,,,,
Caitlyn,Twisted Fate,Sylas,Azir,10.15,xiye,Maple,,,,
Jayce,Bard,Ashe,Aphelios,10.15,Kramer,Light,,,,
Renekton,Thresh,Karma,Tahm Kench,10.15,killua,Iwandy,,,,
,,,,,,,LGD Gaming,LNG Esports,red_side,blue_side
Karma,Azir,Gangplank,Renekton,10.15,Breathe,Morgan,,,,
Galio,Lee Sin,Trundle,Graves,10.15,H4cker,beishang,,,,
Twisted Fate,Volibear,Orianna,Sylas,10.15,icon,Teacherma,,,,
Leona,Zoe,Ashe,Ezreal,10.15,Eric,Elk,,,,
Sett,LeBlanc,Bard,Nautilus,10.15,Sora,Missing,,,,
,,,,,,,OMG,Team WE,blue_side,red_side
Lee Sin,Karma,Renekton,Ornn,10.15,Morgan,Breathe,,,,
Bard,Galio,Sett,Trundle,10.15,beishang,H4cker,,,,
Volibear,Twisted Fate,Sylas,Azir,10.15,Teacherma,icon,,,,
Zoe,Leona,Ashe,Ezreal,10.15,Elk,Eric,,,,
Orianna,Kindred,Thresh,Yuumi,10.15,Missing,Sora,,,,
,,,,,,,Team WE,OMG,blue_side,red_side
Karma,Lee Sin,Wukong,Hecarim,10.15,Breathe,Morgan,,,,
Galio,Bard,Trundle,Volibear,10.15,H4cker,beishang,,,,
Renekton,Thresh,Azir,Sylas,10.15,icon,Teacherma,,,,
Leona,Braum,Ashe,Ezreal,10.15,Eric,Elk,,,,
Sett,Tahm Kench,Taric,Nautilus,10.15,Sora,Missing,,,,
,,,,,,,OMG,Team WE,blue_side,red_side
Nidalee,Volibear,Camille,Ornn,10.15,xiaoxiang,Biubiu,,,,
Graves,Sett,Lee Sin,Trundle,10.15,Jiejie,WeiWei,,,,
Renekton,Karma,Twisted Fate,Zoe,10.15,Scout,Mole,,,,
Mordekaiser,Jhin,Ezreal,Ashe,10.15,Hope,Hans SamD,,,,
Bard,Senna,Braum,Lulu,10.15,meiko,Ppgod,,,,
,,,,,,,Edward Gaming,Victory Five,blue_side,red_side
Twisted Fate,Nidalee,Ornn,Sylas,10.15,Biubiu,xiaoxiang,,,,
Sett,Renekton,Volibear,Lee Sin,10.15,WeiWei,Jiejie,,,,
Camille,Graves,Syndra,Akali,10.15,Mole,Scout,,,,
LeBlanc,Thresh,Jhin,Ashe,10.15,Hans SamD,Hope,,,,
Zoe,Nautilus,Karma,Bard,10.15,Ppgod,meiko,,,,
,,,,,,,Victory Five,Edward Gaming,red_side,blue_side
LeBlanc,Zoe,Camille,Volibear,10.15,kingen,Langx,,,,
Nidalee,Caitlyn,Sett,Graves,10.15,Meteor,Peanut,,,,
Twisted Fate,Kalista,Galio,Sylas,10.15,FoFo,xiye,,,,
Kassadin,Renekton,Ezreal,Ashe,10.15,Wings,Kramer,,,,
Syndra,Ornn,Bard,Nautilus,10.15,XinMo,Mark,,,,
,,,,,,,Bilibili Gaming,LGD Gaming,blue_side,red_side
LeBlanc,Zoe,Sylas,Mordekaiser,10.15,kingen,Langx,,,,
Nidalee,Caitlyn,Trundle,Sett,10.15,Meteor,Peanut,,,,
Twisted Fate,Volibear,Syndra,Ekko,10.15,FoFo,xiye,,,,
Galio,Camille,Aphelios,Ezreal,10.15,Wings,Kramer,,,,
Renekton,Ornn,Bard,Yuumi,10.15,XinMo,Mark,,,,
,,,,,,,Bilibili Gaming,LGD Gaming,red_side,blue_side
LeBlanc,Zoe,Mordekaiser,Ornn,10.15,kingen,Langx,,,,
Nidalee,Caitlyn,Sett,Lee Sin,10.15,Meteor,Peanut,,,,
Twisted Fate,Volibear,Galio,Sylas,10.15,FoFo,xiye,,,,
Kassadin,Camille,Kalista,Ezreal,10.15,Wings,Kramer,,,,
Renekton,Kayle,Leona,Tahm Kench,10.15,XinMo,Mark,,,,
,,,,,,,Bilibili Gaming,LGD Gaming,red_side,blue_side
Nidalee,Karma,Volibear,Renekton,10.15,GimGoon,Chelizi,,,,
Ashe,Twisted Fate,Lee Sin,Sett,10.15,Tian,Xiaopeng,,,,
Azir,Caitlyn,Ryze,Cassiopeia,10.15,Doinb,Twila,,,,
Ornn,Galio,Senna,Kalista,10.15,Lwx,Xubin,,,,
Wukong,Orianna,Nautilus,Leona,10.15,Crisp,Yui,,,,
,,,,,,,Funplus Phoenix,Dominus Esports,blue_side,red_side
Karma,Nidalee,Jax,Mordekaiser,10.15,Chelizi,GimGoon,,,,
Twisted Fate,Volibear,Trundle,Sett,10.15,Xiaopeng,Tian,,,,
Ashe,Kalista,Syndra,Orianna,10.15,Twila,Doinb,,,,
Renekton,Ornn,Caitlyn,Aphelios,10.15,Xubin,Lwx,,,,
Gangplank,Cassiopeia,Lux,Thresh,10.15,Yui,Crisp,,,,
,,,,,,,Dominus Esports,Funplus Phoenix,red_side,blue_side
Twisted Fate,Syndra,Renekton,Wukong,10.15,369,New,,,,
Karma,Zoe,Lee Sin,Nidalee,10.15,Karsa,XLB,,,,
Ornn,Volibear,Orianna,Jayce,10.15,Knight,xiaohu,,,,
Sett,Azir,Ashe,Varus,10.15,JackeyLove,GALA,,,,
Kennen,LeBlanc,Leona,Nautilus,10.15,yuyanjia,Ming,,,,
,,,,,,,Top Esports,Royal Never Give Up,red_side,blue_side
Twisted Fate,Syndra,Kennen,Renekton,10.15,369,New,,,,
Karma,Zoe,Nidalee,Olaf,10.15,Karsa,XLB,,,,
Ornn,Volibear,Sett,Orianna,10.15,Knight,xiaohu,,,,
Lee Sin,Quinn,Ezreal,Ashe,10.15,JackeyLove,GALA,,,,
Graves,Gangplank,Nautilus,Lulu,10.15,yuyanjia,Ming,,,,
,,,,,,,Top Esports,Royal Never Give Up,red_side,blue_side
Karma,Senna,Jayce,Renekton,10.15,CJJ,Morgan,,,,
Volibear,Zoe,Graves,Trundle,10.15,Wei,beishang,,,,
Galio,Ekko,Twisted Fate,Sylas,10.15,fenfen,Teacherma,,,,
Sett,Thresh,Jhin,Ashe,10.15,rat,Elk,,,,
Tahm Kench,Leona,Nautilus,Bard,10.15,ShiauC,Missing,,,,
,,,,,,,eStar,Team WE,red_side,blue_side
Senna,Karma,Wukong,Renekton,10.15,Morgan,CJJ,,,,
Zoe,Galio,Sett,Volibear,10.15,beishang,Wei,,,,
Graves,Twisted Fate,Sylas,Azir,10.15,Teacherma,fenfen,,,,
Kassadin,Nautilus,Ezreal,Ashe,10.15,Elk,rat,,,,
Syndra,Ornn,Leona,Bard,10.15,Missing,ShiauC,,,,
,,,,,,,Team WE,eStar,blue_side,red_side
Ezreal,Zoe,Renekton,Gnar,10.15,Biubiu,Zoom,,,,
LeBlanc,Graves,Lillia,Volibear,10.15,WeiWei,Kanavi,,,,
Caitlyn,Nidalee,Syndra,Ekko,10.15,Mole,Yagao,,,,
Bard,Karthus,Senna,Ashe,10.15,Y4,LokeN,,,,
Gangplank,Tahm Kench,Leona,Sett,10.15,Ppgod,LvMao,,,,
,,,,,,,Victory Five,JD Gaming,red_side,blue_side
Ezreal,Zoe,Mordekaiser,Camille,10.15,Biubiu,Zoom,,,,
LeBlanc,Graves,Volibear,Lee Sin,10.15,WeiWei,Kanavi,,,,
Caitlyn,Nidalee,Syndra,Ekko,10.15,Mole,Yagao,,,,
Galio,Renekton,Ashe,Senna,10.15,Hans SamD,LokeN,,,,
Twisted Fate,Karma,Bard,Pantheon,10.15,Ppgod,LvMao,,,,
,,,,,,,Victory Five,JD Gaming,blue_side,red_side
Ezreal,Zoe,Karma,Volibear,10.15,Biubiu,Zoom,,,,
LeBlanc,Syndra,Graves,Nidalee,10.15,WeiWei,Kanavi,,,,
Caitlyn,Renekton,Galio,Orianna,10.15,Mole,Yagao,,,,
Sett,Camille,Jhin,Ashe,10.15,Hans SamD,LokeN,,,,
Qiyana,Ornn,Nautilus,Bard,10.15,Ppgod,LvMao,,,,
,,,,,,,Victory Five,JD Gaming,blue_side,red_side
Renekton,Volibear,Jayce,Ornn,10.15,TheShy,Breathe,,,,
Bard,Sett,Trundle,Graves,10.15,Ning,H4cker,,,,
Lee Sin,Syndra,Zoe,Azir,10.15,RooKie,icon,,,,
Camille,LeBlanc,Kalista,Aphelios,10.15,Puff,SmLz,,,,
Wukong,Kennen,Nautilus,Thresh,10.15,Baolan,Sora,,,,
,,,,,,,Invictus Gaming,OMG,blue_side,red_side
Sett,Volibear,Jayce,Lucian,10.15,Breathe,TheShy,,,,
Kalista,Syndra,Trundle,Graves,10.15,H4cker,Ning,,,,
LeBlanc,Lee Sin,Akali,Twisted Fate,10.15,icon,RooKie,,,,
Jarvan IV,Zoe,Ashe,Aphelios,10.15,SmLz,Puff,,,,
Kindred,Azir,Karma,Thresh,10.15,Sora,Baolan,,,,
,,,,,,,OMG,Invictus Gaming,red_side,blue_side
Galio,Twisted Fate,Ornn,Camille,10.15,xiaoxiang,kingen,,,,
Bard,Lee Sin,Volibear,Sett,10.15,Jiejie,Meteor,,,,
Trundle,Renekton,Syndra,Akali,10.15,Scout,FoFo,,,,
LeBlanc,Nautilus,Ashe,Caitlyn,10.15,Hope,Wings,,,,
Sylas,Thresh,Karma,Lux,10.15,meiko,XinMo,,,,
,,,,,,,Edward Gaming,Bilibili Gaming,blue_side,red_side
Karma,Twisted Fate,Ornn,Sylas,10.15,kingen,xiaoxiang,,,,
Lee Sin,Bard,Trundle,Sett,10.15,Meteor,Jiejie,,,,
LeBlanc,Volibear,Zoe,Syndra,10.15,FoFo,Scout,,,,
Renekton,Lux,Caitlyn,Ashe,10.15,Wings,Hope,,,,
Kayle,Morgana,Tahm Kench,Thresh,10.15,XinMo,meiko,,,,
,,,,,,,Bilibili Gaming,Edward Gaming,red_side,blue_side
Syndra,Nidalee,Ornn,Jayce,10.15,Holder,Flandre,,,,
LeBlanc,Thresh,Olaf,Sett,10.15,Haro,Xx,,,,
Volibear,Graves,Zoe,Twisted Fate,10.15,Wuming,Maple,,,,
Kayle,Trundle,Ezreal,Aphelios,10.15,ZWuJi,Light,,,,
Camille,Lee Sin,Bard,Lux,10.15,Ley,Iwandy,,,,
,,,,,,,Rogue Warriors,LNG Esports,red_side,blue_side
LeBlanc,Nidalee,Renekton,Quinn,10.15,Holder,Flandre,,,,
Aphelios,Thresh,Volibear,Sett,10.15,Haro,Xx,,,,
Zoe,Graves,Galio,Corki,10.15,Wuming,Maple,,,,
Twisted Fate,Camille,Ezreal,Caitlyn,10.15,ZWuJi,Light,,,,
Azir,Wukong,Bard,Lux,10.15,Ley,Iwandy,,,,
,,,,,,,Rogue Warriors,LNG Esports,red_side,blue_side
Kalista,Twisted Fate,Volibear,Ornn,10.15,Langx,Cube,,,,
LeBlanc,Bard,Nidalee,Sett,10.15,Peanut,Aix,,,,
Renekton,Graves,Zoe,Orianna,10.15,xiye,Zeka,,,,
Akali,Syndra,Ezreal,Aphelios,10.15,Kramer,iBOY,,,,
Nautilus,Yuumi,Leona,Thresh,10.15,Mark,Maestro,,,,
,,,,,,,LGD Gaming,Vici Gaming,blue_side,red_side
Bard,Kalista,Gangplank,Ornn,10.15,Cube,Langx,,,,
Twisted Fate,Nidalee,Lillia,Graves,10.15,Leyan,Peanut,,,,
Volibear,Aphelios,Orianna,Sylas,10.15,Zeka,xiye,,,,
Syndra,Kayle,Senna,Ezreal,10.15,iBOY,Kramer,,,,
Zoe,Renekton,Nautilus,Tahm Kench,10.15,Maestro,Mark,,,,
,,,,,,,Vici Gaming,LGD Gaming,red_side,blue_side
Cassiopeia,Volibear,Mordekaiser,Camille,10.15,New,Chelizi,,,,
Lee Sin,Renekton,Nidalee,Kindred,10.15,XLB,Xiaopeng,,,,
Senna,Sett,Jayce,Galio,10.15,xiaohu,Twila,,,,
Kalista,Tahm Kench,Ashe,Ezreal,10.15,GALA,Xubin,,,,
Jhin,Wukong,Nautilus,Bard,10.15,Ming,Yui,,,,
,,,,,,,Royal Never Give Up,Dominus Esports,blue_side,red_side
Syndra,Cassiopeia,Volibear,Ornn,10.15,Chelizi,New,,,,
Galio,Nidalee,Lillia,Olaf,10.15,Xiaopeng,XLB,,,,
Graves,Senna,Jayce,Azir,10.15,Twila,xiaohu,,,,
Renekton,Lee Sin,Jhin,Ashe,10.15,Xubin,GALA,,,,
Kennen,Trundle,Sett,Nautilus,10.15,Yui,Ming,,,,
,,,,,,,Dominus Esports,Royal Never Give Up,red_side,blue_side
Nidalee,Galio,Renekton,Mordekaiser,10.15,Morgan,Biubiu,,,,
Graves,Karma,Trundle,Volibear,10.15,beishang,WeiWei,,,,
Ashe,Sett,Twisted Fate,Zoe,10.15,Teacherma,Mole,,,,
Thresh,Lee Sin,Ezreal,Kalista,10.15,Elk,Hans SamD,,,,
Bard,Olaf,Leona,Nautilus,10.15,Missing,Ppgod,,,,
,,,,,,,Team WE,Victory Five,blue_side,red_side
Galio,Nidalee,Renekton,Kennen,10.15,Biubiu,Morgan,,,,
Karma,Graves,Olaf,Volibear,10.15,WeiWei,beishang,,,,
Sett,Zoe,Syndra,Twisted Fate,10.15,Mole,Teacherma,,,,
Bard,Thresh,Ashe,Ezreal,10.15,Y4,Elk,,,,
Leona,Trundle,Tahm Kench,Nautilus,10.15,Ppgod,Missing,,,,
,,,,,,,Victory Five,Team WE,blue_side,red_side
Nidalee,Galio,Mordekaiser,Gangplank,10.15,Morgan,Biubiu,,,,
Graves,Sett,Volibear,Trundle,10.15,beishang,WeiWei,,,,
Ashe,Renekton,Twisted Fate,Zoe,10.15,Teacherma,Mole,,,,
Wukong,Bard,Ezreal,Senna,10.15,Elk,Y4,,,,
Kindred,Karma,Nautilus,Tahm Kench,10.15,Missing,Ppgod,,,,
,,,,,,,Team WE,Victory Five,red_side,blue_side
Ezreal,Zoe,Renekton,Maokai,10.15,Bin,369,,,,
Nidalee,Twisted Fate,Volibear,Lee Sin,10.15,SofM,Karsa,,,,
Karma,Graves,LeBlanc,Syndra,10.15,Angel,Knight,,,,
Ornn,Bard,Senna,Ashe,10.15,huanfeng,JackeyLove,,,,
Nautilus,Jhin,Tahm Kench,Thresh,10.15,SwordArt,yuyanjia,,,,
,,,,,,,Suning,Top Esports,red_side,blue_side
Ezreal,Zoe,Wukong,Mordekaiser,10.15,Bin,369,,,,
Nidalee,Twisted Fate,Volibear,Jarvan IV,10.15,SofM,Karsa,,,,
Karma,Renekton,LeBlanc,Syndra,10.15,Angel,Knight,,,,
Graves,Bard,Aphelios,Ashe,10.15,huanfeng,JackeyLove,,,,
Lee Sin,Jhin,Nautilus,Tahm Kench,10.15,SwordArt,yuyanjia,,,,
,,,,,,,Suning,Top Esports,red_side,blue_side
Nidalee,Karma,Volibear,Renekton,10.14,GimGoon,Langx,,,,
Bard,Aphelios,Lee Sin,Sett,10.14,Tian,Peanut,,,,
Graves,Senna,Galio,Twisted Fate,10.14,Doinb,xiye,,,,
Ornn,Gangplank,Varus,Ashe,10.14,Lwx,Kramer,,,,
Kindred,Camille,Nautilus,Leona,10.14,Crisp,Mark,,,,
,,,,,,,Funplus Phoenix,LGD Gaming,blue_side,red_side
Nidalee,Karma,Gangplank,Renekton,10.14,GimGoon,Langx,,,,
Bard,Aphelios,Volibear,Lee Sin,10.14,Tian,Peanut,,,,
Graves,Galio,Sylas,Twisted Fate,10.14,Doinb,xiye,,,,
Kindred,Leona,Varus,Ashe,10.14,Lwx,Kramer,,,,
Camille,Braum,Thresh,Nautilus,10.14,Crisp,Mark,,,,
,,,,,,,Funplus Phoenix,LGD Gaming,red_side,blue_side
Nidalee,Karma,Mordekaiser,Renekton,10.14,GimGoon,Langx,,,,
Graves,Aphelios,Lee Sin,Trundle,10.14,Tian,Peanut,,,,
Volibear,Galio,Twisted Fate,Syndra,10.14,Doinb,xiye,,,,
Ornn,Camille,Kalista,Ashe,10.14,Lwx,Kramer,,,,
RekSai,Gangplank,Nautilus,Bard,10.14,Crisp,Mark,,,,
,,,,,,,Funplus Phoenix,LGD Gaming,blue_side,red_side
Sett,Nidalee,Mordekaiser,Fiora,10.14,Zoom,CJJ,,,,
Galio,Volibear,Lee Sin,Graves,10.14,Kanavi,Wei,,,,
Thresh,Twisted Fate,LeBlanc,Karma,10.14,Yagao,fenfen,,,,
Lissandra,Renekton,Aphelios,Ashe,10.14,LokeN,rat,,,,
Jayce,Ornn,Bard,Nautilus,10.14,LvMao,ShiauC,,,,
,,,,,,,JD Gaming,eStar,blue_side,red_side
Sett,Nidalee,Gangplank,Ornn,10.14,Zoom,CJJ,,,,
Galio,Volibear,Lee Sin,Graves,10.14,Kanavi,Wei,,,,
Karma,Twisted Fate,Syndra,Zoe,10.14,Yagao,fenfen,,,,
Lissandra,Renekton,Aphelios,Ezreal,10.14,LokeN,rat,,,,
Kayle,LeBlanc,Thresh,Bard,10.14,LvMao,ShiauC,,,,
,,,,,,,JD Gaming,eStar,blue_side,red_side
Galio,Syndra,Renekton,Quinn,10.14,xiaoxiang,Flandre,,,,
Aphelios,Twisted Fate,Lee Sin,Trundle,10.14,Jiejie,Xx,,,,
Sett,Volibear,Zoe,LeBlanc,10.14,Scout,Maple,,,,
RekSai,Nautilus,Kalista,Ezreal,10.14,Hope,Light,,,,
Ornn,Thresh,Taric,Bard,10.14,meiko,Duan,,,,
,,,,,,,Edward Gaming,LNG Esports,blue_side,red_side
Lee Sin,Aphelios,Kennen,Wukong,10.14,Flandre,xiaoxiang,,,,
Twisted Fate,Volibear,Graves,Sett,10.14,Xx,Jiejie,,,,
Galio,Ezreal,Syndra,Akali,10.14,Maple,Scout,,,,
Renekton,RekSai,Kalista,Ashe,10.14,Light,Hope,,,,
Zoe,Olaf,Nautilus,Braum,10.14,Duan,meiko,,,,
,,,,,,,LNG Esports,Edward Gaming,red_side,blue_side
Thresh,Zoe,Wukong,Volibear,10.14,kingen,Holder,,,,
Galio,Syndra,Trundle,Lee Sin,10.14,Meteor,Haro,,,,
Nidalee,Graves,Twisted Fate,Sylas,10.14,FoFo,Wuming,,,,
Renekton,Camille,Aphelios,Ashe,10.14,Wings,ZWuJi,,,,
Kennen,Olaf,Bard,Alistar,10.14,XinMo,Ley,,,,
,,,,,,,Bilibili Gaming,Rogue Warriors,blue_side,red_side
Volibear,Thresh,Ornn,Sylas,10.14,Holder,kingen,,,,
Twisted Fate,Nidalee,Graves,Sett,10.14,Haro,Meteor,,,,
Aphelios,Galio,Zoe,LeBlanc,10.14,Wuming,FoFo,,,,
Kayle,Kalista,Kaisa,Ezreal,10.14,ZWuJi,Wings,,,,
Trundle,Ashe,Nautilus,Bard,10.14,Ley,XinMo,,,,
,,,,,,,Rogue Warriors,Bilibili Gaming,red_side,blue_side
LeBlanc,Lee Sin,Renekton,Ornn,10.14,Chelizi,Cube,,,,
Sett,Aphelios,Trundle,Volibear,10.14,Xiaopeng,Aix,,,,
Nidalee,Cassiopeia,Syndra,Ekko,10.14,Twila,Zeka,,,,
Akali,Bard,Ashe,Kalista,10.14,Xubin,iBOY,,,,
Galio,Braum,Tahm Kench,Taric,10.14,Yui,Maestro,,,,
,,,,,,,Dominus Esports,Vici Gaming,red_side,blue_side
Cassiopeia,LeBlanc,Renekton,Kennen,10.14,Cube,Chelizi,,,,
Lee Sin,Taric,Volibear,Poppy,10.14,Aix,Xiaopeng,,,,
Nidalee,Aphelios,Zoe,Syndra,10.14,Zeka,Twila,,,,
Bard,Akali,Kalista,Senna,10.14,iBOY,Xubin,,,,
Graves,Ekko,Nautilus,Sett,10.14,Maestro,Yui,,,,
,,,,,,,Vici Gaming,Dominus Esports,blue_side,red_side
Graves,Aphelios,Wukong,Camille,10.14,Breathe,Bin,,,,
Syndra,Renekton,Volibear,Lee Sin,10.14,H4cker,SofM,,,,
Zoe,Bard,Azir,Twisted Fate,10.14,icon,Angel,,,,
Kayle,Karma,Ezreal,Ashe,10.14,Eric,huanfeng,,,,
Leona,Ornn,Taric,Nautilus,10.14,Sora,SwordArt,,,,
,,,,,,,OMG,Suning,blue_side,red_side
Graves,Aphelios,Camille,Wukong,10.14,Breathe,Bin,,,,
Syndra,Volibear,Lee Sin,Trundle,10.14,H4cker,SofM,,,,
Zoe,Renekton,Twisted Fate,Galio,10.14,icon,Angel,,,,
Azir,LeBlanc,Ezreal,Ashe,10.14,Eric,huanfeng,,,,
Orianna,Mordekaiser,Bard,Nautilus,10.14,Sora,SwordArt,,,,
,,,,,,,OMG,Suning,red_side,blue_side
Graves,Aphelios,Wukong,Jax,10.14,Breathe,Bin,,,,
Syndra,Volibear,Lee Sin,Sett,10.14,H4cker,SofM,,,,
Zoe,Renekton,Sylas,Orianna,10.14,icon,Angel,,,,
Trundle,LeBlanc,Kaisa,Ezreal,10.14,Eric,huanfeng,,,,
Nautilus,Azir,Bard,Leona,10.14,Sora,SwordArt,,,,
,,,,,,,OMG,Suning,red_side,blue_side
Renekton,Kalista,Mordekaiser,Jax,10.14,TheShy,369,,,,
Bard,Aphelios,Volibear,Trundle,10.14,Ning,Karsa,,,,
Syndra,Twisted Fate,Azir,Galio,10.14,RooKie,Knight,,,,
Wukong,Kennen,Ashe,Ezreal,10.14,Puff,JackeyLove,,,,
Zoe,LeBlanc,Nautilus,Yuumi,10.14,Baolan,yuyanjia,,,,
,,,,,,,Invictus Gaming,Top Esports,blue_side,red_side
Renekton,Kalista,Jayce,Ornn,10.14,TheShy,369,,,,
Bard,Aphelios,Volibear,Lee Sin,10.14,Ning,Karsa,,,,
Syndra,Twisted Fate,Orianna,Zoe,10.14,RooKie,Knight,,,,
Leona,LeBlanc,Ashe,Ezreal,10.14,Puff,JackeyLove,,,,
Wukong,Kennen,Nautilus,Braum,10.14,Baolan,yuyanjia,,,,
,,,,,,,Invictus Gaming,Top Esports,blue_side,red_side
Bard,Zoe,Kennen,Maokai,10.14,kingen,Zoom,,,,
Nidalee,Twisted Fate,Sett,Volibear,10.14,Meteor,Kanavi,,,,
Ezreal,Aphelios,Syndra,LeBlanc,10.14,FoFo,Yagao,,,,
Lee Sin,Thresh,Kalista,Ashe,10.14,Wings,LokeN,,,,
RekSai,Camille,Nautilus,Leona,10.14,XinMo,LvMao,,,,
,,,,,,,Bilibili Gaming,JD Gaming,red_side,blue_side
Bard,Zoe,Shen,Volibear,10.14,ADD,Zoom,,,,
Nidalee,Twisted Fate,Trundle,Graves,10.14,Meteor,Kanavi,,,,
LeBlanc,Galio,Akali,Azir,10.14,FoFo,Yagao,,,,
Leona,Renekton,Aphelios,Ezreal,10.14,Wings,LokeN,,,,
Thresh,Ornn,Nautilus,Sett,10.14,XinMo,LvMao,,,,
,,,,,,,Bilibili Gaming,JD Gaming,red_side,blue_side
Galio,Zoe,Camille,Wukong,10.14,xiaoxiang,GimGoon,,,,
Karma,Volibear,Lee Sin,Sett,10.14,Jiejie,Tian,,,,
Aphelios,Ezreal,Twisted Fate,Rumble,10.14,Scout,Doinb,,,,
Jarvan IV,Thresh,Varus,Ashe,10.14,Hope,Lwx,,,,
Olaf,Renekton,Nautilus,Bard,10.14,meiko,Crisp,,,,
,,,,,,,Edward Gaming,Funplus Phoenix,blue_side,red_side
Zoe,Galio,Gangplank,Renekton,10.14,GimGoon,xiaoxiang,,,,
Ornn,Karma,Graves,Lee Sin,10.14,Tian,Jiejie,,,,
Volibear,Aphelios,Twisted Fate,Sylas,10.14,Doinb,Scout,,,,
Thresh,Nautilus,Senna,Ashe,10.14,Lwx,Hope,,,,
Bard,Camille,Leona,Braum,10.14,Crisp,meiko,,,,
,,,,,,,Funplus Phoenix,Edward Gaming,blue_side,red_side
Galio,Volibear,Camille,Renekton,10.14,xiaoxiang,GimGoon,,,,
Aphelios,Lee Sin,Nidalee,Kindred,10.14,Jiejie,Tian,,,,
Graves,Varus,Twisted Fate,Karma,10.14,Scout,Doinb,,,,
Olaf,Kalista,Kaisa,Ashe,10.14,Hope,Lwx,,,,
Bard,Ezreal,Sett,Nautilus,10.14,meiko,Crisp,,,,
,,,,,,,Edward Gaming,Funplus Phoenix,red_side,blue_side
Lee Sin,Nidalee,Renekton,Karma,10.14,Cube,Breathe,,,,
Twisted Fate,Graves,Sett,Trundle,10.14,Aix,H4cker,,,,
Syndra,Volibear,LeBlanc,Azir,10.14,Zeka,icon,,,,
Bard,Kennen,Aphelios,Ashe,10.14,iBOY,SmLz,,,,
Gangplank,Kindred,Nautilus,Braum,10.14,Maestro,Sora,,,,
,,,,,,,Vici Gaming,OMG,blue_side,red_side
Sett,Twisted Fate,Ornn,Renekton,10.14,Breathe,Cube,,,,
LeBlanc,Lee Sin,Volibear,Nidalee,10.14,H4cker,Aix,,,,
Graves,Aphelios,Azir,Akali,10.14,icon,Zeka,,,,
Nautilus,Syndra,Senna,Ashe,10.14,SmLz,iBOY,,,,
Thresh,Gangplank,Bard,Leona,10.14,Sora,Maestro,,,,
,,,,,,,OMG,Vici Gaming,blue_side,red_side
Lee Sin,Sett,Ornn,Renekton,10.14,Cube,Breathe,,,,
Bard,LeBlanc,Trundle,Volibear,10.14,Aix,H4cker,,,,
Twisted Fate,Graves,Zoe,Orianna,10.14,Zeka,icon,,,,
Syndra,Akali,Aphelios,KogMaw,10.14,iBOY,SmLz,,,,
Azir,Kennen,Nautilus,Thresh,10.14,Maestro,Sora,,,,
,,,,,,,Vici Gaming,OMG,blue_side,red_side
LeBlanc,Aphelios,Kennen,Camille,10.14,New,Langx,,,,
Graves,Kalista,Volibear,Nidalee,10.14,XLB,Peanut,,,,
Bard,Senna,Syndra,Twisted Fate,10.14,xiaohu,xiye,,,,
Renekton,Lee Sin,Ezreal,Ashe,10.14,Betty,Kramer,,,,
Ornn,Nautilus,Tahm Kench,Leona,10.14,Ming,Mark,,,,
,,,,,,,Royal Never Give Up,LGD Gaming,red_side,blue_side
Karma,Twisted Fate,Renekton,Ornn,10.14,Langx,New,,,,
Ashe,Graves,Nidalee,Lee Sin,10.14,Peanut,XLB,,,,
Syndra,Aphelios,Sylas,Orianna,10.14,xiye,xiaohu,,,,
Nautilus,LeBlanc,Senna,Varus,10.14,Kramer,GALA,,,,
Zoe,Leona,Bard,Lulu,10.14,Mark,Ming,,,,
,,,,,,,LGD Gaming,Royal Never Give Up,red_side,blue_side
Graves,Aphelios,Camille,Volibear,10.14,New,Langx,,,,
LeBlanc,Karma,Trundle,Kindred,10.14,XLB,Peanut,,,,
Nidalee,Ornn,Twisted Fate,Galio,10.14,xiaohu,xiye,,,,
Syndra,Renekton,Varus,Ashe,10.14,GALA,Kramer,,,,
Sylas,Bard,Nautilus,Leona,10.14,Ming,Mark,,,,
,,,,,,,Royal Never Give Up,LGD Gaming,red_side,blue_side
Senna,Nidalee,Renekton,Ornn,10.14,Biubiu,Bin,,,,
Syndra,Aphelios,Trundle,Graves,10.14,WeiWei,SofM,,,,
Tahm Kench,Thresh,Twisted Fate,Ryze,10.14,Mole,Angel,,,,
Zoe,Nautilus,Ashe,Ezreal,10.14,Hans SamD,huanfeng,,,,
Galio,Lee Sin,Karma,Bard,10.14,Ppgod,SwordArt,,,,
,,,,,,,Victory Five,Suning,blue_side,red_side
Nidalee,Senna,Mordekaiser,Wukong,10.14,Bin,Biubiu,,,,
Renekton,Aphelios,Lee Sin,Graves,10.14,SofM,WeiWei,,,,
Twisted Fate,Syndra,Zoe,Galio,10.14,Angel,Mole,,,,
Ornn,Tahm Kench,Jhin,Ashe,10.14,huanfeng,Hans SamD,,,,
Bard,Jax,Nautilus,Leona,10.14,SwordArt,Ppgod,,,,
,,,,,,,Suning,Victory Five,blue_side,red_side
Senna,Nidalee,Wukong,Camille,10.14,Biubiu,Bin,,,,
Syndra,Aphelios,Volibear,Graves,10.14,WeiWei,SofM,,,,
Tahm Kench,Renekton,Twisted Fate,Zoe,10.14,Mole,Angel,,,,
Mordekaiser,Lee Sin,Jhin,Ashe,10.14,Hans SamD,huanfeng,,,,
Jax,Trundle,Bard,Nautilus,10.14,Ppgod,SwordArt,,,,
,,,,,,,Victory Five,Suning,red_side,blue_side
Nidalee,Syndra,Sett,Ornn,10.14,Flandre,Zoom,,,,
Twisted Fate,Aphelios,Volibear,Graves,10.14,Xx,Kanavi,,,,
Lee Sin,Zoe,LeBlanc,Galio,10.14,Maple,Yagao,,,,
Lissandra,Kayle,Kalista,Ezreal,10.14,Light,LokeN,,,,
Azir,Thresh,Nautilus,Leona,10.14,Duan,LvMao,,,,
,,,,,,,LNG Esports,JD Gaming,red_side,blue_side
Nidalee,Syndra,Sett,Volibear,10.14,Flandre,Zoom,,,,
Twisted Fate,Aphelios,Graves,Lee Sin,10.14,Xx,Kanavi,,,,
Ornn,Zoe,Galio,Kassadin,10.14,Maple,Yagao,,,,
LeBlanc,Kennen,Ezreal,Ashe,10.14,Light,LokeN,,,,
Azir,Camille,Bard,Karma,10.14,Duan,LvMao,,,,
,,,,,,,LNG Esports,JD Gaming,blue_side,red_side
Nidalee,Jarvan IV,Jayce,Wukong,10.14,Flandre,Zoom,,,,
Twisted Fate,Galio,Volibear,Sett,10.14,Xx,Kanavi,,,,
Ornn,Thresh,LeBlanc,Zoe,10.14,Maple,Yagao,,,,
Graves,Leona,Aphelios,Ezreal,10.14,Light,LokeN,,,,
Lee Sin,Nautilus,Tahm Kench,Bard,10.14,Duan,LvMao,,,,
,,,,,,,LNG Esports,JD Gaming,red_side,blue_side
Cassiopeia,Syndra,Kennen,Wukong,10.14,369,Chelizi,,,,
Nidalee,Twisted Fate,Volibear,Graves,10.14,Karsa,Xiaopeng,,,,
Aphelios,Zoe,Azir,Galio,10.14,Knight,Twila,,,,
Camille,Jayce,Ezreal,Ashe,10.14,JackeyLove,Xubin,,,,
Thresh,Ornn,Bard,Karma,10.14,yuyanjia,Yui,,,,
,,,,,,,Top Esports,Dominus Esports,blue_side,red_side
Cassiopeia,Syndra,Urgot,Jax,10.14,369,Chelizi,,,,
Nidalee,Twisted Fate,Volibear,Trundle,10.14,Karsa,Xiaopeng,,,,
Aphelios,Bard,Zoe,Orianna,10.14,Knight,Twila,,,,
Wukong,Jayce,Ashe,Jhin,10.14,JackeyLove,Xubin,,,,
Ornn,Kennen,Karma,Thresh,10.14,yuyanjia,Yui,,,,
,,,,,,,Top Esports,Dominus Esports,blue_side,red_side
Zoe,Galio,Ornn,Kayle,10.14,Morgan,kingen,,,,
Syndra,Sett,Graves,Trundle,10.14,beishang,Meteor,,,,
Nidalee,Renekton,Karma,Twisted Fate,10.14,Teacherma,FoFo,,,,
Sylas,Ashe,Varus,Aphelios,10.14,Elk,Wings,,,,
Camille,Ezreal,Thresh,Bard,10.14,Missing,XinMo,,,,
,,,,,,,Team WE,Bilibili Gaming,red_side,blue_side
Sett,Zoe,Wukong,Hecarim,10.14,kingen,Morgan,,,,
Galio,Bard,Nidalee,Volibear,10.14,Meteor,beishang,,,,
Renekton,Syndra,Twisted Fate,Karma,10.14,FoFo,Teacherma,,,,
Ornn,Nautilus,Ashe,Aphelios,10.14,Wings,Elk,,,,
Kennen,Leona,Tahm Kench,Thresh,10.14,XinMo,Missing,,,,
,,,,,,,Bilibili Gaming,Team WE,red_side,blue_side
Zoe,Sett,Volibear,Gnar,10.14,Morgan,kingen,,,,
Bard,Renekton,Lee Sin,Nidalee,10.14,beishang,Meteor,,,,
Syndra,Aphelios,Galio,Twisted Fate,10.14,Teacherma,FoFo,,,,
Kalista,Thresh,Ashe,Jhin,10.14,Elk,Wings,,,,
Ezreal,Tahm Kench,Nautilus,Leona,10.14,Missing,XinMo,,,,
,,,,,,,Team WE,Bilibili Gaming,blue_side,red_side
Sett,Nidalee,Ornn,Mordekaiser,10.14,Holder,Xiaobai,,,,
Volibear,Thresh,Graves,Kindred,10.14,Haro,Wei,,,,
Ashe,Zoe,Orianna,Galio,10.14,Wuming,irma,,,,
Jarvan IV,Sylas,Varus,Kalista,10.14,ZWuJi,rat,,,,
Olaf,Syndra,Nautilus,Leona,10.14,Ley,ShiauC,,,,
,,,,,,,Rogue Warriors,eStar,blue_side,red_side
Nidalee,Sett,Poppy,Camille,10.14,Xiaobai,Holder,,,,
Thresh,Volibear,RekSai,Lee Sin,10.14,Wei,Haro,,,,
Kalista,Graves,Zoe,Twisted Fate,10.14,irma,Wuming,,,,
Nautilus,Renekton,Aphelios,Ashe,10.14,rat,ZWuJi,,,,
Wukong,Ornn,Bard,Karma,10.14,ShiauC,Ley,,,,
,,,,,,,eStar,Rogue Warriors,red_side,blue_side
Syndra,Aphelios,Renekton,Karma,10.14,Cube,xiaoxiang,,,,
Lee Sin,Nidalee,Graves,Sett,10.14,Leyan,Jiejie,,,,
Twisted Fate,Volibear,Galio,Azir,10.14,Zeka,Scout,,,,
Thresh,Taric,Kalista,Ashe,10.14,iBOY,Hope,,,,
Bard,Kennen,Nautilus,Braum,10.14,Maestro,meiko,,,,
,,,,,,,Vici Gaming,Edward Gaming,blue_side,red_side
Nidalee,Syndra,Renekton,Kennen,10.14,xiaoxiang,Cube,,,,
Kalista,Twisted Fate,Volibear,Graves,10.14,Jiejie,Leyan,,,,
Aphelios,Lee Sin,Zoe,Galio,10.14,Scout,Zeka,,,,
Ornn,Thresh,Varus,Ashe,10.14,Hope,iBOY,,,,
Wukong,Braum,Nautilus,Leona,10.14,meiko,Maestro,,,,
,,,,,,,Edward Gaming,Vici Gaming,blue_side,red_side
Syndra,Aphelios,Renekton,Karma,10.14,Cube,xiaoxiang,,,,
Twisted Fate,Nidalee,Trundle,Lee Sin,10.14,Leyan,Jiejie,,,,
Volibear,Galio,Orianna,Zoe,10.14,Zeka,Scout,,,,
Akali,LeBlanc,Kalista,Ashe,10.14,iBOY,Hope,,,,
Kennen,Taric,Nautilus,Thresh,10.14,Maestro,meiko,,,,
,,,,,,,Vici Gaming,Edward Gaming,red_side,blue_side
Karma,Aphelios,Renekton,Gangplank,10.14,Breathe,GimGoon,,,,
Graves,Volibear,Lee Sin,RekSai,10.14,H4cker,Tian,,,,
Rumble,Zoe,Syndra,Twisted Fate,10.14,icon,Doinb,,,,
Ornn,Bard,Ashe,Senna,10.14,SmLz,Lwx,,,,
Wukong,Braum,Tahm Kench,Nautilus,10.14,cold,Crisp,,,,
,,,,,,,OMG,Funplus Phoenix,red_side,blue_side
Lee Sin,Karma,Renekton,Gangplank,10.14,GimGoon,Breathe,,,,
Jhin,Graves,Trundle,Olaf,10.14,Tian,H4cker,,,,
Volibear,Twisted Fate,Galio,Syndra,10.14,Doinb,icon,,,,
Kayle,Rumble,Aphelios,KogMaw,10.14,Lwx,SmLz,,,,
Braum,Orianna,Thresh,Tahm Kench,10.14,Crisp,cold,,,,
,,,,,,,Funplus Phoenix,OMG,blue_side,red_side
Thresh,Syndra,Jayce,Wukong,10.14,TheShy,Biubiu,,,,
Twisted Fate,Kalista,Lee Sin,Nidalee,10.14,Ning,WeiWei,,,,
Renekton,Volibear,Orianna,Zoe,10.14,RooKie,Mole,,,,
Sett,Azir,Aphelios,Ashe,10.14,Puff,Hans SamD,,,,
Ornn,LeBlanc,Nautilus,Bard,10.14,Baolan,Ppgod,,,,
,,,,,,,Invictus Gaming,Victory Five,red_side,blue_side
Twisted Fate,Syndra,Kennen,Ornn,10.14,TheShy,Biubiu,,,,
Bard,Kalista,Graves,Nidalee,10.14,Ning,WeiWei,,,,
Renekton,Volibear,Neeko,Sett,10.14,RooKie,Mole,,,,
Karma,Azir,Aphelios,Ashe,10.14,Puff,Hans SamD,,,,
Zoe,LeBlanc,Thresh,Pantheon,10.14,Baolan,Ppgod,,,,
,,,,,,,Invictus Gaming,Victory Five,blue_side,red_side
Twisted Fate,Syndra,Kennen,Sylas,10.14,TheShy,Biubiu,,,,
Bard,Kalista,Sett,Graves,10.14,Ning,WeiWei,,,,
Renekton,Volibear,Lissandra,LeBlanc,10.14,RooKie,Mole,,,,
Wukong,Azir,Aphelios,Ashe,10.14,Puff,Hans SamD,,,,
Zoe,Orianna,Braum,Thresh,10.14,Baolan,Ppgod,,,,
,,,,,,,Invictus Gaming,Victory Five,blue_side,red_side
Nidalee,Aphelios,Volibear,Renekton,10.14,Morgan,Langx,,,,
Twisted Fate,Karma,Lee Sin,Graves,10.14,beishang,Peanut,,,,
Ornn,Galio,Syndra,Ekko,10.14,Teacherma,xiye,,,,
Sylas,Nautilus,Jhin,Ashe,10.14,Elk,Kramer,,,,
LeBlanc,Leona,Thresh,Bard,10.14,Missing,Mark,,,,
,,,,,,,Team WE,LGD Gaming,red_side,blue_side
Karma,Twisted Fate,Renekton,Ornn,10.14,Langx,Morgan,,,,
Galio,Aphelios,Graves,Lee Sin,10.14,Peanut,beishang,,,,
Sett,Volibear,Syndra,Aurelion Sol,10.14,xiye,Teacherma,,,,
Rumble,Sylas,Jhin,Ashe,10.14,Kramer,Elk,,,,
Nautilus,Ezreal,Bard,Leona,10.14,Mark,Missing,,,,
,,,,,,,LGD Gaming,Team WE,blue_side,red_side
Karma,Nidalee,Ornn,Gangplank,10.14,Zoom,Khan,,,,
Rumble,Ezreal,Sett,Volibear,10.14,Kanavi,Tian,,,,
Senna,Zoe,Twisted Fate,Sylas,10.14,Yagao,Doinb,,,,
Tahm Kench,Lee Sin,Aphelios,Ashe,10.14,LokeN,Lwx,,,,
Kayle,Graves,Thresh,Nautilus,10.14,LvMao,Crisp,,,,
,,,,,,,JD Gaming,Funplus Phoenix,blue_side,red_side
Nidalee,Karma,Wukong,Kennen,10.14,Khan,Zoom,,,,
Ezreal,Senna,Volibear,Graves,10.14,Tian,Kanavi,,,,
Ornn,Aphelios,Rumble,Twisted Fate,10.14,Doinb,Yagao,,,,
Lee Sin,Orianna,Kaisa,Ashe,10.14,Lwx,LokeN,,,,
Renekton,Sylas,Nautilus,Bard,10.14,Crisp,LvMao,,,,
,,,,,,,Funplus Phoenix,JD Gaming,red_side,blue_side
Syndra,Aphelios,Ornn,Gangplank,10.14,Cube,369,,,,
Lee Sin,Nidalee,Graves,Volibear,10.14,Aix,Karsa,,,,
Ezreal,Galio,Ziggs,Twisted Fate,10.14,Zeka,Knight,,,,
Camille,Sylas,Kalista,Ashe,10.14,iBOY,JackeyLove,,,,
Kayle,LeBlanc,Taric,Bard,10.14,Hang,yuyanjia,,,,
,,,,,,,Vici Gaming,Top Esports,red_side,blue_side
LeBlanc,Syndra,Renekton,Kennen,10.14,369,Cube,,,,
Ornn,Aphelios,Nidalee,Graves,10.14,Karsa,Aix,,,,
Volibear,Twisted Fate,Jayce,Zoe,10.14,Knight,Zeka,,,,
Galio,Orianna,Varus,Kalista,10.14,JackeyLove,iBOY,,,,
Lee Sin,Tahm Kench,Thresh,Sett,10.14,yuyanjia,Maestro,,,,
,,,,,,,Top Esports,Vici Gaming,blue_side,red_side
Karma,Kalista,Mordekaiser,Wukong,10.14,TheShy,New,,,,
Twisted Fate,Aphelios,Volibear,Graves,10.14,Ning,XLB,,,,
Nidalee,Bard,Syndra,Galio,10.14,RooKie,xiaohu,,,,
Olaf,Renekton,Ezreal,Ashe,10.14,Puff,GALA,,,,
Lee Sin,Kennen,Sett,Tahm Kench,10.14,Baolan,Ming,,,,
,,,,,,,Invictus Gaming,Royal Never Give Up,blue_side,red_side
Kalista,Karma,Kennen,Sylas,10.14,New,TheShy,,,,
Sett,Syndra,RekSai,Lee Sin,10.14,XLB,Ning,,,,
Bard,Volibear,Twisted Fate,Orianna,10.14,xiaohu,RooKie,,,,
Jayce,Camille,Aphelios,Ashe,10.14,GALA,Puff,,,,
Kayle,Wukong,Rakan,Braum,10.14,Ming,Baolan,,,,
,,,,,,,Royal Never Give Up,Invictus Gaming,blue_side,red_side
Karma,Kalista,Gnar,Renekton,10.14,TheShy,New,,,,
Twisted Fate,Aphelios,Volibear,Nidalee,10.14,Ning,XLB,,,,
Ashe,Syndra,Azir,Sett,10.14,RooKie,xiaohu,,,,
Nautilus,Quinn,Ezreal,Kaisa,10.14,Puff,GALA,,,,
Leona,Mordekaiser,Bard,Pantheon,10.14,Baolan,Ming,,,,
,,,,,,,Invictus Gaming,Royal Never Give Up,blue_side,red_side
Cassiopeia,Zoe,Camille,Volibear,10.14,kingen,Chelizi,,,,
Lee Sin,Aphelios,Graves,Trundle,10.14,Meteor,Xiaopeng,,,,
Renekton,Nidalee,Twisted Fate,Karma,10.14,FoFo,Twila,,,,
Tahm Kench,Ornn,Ashe,Senna,10.14,Wings,Xubin,,,,
Mordekaiser,Nautilus,Leona,Sett,10.14,XinMo,Yui,,,,
,,,,,,,Bilibili Gaming,Dominus Esports,blue_side,red_side
Zoe,Cassiopeia,Wukong,Ornn,10.14,Chelizi,kingen,,,,
Twisted Fate,Lee Sin,Graves,Trundle,10.14,Xiaopeng,Meteor,,,,
Nidalee,Renekton,Karma,Syndra,10.14,Twila,FoFo,,,,
Camille,Sett,Kalista,Aphelios,10.14,Xubin,Wings,,,,
Jax,Thresh,Leona,Nautilus,10.14,Yui,XinMo,,,,
,,,,,,,Dominus Esports,Bilibili Gaming,red_side,blue_side
Galio,Syndra,Renekton,Ornn,10.14,xiaoxiang,Langx,,,,
Aphelios,Volibear,Olaf,Graves,10.14,JunJia,Peanut,,,,
Nidalee,Kalista,Twisted Fate,Karma,10.14,Scout,xiye,,,,
Tahm Kench,Bard,Varus,Ashe,10.14,Hope,Kramer,,,,
Braum,Thresh,Nautilus,Leona,10.14,meiko,Mark,,,,
,,,,,,,Edward Gaming,LGD Gaming,red_side,blue_side
Syndra,Aphelios,Volibear,Kennen,10.14,Langx,xiaoxiang,,,,
Varus,Nidalee,Graves,Olaf,10.14,Peanut,JunJia,,,,
Ashe,Twisted Fate,Sylas,LeBlanc,10.14,xiye,Scout,,,,
Zoe,Tahm Kench,Senna,Kalista,10.14,Kramer,Hope,,,,
Azir,Karma,Alistar,Sett,10.14,Mark,meiko,,,,
,,,,,,,LGD Gaming,Edward Gaming,blue_side,red_side
Karma,Aphelios,Mordekaiser,Renekton,10.14,Holder,Khan,,,,
Volibear,Nidalee,Lee Sin,Trundle,10.14,Haro,Tian,,,,
Rumble,Graves,Zoe,Kassadin,10.14,Wuming,Doinb,,,,
Kayle,Wukong,Varus,Ashe,10.14,ZWuJi,Lwx,,,,
Orianna,Ornn,Thresh,Tahm Kench,10.14,Ley,Crisp,,,,
,,,,,,,Rogue Warriors,Funplus Phoenix,blue_side,red_side
Karma,Nidalee,Sylas,Ornn,10.14,Holder,Khan,,,,
Volibear,Graves,Lee Sin,Olaf,10.14,Haro,Tian,,,,
Rumble,Aphelios,Zoe,Corki,10.14,Wuming,Doinb,,,,
Orianna,Wukong,Varus,Kaisa,10.14,ZWuJi,Lwx,,,,
Kayle,Mordekaiser,Thresh,Sett,10.14,Ley,Crisp,,,,
,,,,,,,Rogue Warriors,Funplus Phoenix,blue_side,red_side
Nidalee,Graves,Wukong,Mordekaiser,10.14,Bin,New,,,,
Volibear,Twisted Fate,Trundle,Lee Sin,10.14,SofM,XLB,,,,
Ornn,Renekton,Zoe,Orianna,10.14,Angel,xiaohu,,,,
LeBlanc,Karma,Aphelios,Ashe,10.14,huanfeng,GALA,,,,
Syndra,Tahm Kench,Bard,Sejuani,10.14,SwordArt,Ming,,,,
,,,,,,,Suning,Royal Never Give Up,blue_side,red_side
Nidalee,Graves,Jayce,Kennen,10.14,Bin,New,,,,
Volibear,Renekton,Lee Sin,Olaf,10.14,SofM,XLB,,,,
Ornn,Trundle,Syndra,Twisted Fate,10.14,Angel,xiaohu,,,,
Wukong,Jax,Aphelios,Ashe,10.14,huanfeng,GALA,,,,
Karma,Thresh,Bard,Nautilus,10.14,SwordArt,Ming,,,,
,,,,,,,Suning,Royal Never Give Up,red_side,blue_side
Nidalee,Graves,Jayce,Camille,10.14,Bin,New,,,,
Volibear,Renekton,Lee Sin,Olaf,10.14,SofM,XLB,,,,
Ornn,Trundle,Syndra,Galio,10.14,Angel,xiaohu,,,,
Nautilus,Bard,Aphelios,Ashe,10.14,huanfeng,GALA,,,,
Wukong,Jax,Tahm Kench,Karma,10.14,SwordArt,Ming,,,,
,,,,,,,Suning,Royal Never Give Up,blue_side,red_side
Lee Sin,Wukong,Jayce,Kennen,10.14,Flandre,TheShy,,,,
Volibear,Aphelios,Nidalee,Sett,10.14,Xx,Ning,,,,
Kalista,Syndra,Zoe,Azir,10.14,Maple,RooKie,,,,
LeBlanc,Renekton,Ashe,Ezreal,10.14,Light,Puff,,,,
Orianna,Twisted Fate,Leona,Bard,10.14,Iwandy,Baolan,,,,
,,,,,,,LNG Esports,Invictus Gaming,red_side,blue_side
Lee Sin,Wukong,Sett,Jayce,10.14,Flandre,TheShy,,,,
Volibear,Aphelios,Nidalee,Olaf,10.14,Xx,Ning,,,,
Kalista,Syndra,Azir,Orianna,10.14,Maple,RooKie,,,,
Mordekaiser,Renekton,Ashe,Ezreal,10.14,Light,Puff,,,,
LeBlanc,Karma,Leona,Bard,10.14,Iwandy,Baolan,,,,
,,,,,,,LNG Esports,Invictus Gaming,red_side,blue_side
Kalista,Varus,Renekton,Kennen,10.13,Zoom,Cube,,,,
LeBlanc,Volibear,Nidalee,Trundle,10.13,Kanavi,Leyan,,,,
Pantheon,Syndra,Twisted Fate,Galio,10.13,Yagao,Zeka,,,,
Thresh,Bard,Ezreal,Aphelios,10.13,LokeN,iBOY,,,,
Leona,Sett,Braum,Nautilus,10.13,LvMao,Hang,,,,
,,,,,,,JD Gaming,Vici Gaming,red_side,blue_side
Volibear,Varus,Renekton,Ornn,10.13,Cube,Zoom,,,,
LeBlanc,Kennen,Nidalee,Lee Sin,10.13,Leyan,Kanavi,,,,
Aphelios,Kalista,Sett,Twisted Fate,10.13,Zeka,Yagao,,,,
Zoe,Pantheon,Kaisa,Ashe,10.13,iBOY,LokeN,,,,
Syndra,Nautilus,Leona,Bard,10.13,Hang,LvMao,,,,
,,,,,,,Vici Gaming,JD Gaming,red_side,blue_side
Kennen,Volibear,Wukong,Mordekaiser,10.13,Zoom,Cube,,,,
Pantheon,Lee Sin,Nidalee,Trundle,10.13,Kanavi,Aix,,,,
Kalista,Varus,Twisted Fate,LeBlanc,10.13,Yagao,Zeka,,,,
Renekton,Kindred,Aphelios,Ashe,10.13,LokeN,iBOY,,,,
Leona,Graves,Thresh,Braum,10.13,LvMao,Hang,,,,
,,,,,,,JD Gaming,Vici Gaming,blue_side,red_side
Syndra,Varus,Mordekaiser,Renekton,10.13,Xiaobai,Breathe,,,,
Lee Sin,Sett,Volibear,Trundle,10.13,Wei,H4cker,,,,
Thresh,Graves,Twisted Fate,Zoe,10.13,fenfen,icon,,,,
Orianna,Ornn,Ashe,Aphelios,10.13,rat,SmLz,,,,
Sylas,Bard,Karma,Braum,10.13,ShiauC,cold,,,,
,,,,,,,eStar,OMG,red_side,blue_side
LeBlanc,Varus,Ornn,Camille,10.13,Xiaobai,Breathe,,,,
Aphelios,Sett,Lee Sin,Trundle,10.13,Wei,H4cker,,,,
Volibear,Graves,Syndra,Ekko,10.13,fenfen,icon,,,,
Kayle,Thresh,Senna,Ashe,10.13,rat,SmLz,,,,
Gangplank,Karma,Bard,Braum,10.13,ShiauC,cold,,,,
,,,,,,,eStar,OMG,blue_side,red_side
LeBlanc,Varus,Gnar,Mordekaiser,10.13,Xiaobai,Breathe,,,,
Volibear,Sett,Kindred,Trundle,10.13,Wei,H4cker,,,,
Aphelios,Graves,Syndra,Ekko,10.13,fenfen,icon,,,,
Gangplank,Bard,Ashe,Jhin,10.13,rat,SmLz,,,,
Jax,Ornn,Thresh,Nautilus,10.13,ShiauC,cold,,,,
,,,,,,,eStar,OMG,blue_side,red_side
Zoe,Varus,Ornn,Camille,10.13,Langx,Holder,,,,
Nidalee,Aphelios,Olaf,Graves,10.13,Peanut,Haro,,,,
Thresh,Volibear,Syndra,Galio,10.13,xiye,Wuming,,,,
Karma,Lee Sin,Jhin,Ashe,10.13,Kramer,ZWuJi,,,,
Wukong,Leona,Nautilus,Bard,10.13,Mark,Ley,,,,
,,,,,,,LGD Gaming,Rogue Warriors,red_side,blue_side
Volibear,Varus,Wukong,Kennen,10.13,Holder,Langx,,,,
Syndra,Aphelios,Graves,Lee Sin,10.13,Haro,Peanut,,,,
Ornn,Nidalee,Galio,Twisted Fate,10.13,Wuming,xiye,,,,
Renekton,Leona,Ashe,Jhin,10.13,ZWuJi,Kramer,,,,
Bard,Thresh,Braum,Nautilus,10.13,Ley,Mark,,,,
,,,,,,,Rogue Warriors,LGD Gaming,blue_side,red_side
Zoe,Varus,Ornn,Renekton,10.13,Morgan,Flandre,,,,
Syndra,Graves,Sett,Volibear,10.13,beishang,Xx,,,,
Azir,Aphelios,Galio,Twisted Fate,10.13,Teacherma,Maple,,,,
Braum,Jarvan IV,Kalista,Ashe,10.13,Elk,Light,,,,
Quinn,Olaf,Thresh,Tahm Kench,10.13,Missing,Iwandy,,,,
,,,,,,,Team WE,LNG Esports,red_side,blue_side
Graves,Zoe,Sett,Renekton,10.13,Flandre,Morgan,,,,
Karma,Aphelios,Volibear,Lee Sin,10.13,Xx,beishang,,,,
Kalista,Varus,Twisted Fate,Galio,10.13,Maple,Teacherma,,,,
Jarvan IV,Tahm Kench,Jhin,Ashe,10.13,Light,Elk,,,,
Olaf,Nautilus,Braum,Leona,10.13,Iwandy,Missing,,,,
,,,,,,,LNG Esports,Team WE,red_side,blue_side
Zoe,Graves,Renekton,Wukong,10.13,Morgan,Flandre,,,,
Syndra,Aphelios,Lee Sin,Trundle,10.13,beishang,Xx,,,,
Volibear,Varus,Galio,Twisted Fate,10.13,Teacherma,Maple,,,,
Quinn,Leona,Ashe,Ezreal,10.13,Elk,Light,,,,
Mordekaiser,Nautilus,Karma,Bard,10.13,Missing,Iwandy,,,,
,,,,,,,Team WE,LNG Esports,blue_side,red_side
Ornn,Varus,Wukong,Mordekaiser,10.13,Bin,kingen,,,,
Volibear,Twisted Fate,Graves,Trundle,10.13,SofM,Meteor,,,,
Zoe,Renekton,Syndra,Orianna,10.13,Angel,FoFo,,,,
Bard,Pantheon,Senna,Ashe,10.13,huanfeng,Wings,,,,
Leona,Nautilus,Tahm Kench,Thresh,10.13,SwordArt,XinMo,,,,
,,,,,,,Suning,Bilibili Gaming,blue_side,red_side
Wukong,Varus,Zilean,Ornn,10.13,ADD,Bin,,,,
Twisted Fate,Volibear,Trundle,Lee Sin,10.13,Meteor,SofM,,,,
Graves,Nidalee,Zoe,Syndra,10.13,FoFo,Angel,,,,
Bard,Thresh,Aphelios,Ezreal,10.13,Wings,huanfeng,,,,
Sylas,Kayle,Nautilus,Leona,10.13,XinMo,SwordArt,,,,
,,,,,,,Bilibili Gaming,Suning,blue_side,red_side
Ornn,Twisted Fate,Renekton,Kennen,10.13,Bin,ADD,,,,
Volibear,Wukong,Trundle,Kindred,10.13,SofM,Meteor,,,,
Aphelios,Graves,Zoe,Syndra,10.13,Angel,FoFo,,,,
Olaf,Senna,Jhin,Varus,10.13,huanfeng,Wings,,,,
Nidalee,Ezreal,Tahm Kench,Bard,10.13,SwordArt,XinMo,,,,
,,,,,,,Suning,Bilibili Gaming,blue_side,red_side
Nidalee,Syndra,Wukong,Ornn,10.13,369,Biubiu,,,,
Ashe,Varus,Lee Sin,Graves,10.13,Karsa,WeiWei,,,,
Zoe,Ezreal,Karma,Twisted Fate,10.13,Knight,Mole,,,,
Galio,Orianna,Aphelios,Kalista,10.13,JackeyLove,Hans SamD,,,,
Renekton,Kassadin,Nautilus,Thresh,10.13,yuyanjia,Ppgod,,,,
,,,,,,,Top Esports,Victory Five,red_side,blue_side
Nidalee,Syndra,Ornn,Renekton,10.13,369,Biubiu,,,,
Graves,Varus,Trundle,Volibear,10.13,Karsa,WeiWei,,,,
Thresh,Ezreal,Cassiopeia,Sylas,10.13,Knight,Mole,,,,
Twisted Fate,Orianna,Kaisa,Ashe,10.13,JackeyLove,Hans SamD,,,,
Zoe,Wukong,Nautilus,Karma,10.13,yuyanjia,Ppgod,,,,
,,,,,,,Top Esports,Victory Five,blue_side,red_side
Nidalee,Syndra,Ornn,Kayle,10.13,369,Biubiu,,,,
Graves,Ezreal,Trundle,Volibear,10.13,Karsa,WeiWei,,,,
Thresh,Varus,Sylas,Twisted Fate,10.13,Knight,Mole,,,,
Renekton,Orianna,Kaisa,Aphelios,10.13,JackeyLove,Hans SamD,,,,
Leona,Kassadin,Nautilus,Bard,10.13,yuyanjia,Ppgod,,,,
,,,,,,,Top Esports,Victory Five,red_side,blue_side
Lee Sin,Varus,Kennen,Wukong,10.13,xiaoxiang,New,,,,
Renekton,Kalista,Volibear,Graves,10.13,JunJia,XLB,,,,
Ornn,Nidalee,Syndra,Twisted Fate,10.13,Scout,xiaohu,,,,
Galio,Thresh,Ashe,Aphelios,10.13,Hope,GALA,,,,
Karma,Leona,Bard,Nautilus,10.13,meiko,Ming,,,,
,,,,,,,Edward Gaming,Royal Never Give Up,red_side,blue_side
Lee Sin,Varus,Camille,Jax,10.13,xiaoxiang,New,,,,
Renekton,Kalista,Volibear,Graves,10.13,JunJia,XLB,,,,
Aphelios,Nidalee,Twisted Fate,Galio,10.13,Scout,xiaohu,,,,
Ornn,Nautilus,Ezreal,Ashe,10.13,Hope,GALA,,,,
Thresh,Leona,Sett,Karma,10.13,meiko,Ming,,,,
,,,,,,,Edward Gaming,Royal Never Give Up,red_side,blue_side
Kalista,Varus,Renekton,Gangplank,10.13,Langx,Breathe,,,,
Lee Sin,Kindred,Nidalee,Volibear,10.13,Peanut,H4cker,,,,
Thresh,Twisted Fate,LeBlanc,Syndra,10.13,xiye,icon,,,,
Jayce,Galio,Aphelios,Ashe,10.13,Kramer,SmLz,,,,
Ornn,Orianna,Leona,Braum,10.13,Mark,cold,,,,
,,,,,,,LGD Gaming,OMG,red_side,blue_side
Kalista,Varus,Volibear,Jax,10.13,Langx,Breathe,,,,
Ashe,Kindred,RekSai,Lee Sin,10.13,Peanut,H4cker,,,,
Syndra,Aphelios,Sylas,Orianna,10.13,xiye,icon,,,,
Zoe,Twisted Fate,Kaisa,Sivir,10.13,Kramer,SmLz,,,,
Renekton,LeBlanc,Nautilus,Thresh,10.13,Mark,cold,,,,
,,,,,,,LGD Gaming,OMG,blue_side,red_side
Syndra,Varus,Renekton,Wukong,10.13,Langx,Breathe,,,,
Aphelios,Kindred,Nidalee,Lee Sin,10.13,Peanut,H4cker,,,,
Thresh,Volibear,Twisted Fate,Galio,10.13,xiye,icon,,,,
LeBlanc,RekSai,Jhin,Ashe,10.13,Kramer,SmLz,,,,
Gangplank,Ornn,Bard,Pantheon,10.13,Mark,cold,,,,
,,,,,,,LGD Gaming,OMG,blue_side,red_side
Volibear,Varus,Wukong,Camille,10.13,369,Khan,,,,
Ashe,Nidalee,Lee Sin,Olaf,10.13,Karsa,Tian,,,,
Graves,Aphelios,Syndra,Karma,10.13,Knight,Doinb,,,,
Nautilus,Renekton,Ezreal,Kaisa,10.13,JackeyLove,Lwx,,,,
Ornn,Jayce,Braum,Leona,10.13,yuyanjia,Crisp,,,,
,,,,,,,Top Esports,Funplus Phoenix,blue_side,red_side
Ashe,Varus,Renekton,Quinn,10.13,369,Khan,,,,
Volibear,Aphelios,Trundle,Lee Sin,10.13,Karsa,Tian,,,,
Graves,Nidalee,Syndra,Rumble,10.13,Knight,Doinb,,,,
Galio,RekSai,Ezreal,Kaisa,10.13,JackeyLove,Lwx,,,,
Twisted Fate,Olaf,Braum,Leona,10.13,yuyanjia,Crisp,,,,
,,,,,,,Top Esports,Funplus Phoenix,blue_side,red_side
LeBlanc,Varus,Volibear,Wukong,10.13,Chelizi,Holder,,,,
Zoe,Nidalee,Lee Sin,Graves,10.13,Xiaopeng,Haro,,,,
Syndra,Aphelios,Cassiopeia,Karma,10.13,Twila,Wuming,,,,
Senna,Renekton,Ashe,Xayah,10.13,Xubin,ZWuJi,,,,
Kaisa,Braum,Leona,Thresh,10.13,Yui,Ley,,,,
,,,,,,,Dominus Esports,Rogue Warriors,red_side,blue_side
Cassiopeia,Varus,Renekton,Ornn,10.13,Holder,Chelizi,,,,
Nidalee,Karma,RekSai,Lee Sin,10.13,Haro,Xiaopeng,,,,
Wukong,Graves,Galio,Syndra,10.13,Wuming,Twila,,,,
Tahm Kench,Zoe,Aphelios,Ashe,10.13,ZWuJi,Xubin,,,,
Braum,LeBlanc,Thresh,Nautilus,10.13,Ley,Yui,,,,
,,,,,,,Rogue Warriors,Dominus Esports,red_side,blue_side
LeBlanc,Cassiopeia,Ornn,Sylas,10.13,Chelizi,Holder,,,,
Karma,Aphelios,Lee Sin,Nidalee,10.13,Xiaopeng,Haro,,,,
Graves,Syndra,Orianna,Renekton,10.13,Twila,Wuming,,,,
Sett,Azir,Varus,Kaisa,10.13,Xubin,ZWuJi,,,,
Thresh,Aurelion Sol,Leona,Nautilus,10.13,Yui,Ley,,,,
,,,,,,,Dominus Esports,Rogue Warriors,red_side,blue_side
Wukong,Varus,Kennen,Ornn,10.13,TheShy,Xiaobai,,,,
Sett,Syndra,Volibear,Graves,10.13,Ning,Wei,,,,
Thresh,Kalista,Azir,Twisted Fate,10.13,RooKie,fenfen,,,,
Nautilus,LeBlanc,Ashe,Aphelios,10.13,Puff,Wink,,,,
Blitzcrank,Orianna,Bard,Karma,10.13,Baolan,ShiauC,,,,
,,,,,,,Invictus Gaming,eStar,blue_side,red_side
Syndra,Varus,Ornn,Gangplank,10.13,Xiaobai,TheShy,,,,
Orianna,Wukong,Ekko,Trundle,10.13,Wei,Ning,,,,
Kalista,Volibear,Sett,Karma,10.13,fenfen,RooKie,,,,
Kayle,Graves,Aphelios,Ashe,10.13,Wink,Puff,,,,
Azir,Kindred,Thresh,Braum,10.13,ShiauC,Baolan,,,,
,,,,,,,eStar,Invictus Gaming,blue_side,red_side
Sett,Syndra,Gnar,Maokai,10.13,TheShy,Xiaobai,,,,
Wukong,Varus,Lee Sin,RekSai,10.13,Ning,Wei,,,,
Thresh,Volibear,Twisted Fate,Kassadin,10.13,RooKie,fenfen,,,,
Renekton,Azir,Aphelios,Ezreal,10.13,Puff,Wink,,,,
Ornn,Orianna,Nautilus,Karma,10.13,Baolan,ShiauC,,,,
,,,,,,,Invictus Gaming,eStar,blue_side,red_side
LeBlanc,Varus,Ornn,Mordekaiser,10.13,kingen,Breathe,,,,
Lee Sin,Trundle,Volibear,Graves,10.13,Meteor,H4cker,,,,
Kalista,Olaf,Syndra,Zoe,10.13,FoFo,icon,,,,
Thresh,Nidalee,Ashe,Aphelios,10.13,Wings,SmLz,,,,
Kayle,Bard,Leona,Nautilus,10.13,XinMo,cold,,,,
,,,,,,,Bilibili Gaming,OMG,blue_side,red_side
LeBlanc,Varus,Wukong,Malphite,10.13,kingen,Breathe,,,,
Lee Sin,Azir,Volibear,Trundle,10.13,Meteor,H4cker,,,,
Kalista,Karma,Syndra,Ekko,10.13,FoFo,icon,,,,
Thresh,Ornn,Ashe,Aphelios,10.13,Wings,SmLz,,,,
Renekton,Leona,Braum,Bard,10.13,XinMo,cold,,,,
,,,,,,,Bilibili Gaming,OMG,red_side,blue_side
Volibear,Varus,Wukong,Mordekaiser,10.13,Breathe,kingen,,,,
Karma,Lee Sin,Graves,Trundle,10.13,H4cker,Meteor,,,,
Ornn,Kalista,Syndra,Orianna,10.13,icon,FoFo,,,,
Bard,Renekton,Aphelios,Ashe,10.13,SmLz,Wings,,,,
Braum,Jayce,Sett,Nautilus,10.13,cold,XinMo,,,,
,,,,,,,OMG,Bilibili Gaming,red_side,blue_side
Nidalee,Varus,Ornn,Kayle,10.13,Langx,Zoom,,,,
LeBlanc,Twisted Fate,Graves,Volibear,10.13,Peanut,Kanavi,,,,
Zoe,Karma,Galio,Qiyana,10.13,xiye,Yagao,,,,
Lee Sin,Nautilus,Ashe,Ezreal,10.13,Kramer,LokeN,,,,
Syndra,Thresh,Leona,Bard,10.13,Mark,LvMao,,,,
,,,,,,,LGD Gaming,JD Gaming,red_side,blue_side
Twisted Fate,Varus,Volibear,Gnar,10.13,Zoom,Langx,,,,
Karma,Nidalee,Graves,Trundle,10.13,Kanavi,Peanut,,,,
Lee Sin,Ezreal,LeBlanc,Syndra,10.13,Yagao,xiye,,,,
Ornn,Bard,Ashe,Aphelios,10.13,LokeN,Kramer,,,,
Wukong,Leona,Sett,Nautilus,10.13,LvMao,Mark,,,,
,,,,,,,JD Gaming,LGD Gaming,red_side,blue_side
Nidalee,Varus,Gnar,Volibear,10.13,Langx,Zoom,,,,
Zoe,Twisted Fate,Trundle,Kindred,10.13,Peanut,Kanavi,,,,
Ezreal,Karma,LeBlanc,Syndra,10.13,xiye,Yagao,,,,
Leona,Ornn,Aphelios,Ashe,10.13,Kramer,LokeN,,,,
Bard,Wukong,Nautilus,Thresh,10.13,Mark,LvMao,,,,
,,,,,,,LGD Gaming,JD Gaming,red_side,blue_side
Karma,Nidalee,Ornn,Gangplank,10.13,Cube,Khan,,,,
Thresh,Varus,Graves,Volibear,10.13,Leyan,Tian,,,,
Kayle,Kalista,Zoe,Twisted Fate,10.13,Zeka,Doinb,,,,
Trundle,Leona,Ashe,Aphelios,10.13,iBOY,Lwx,,,,
Kassadin,Bard,Braum,Nautilus,10.13,Hang,Crisp,,,,
,,,,,,,Vici Gaming,Funplus Phoenix,red_side,blue_side
Kalista,Varus,Mordekaiser,Gangplank,10.13,Khan,Cube,,,,
Trundle,Karma,Lee Sin,Nidalee,10.13,Tian,Aix,,,,
Volibear,Aphelios,Nautilus,Sett,10.13,Doinb,Zeka,,,,
Renekton,Orianna,Ashe,Kaisa,10.13,Lwx,iBOY,,,,
Jayce,Twisted Fate,Thresh,Pantheon,10.13,Crisp,Hang,,,,
,,,,,,,Funplus Phoenix,Vici Gaming,red_side,blue_side
Karma,Nidalee,Renekton,Volibear,10.13,Cube,Khan,,,,
Twisted Fate,Varus,Trundle,Graves,10.13,Aix,Tian,,,,
Fiddlesticks,Kalista,LeBlanc,Galio,10.13,Zeka,Doinb,,,,
Kassadin,Ornn,Aphelios,Ashe,10.13,iBOY,Lwx,,,,
Quinn,Thresh,Shen,Leona,10.13,Hang,Crisp,,,,
,,,,,,,Vici Gaming,Funplus Phoenix,blue_side,red_side
Lee Sin,Varus,Sylas,Ornn,10.13,kingen,TheShy,,,,
LeBlanc,Trundle,Olaf,Volibear,10.13,Meteor,Ning,,,,
Kalista,Syndra,Zoe,Orianna,10.13,FoFo,RooKie,,,,
Thresh,Renekton,Ashe,Aphelios,10.13,Wings,Puff,,,,
Kayle,Braum,Bard,Nautilus,10.13,XinMo,heal,,,,
,,,,,,,Bilibili Gaming,Invictus Gaming,blue_side,red_side
Trundle,Varus,Mordekaiser,Ornn,10.13,TheShy,kingen,,,,
Olaf,Kalista,Sett,Volibear,10.13,Ning,Meteor,,,,
Bard,Lee Sin,Syndra,Zoe,10.13,RooKie,FoFo,,,,
Renekton,Jayce,Aphelios,Ashe,10.13,Puff,Wings,,,,
Braum,Kayle,Nautilus,Tahm Kench,10.13,heal,XinMo,,,,
,,,,,,,Invictus Gaming,Bilibili Gaming,blue_side,red_side
Lee Sin,Varus,Renekton,Quinn,10.13,ADD,TheShy,,,,
Kalista,Trundle,Nidalee,Volibear,10.13,Meteor,Ning,,,,
Syndra,Olaf,Galio,Twisted Fate,10.13,FoFo,RooKie,,,,
LeBlanc,Bard,Aphelios,Ashe,10.13,Wings,Puff,,,,
Orianna,Azir,Nautilus,Braum,10.13,XinMo,heal,,,,
,,,,,,,Bilibili Gaming,Invictus Gaming,red_side,blue_side
Nidalee,Varus,Jayce,Renekton,10.13,chenlun17,Biubiu,,,,
Zoe,Aphelios,Trundle,Volibear,10.13,Xx,WeiWei,,,,
Graves,Jarvan IV,Syndra,LeBlanc,10.13,Maple,Mole,,,,
Tahm Kench,Wukong,Ashe,Jhin,10.13,Light,Hans SamD,,,,
Ornn,Kayle,Leona,Karma,10.13,Iwandy,Ppgod,,,,
,,,,,,,LNG Esports,Victory Five,red_side,blue_side
Jarvan IV,Varus,Renekton,Jayce,10.13,Biubiu,chenlun17,,,,
Aphelios,Nidalee,Graves,Volibear,10.13,WeiWei,Xx,,,,
Karma,Zoe,Galio,LeBlanc,10.13,Mole,Maple,,,,
Kayle,Fiddlesticks,Jhin,Ashe,10.13,Hans SamD,Light,,,,
Wukong,Ornn,Thresh,Tahm Kench,10.13,Ppgod,Iwandy,,,,
,,,,,,,Victory Five,LNG Esports,blue_side,red_side
Sett,Varus,Jax,Volibear,10.13,Bin,Xiaobai,,,,
Kalista,Syndra,Graves,Lee Sin,10.13,SofM,Wei,,,,
Thresh,Zoe,Orianna,Karma,10.13,Angel,fenfen,,,,
Ornn,Jayce,Ezreal,Ashe,10.13,huanfeng,Wink,,,,
Nautilus,Galio,Leona,Morgana,10.13,SwordArt,ShiauC,,,,
,,,,,,,Suning,eStar,blue_side,red_side
Syndra,Varus,Ornn,Kayle,10.13,Xiaobai,Bin,,,,
Zoe,Sett,Graves,Volibear,10.13,Wei,SofM,,,,
Aphelios,Kalista,Kassadin,LeBlanc,10.13,fenfen,Angel,,,,
Twisted Fate,Thresh,Ashe,Ezreal,10.13,Wink,huanfeng,,,,
Leona,Karma,Taric,Nautilus,10.13,ShiauC,SwordArt,,,,
,,,,,,,eStar,Suning,blue_side,red_side
Sett,Varus,Renekton,Wukong,10.13,Bin,Xiaobai,,,,
Ornn,Zoe,Graves,Lee Sin,10.13,SofM,Wei,,,,
Kalista,Syndra,Orianna,LeBlanc,10.13,Angel,fenfen,,,,
Karma,Jax,Ezreal,Aphelios,10.13,huanfeng,Wink,,,,
Volibear,Jayce,Leona,Thresh,10.13,SwordArt,ShiauC,,,,
,,,,,,,Suning,eStar,blue_side,red_side
Syndra,Varus,Jayce,Renekton,10.13,Cube,Holder,,,,
Graves,Nidalee,Volibear,Olaf,10.13,Leyan,Haro,,,,
Aphelios,Taric,Galio,LeBlanc,10.13,Zeka,Ruby,,,,
Trundle,Braum,Ashe,Kalista,10.13,iBOY,ZWuJi,,,,
Lee Sin,Tahm Kench,Nautilus,Thresh,10.13,Hang,Ley,,,,
,,,,,,,Vici Gaming,Rogue Warriors,red_side,blue_side
Nidalee,Syndra,Sett,Kennen,10.13,Holder,Cube,,,,
LeBlanc,Graves,Kindred,Trundle,10.13,Haro,Aix,,,,
Kalista,Varus,Azir,Zoe,10.13,Ruby,Zeka,,,,
Renekton,Lee Sin,Ashe,Aphelios,10.13,ZWuJi,iBOY,,,,
Kayle,Wukong,Thresh,Leona,10.13,Ley,Hang,,,,
,,,,,,,Rogue Warriors,Vici Gaming,red_side,blue_side
Syndra,Varus,Renekton,Mordekaiser,10.13,Cube,Holder,,,,
Thresh,Aphelios,Volibear,Graves,10.13,Aix,Haro,,,,
Nidalee,Taric,LeBlanc,Karma,10.13,Zeka,Ruby,,,,
Zoe,Leona,Kalista,Ashe,10.13,iBOY,ZWuJi,,,,
Ornn,Sett,Bard,Braum,10.13,Hang,Ley,,,,
,,,,,,,Vici Gaming,Rogue Warriors,blue_side,red_side
Twisted Fate,Nidalee,Volibear,Ornn,10.13,Zoom,Aodi,,,,
Syndra,Graves,RekSai,Lee Sin,10.13,Kanavi,Jiejie,,,,
Kalista,Varus,LeBlanc,Galio,10.13,Yagao,Scout,,,,
Nautilus,Bard,Ashe,Aphelios,10.13,LokeN,Hope,,,,
Thresh,Zoe,Braum,Leona,10.13,LvMao,meiko,,,,
,,,,,,,JD Gaming,Edward Gaming,blue_side,red_side
Twisted Fate,Nidalee,Volibear,Ornn,10.13,Zoom,Aodi,,,,
Syndra,Graves,Kindred,Trundle,10.13,Kanavi,Jiejie,,,,
Kalista,Varus,LeBlanc,Galio,10.13,Yagao,Scout,,,,
Nautilus,Braum,Ashe,Aphelios,10.13,LokeN,Hope,,,,
Thresh,Zoe,Bard,Leona,10.13,LvMao,meiko,,,,
,,,,,,,JD Gaming,Edward Gaming,blue_side,red_side
Nidalee,Varus,Ornn,Volibear,10.13,Morgan,Chelizi,,,,
Lee Sin,Galio,Graves,Trundle,10.13,beishang,Xiaopeng,,,,
Azir,Sett,Karma,Orianna,10.13,Teacherma,Twila,,,,
Syndra,Twisted Fate,Aphelios,Ashe,10.13,Elk,Xubin,,,,
Cassiopeia,Renekton,Leona,Thresh,10.13,Missing,Yui,,,,
,,,,,,,Team WE,Dominus Esports,blue_side,red_side
Galio,Varus,Wukong,Camille,10.13,Chelizi,Morgan,,,,
Ornn,Syndra,Lee Sin,Volibear,10.13,Xiaopeng,beishang,,,,
Sett,Aphelios,Cassiopeia,Twisted Fate,10.13,Twila,Teacherma,,,,
Olaf,Azir,Ashe,Kaisa,10.13,Xubin,Elk,,,,
Graves,Orianna,Braum,Thresh,10.13,Yui,Missing,,,,
,,,,,,,Dominus Esports,Team WE,blue_side,red_side
Nidalee,Varus,Mordekaiser,Ornn,10.13,Morgan,Chelizi,,,,
Lee Sin,Galio,Graves,Trundle,10.13,beishang,Xiaopeng,,,,
Azir,Aphelios,Karma,Zoe,10.13,Teacherma,Twila,,,,
Cassiopeia,Braum,Ashe,Jhin,10.13,Elk,Xubin,,,,
Syndra,Thresh,Leona,Sett,10.13,Missing,Yui,,,,
,,,,,,,Team WE,Dominus Esports,blue_side,red_side
Galio,Varus,Volibear,Ornn,10.13,New,Khan,,,,
Rumble,Nidalee,Nocturne,Graves,10.13,XLB,Tian,,,,
Thresh,Syndra,Twisted Fate,Sylas,10.13,xiaohu,Doinb,,,,
Karma,Lee Sin,Aphelios,Ashe,10.13,GALA,Lwx,,,,
Tahm Kench,Trundle,Leona,Nautilus,10.13,Ming,Crisp,,,,
,,,,,,,Royal Never Give Up,Funplus Phoenix,blue_side,red_side
Kalista,Varus,Fiora,Volibear,10.13,Khan,New,,,,
Nidalee,Aphelios,Graves,Lee Sin,10.13,Tian,XLB,,,,
Syndra,Galio,Rumble,Corki,10.13,Doinb,xiaohu,,,,
Nautilus,Twisted Fate,Ashe,Kaisa,10.13,Lwx,GALA,,,,
Pantheon,Ornn,Tahm Kench,Karma,10.13,Crisp,Ming,,,,
,,,,,,,Funplus Phoenix,Royal Never Give Up,blue_side,red_side
Galio,Varus,Ornn,Kayle,10.13,New,Khan,,,,
Rumble,Nidalee,Lee Sin,Graves,10.13,XLB,Tian,,,,
Thresh,Volibear,Syndra,Karma,10.13,xiaohu,Doinb,,,,
Tahm Kench,Wukong,Aphelios,Ashe,10.13,GALA,Lwx,,,,
Leona,Renekton,Sett,Nautilus,10.13,Ming,Crisp,,,,
,,,,,,,Royal Never Give Up,Funplus Phoenix,red_side,blue_side
Nidalee,Varus,Mordekaiser,Ornn,10.13,Xiaobai,Biubiu,,,,
Kalista,Sett,Lee Sin,Graves,10.13,Wei,WeiWei,,,,
Syndra,Volibear,Galio,Zoe,10.13,fenfen,Mole,,,,
Renekton,Blitzcrank,Aphelios,Ashe,10.13,Wink,Hans SamD,,,,
Thresh,Wukong,Nautilus,Leona,10.13,ShiauC,Ppgod,,,,
,,,,,,,eStar,Victory Five,red_side,blue_side
Sett,Varus,Mordekaiser,Volibear,10.13,Biubiu,Xiaobai,,,,
Aphelios,Nidalee,Lee Sin,Graves,10.13,WeiWei,Wei,,,,
Thresh,Syndra,Zoe,Twisted Fate,10.13,Mole,fenfen,,,,
Wukong,Renekton,Ashe,Ezreal,10.13,Hans SamD,Wink,,,,
Ornn,Jayce,Nautilus,Leona,10.13,Ppgod,ShiauC,,,,
,,,,,,,Victory Five,eStar,blue_side,red_side
Wukong,Varus,Jayce,Renekton,10.13,TheShy,Zoom,,,,
Nidalee,Syndra,Volibear,Lee Sin,10.13,Ning,Kanavi,,,,
Bard,Thresh,Azir,Zoe,10.13,RooKie,Yagao,,,,
Ornn,Orianna,Aphelios,Ezreal,10.13,Puff,LokeN,,,,
Twisted Fate,LeBlanc,Nautilus,Leona,10.13,Southwind,LvMao,,,,
,,,,,,,Invictus Gaming,JD Gaming,red_side,blue_side
Wukong,Varus,Jayce,Ornn,10.13,TheShy,Zoom,,,,
Nidalee,Syndra,RekSai,Lee Sin,10.13,Ning,Kanavi,,,,
Bard,Thresh,Twisted Fate,Zoe,10.13,RooKie,Yagao,,,,
Leona,Orianna,Aphelios,Ezreal,10.13,Puff,LokeN,,,,
Renekton,LeBlanc,Nautilus,Sett,10.13,Southwind,LvMao,,,,
,,,,,,,Invictus Gaming,JD Gaming,red_side,blue_side
Kalista,Varus,Wukong,Ornn,10.13,Holder,Aodi,,,,
Sett,Graves,Lee Sin,Volibear,10.13,Haro,Jiejie,,,,
LeBlanc,Nidalee,Zoe,Syndra,10.13,Ruby,Scout,,,,
RekSai,Ashe,Lucian,Aphelios,10.13,ZWuJi,Hope,,,,
Renekton,Ezreal,Thresh,Nautilus,10.13,Ley,meiko,,,,
,,,,,,,Rogue Warriors,Edward Gaming,red_side,blue_side
Kalista,Varus,Malphite,Wukong,10.13,Holder,Aodi,,,,
Sett,Nidalee,Lee Sin,Trundle,10.13,Haro,Jiejie,,,,
Aphelios,Syndra,Azir,Ekko,10.13,Ruby,Scout,,,,
Ornn,Renekton,Lucian,Ashe,10.13,ZWuJi,Hope,,,,
LeBlanc,Mordekaiser,Thresh,Nautilus,10.13,Ley,meiko,,,,
,,,,,,,Rogue Warriors,Edward Gaming,red_side,blue_side
Jarvan IV,Varus,Kayle,Ornn,10.13,Cube,Xiaobai,,,,
Graves,Syndra,Volibear,Ekko,10.13,Leyan,Wei,,,,
Fiddlesticks,Nidalee,LeBlanc,Sett,10.13,Zeka,fenfen,,,,
Braum,Olaf,Aphelios,Ashe,10.13,iBOY,Wink,,,,
Wukong,Renekton,Leona,Shen,10.13,Hang,ShiauC,,,,
,,,,,,,Vici Gaming,eStar,red_side,blue_side
LeBlanc,Graves,Mordekaiser,Wukong,10.13,Xiaobai,Cube,,,,
Nidalee,Aphelios,Jarvan IV,Volibear,10.13,Wei,Leyan,,,,
Syndra,Sett,Zoe,Azir,10.13,fenfen,Zeka,,,,
Orianna,Renekton,Varus,Kalista,10.13,Wink,iBOY,,,,
Twisted Fate,Ornn,Thresh,Taric,10.13,ShiauC,Hang,,,,
,,,,,,,eStar,Vici Gaming,red_side,blue_side
Graves,Varus,Gnar,Volibear,10.13,Cube,Xiaobai,,,,
Ekko,Syndra,RekSai,Trundle,10.13,Leyan,Wei,,,,
Aphelios,Nidalee,Akali,Zoe,10.13,Zeka,fenfen,,,,
Galio,LeBlanc,Kalista,Ashe,10.13,iBOY,Wink,,,,
Twisted Fate,Wukong,Taric,Tahm Kench,10.13,Hang,ShiauC,,,,
,,,,,,,Vici Gaming,eStar,blue_side,red_side
Jarvan IV,Varus,Wukong,Malphite,10.13,369,chenlun17,,,,
Zoe,Lee Sin,Graves,Trundle,10.13,Karsa,Xx,,,,
Aphelios,Ezreal,Syndra,LeBlanc,10.13,Knight,Maple,,,,
Galio,Nidalee,Ashe,Kalista,10.13,JackeyLove,Light,,,,
Volibear,Renekton,Tahm Kench,Nautilus,10.13,yuyanjia,Duan,,,,
,,,,,,,Top Esports,LNG Esports,blue_side,red_side
Lee Sin,Varus,Wukong,Renekton,10.13,chenlun17,369,,,,
Ezreal,Jarvan IV,RekSai,Trundle,10.13,Xx,Karsa,,,,
Ekko,Aphelios,Syndra,Galio,10.13,Maple,Knight,,,,
Tahm Kench,Nautilus,Kaisa,Ashe,10.13,Light,JackeyLove,,,,
Thresh,Graves,Sett,Braum,10.13,Duan,yuyanjia,,,,
,,,,,,,LNG Esports,Top Esports,red_side,blue_side
Nidalee,Varus,Renekton,Mordekaiser,10.13,Morgan,Zoom,,,,
Graves,Aphelios,Olaf,Kayn,10.13,beishang,Kanavi,,,,
LeBlanc,Twisted Fate,Galio,Azir,10.13,Teacherma,Yagao,,,,
Zoe,Lee Sin,Ashe,Miss Fortune,10.13,Elk,LokeN,,,,
Sylas,Kindred,Sett,Nautilus,10.13,Missing,LvMao,,,,
,,,,,,,Team WE,JD Gaming,blue_side,red_side
Twisted Fate,Varus,Volibear,Renekton,10.13,Zoom,Morgan,,,,
Galio,Nidalee,Lee Sin,Graves,10.13,Kanavi,beishang,,,,
Ornn,LeBlanc,Syndra,Aurelion Sol,10.13,Yagao,Teacherma,,,,
Karma,Bard,Aphelios,Ashe,10.13,LokeN,Elk,,,,
Sett,Zoe,Leona,Thresh,10.13,LvMao,Missing,,,,
,,,,,,,JD Gaming,Team WE,blue_side,red_side
Nidalee,Varus,Sett,Ornn,10.13,Morgan,Zoom,,,,
LeBlanc,Aphelios,Trundle,Lee Sin,10.13,beishang,Kanavi,,,,
Graves,Ashe,Galio,Zoe,10.13,Teacherma,Yagao,,,,
Volibear,Olaf,Kaisa,Ezreal,10.13,Elk,LokeN,,,,
Mordekaiser,Renekton,Nautilus,Bard,10.13,Missing,LvMao,,,,
,,,,,,,Team WE,JD Gaming,red_side,blue_side
Graves,Varus,Renekton,Volibear,10.13,Breathe,Holder,,,,
Sett,LeBlanc,Lee Sin,Nidalee,10.13,H4cker,Haro,,,,
Thresh,Kalista,Rumble,Syndra,10.13,icon,Ruby,,,,
Ornn,Ekko,Aphelios,Ashe,10.13,SmLz,ZWuJi,,,,
Wukong,Kassadin,Nautilus,Leona,10.13,cold,Ley,,,,
,,,,,,,OMG,Rogue Warriors,blue_side,red_side
Lee Sin,Varus,Wukong,Volibear,10.13,Holder,Breathe,,,,
Renekton,Graves,Trundle,Jarvan IV,10.13,Haro,H4cker,,,,
Thresh,Sett,Zoe,LeBlanc,10.13,Ruby,icon,,,,
Rumble,Azir,Ashe,Kalista,10.13,ZWuJi,SmLz,,,,
Galio,Twisted Fate,Tahm Kench,Pantheon,10.13,Ley,cold,,,,
,,,,,,,Rogue Warriors,OMG,blue_side,red_side
Lee Sin,Varus,Aatrox,Fiora,10.13,Holder,Breathe,,,,
Renekton,Sett,Trundle,Graves,10.13,Haro,H4cker,,,,
Thresh,Karma,LeBlanc,Syndra,10.13,Ruby,icon,,,,
Leona,Mordekaiser,Ashe,Aphelios,10.13,ZWuJi,SmLz,,,,
Wukong,Ornn,Bard,Nautilus,10.13,Ley,cold,,,,
,,,,,,,Rogue Warriors,OMG,red_side,blue_side
Ornn,Varus,Renekton,Gangplank,10.12,Bin,Langx,,,,
Nidalee,Trundle,Lee Sin,Volibear,10.12,SofM,Peanut,,,,
Kalista,Bard,Syndra,Galio,10.12,Angel,xiye,,,,
Jarvan IV,Thresh,Aphelios,Ezreal,10.12,huanfeng,Kramer,,,,
Olaf,Lulu,Nautilus,Yuumi,10.12,SwordArt,Mark,,,,
,,,,,,,Suning,LGD Gaming,blue_side,red_side
Syndra,Varus,Volibear,Jayce,10.12,Langx,Bin,,,,
Graves,Nidalee,Lee Sin,Trundle,10.12,Peanut,SofM,,,,
Bard,Ornn,Orianna,Azir,10.12,xiye,Angel,,,,
Zoe,LeBlanc,Aphelios,Ezreal,10.12,Kramer,huanfeng,,,,
Renekton,Wukong,Nautilus,Leona,10.12,Mark,SwordArt,,,,
,,,,,,,LGD Gaming,Suning,red_side,blue_side
Kalista,Varus,Wukong,Volibear,10.12,Chelizi,TheShy,,,,
LeBlanc,Nidalee,Lee Sin,Olaf,10.12,Xiaopeng,Ning,,,,
Syndra,Aphelios,Azir,Galio,10.12,Twila,RooKie,,,,
Twisted Fate,Morgana,Ashe,Kaisa,10.12,Xubin,Puff,,,,
Jarvan IV,Zilean,Braum,Thresh,10.12,Yui,heal,,,,
,,,,,,,Dominus Esports,Invictus Gaming,blue_side,red_side
Wukong,Varus,Gnar,Volibear,10.12,TheShy,Chelizi,,,,
Nidalee,Kalista,Lee Sin,RekSai,10.12,Ning,Xiaopeng,,,,
Ashe,Syndra,Azir,Corki,10.12,RooKie,Twila,,,,
Ornn,LeBlanc,Aphelios,Miss Fortune,10.12,Puff,Xubin,,,,
Zilean,Twisted Fate,Nautilus,Thresh,10.12,Baolan,Yui,,,,
,,,,,,,Invictus Gaming,Dominus Esports,blue_side,red_side
Kalista,Wukong,Volibear,Gnar,10.12,Chelizi,TheShy,,,,
LeBlanc,Varus,Lee Sin,RekSai,10.12,Xiaopeng,Ning,,,,
Aphelios,Syndra,Cassiopeia,Azir,10.12,Twila,RooKie,,,,
Twisted Fate,Zilean,Ashe,Kaisa,10.12,Xubin,Puff,,,,
Orianna,Galio,Braum,Nautilus,10.12,Yui,Southwind,,,,
,,,,,,,Dominus Esports,Invictus Gaming,red_side,blue_side
Galio,Varus,Renekton,Ornn,10.12,New,Morgan,,,,
Twisted Fate,Aphelios,Nidalee,Graves,10.12,XLB,beishang,,,,
Ashe,Kalista,Syndra,Rumble,10.12,Cryin,Teacherma,,,,
Yuumi,Nautilus,Pantheon,Ezreal,10.12,Ming,Elk,,,,
No ban,Maokai,Senna,Karma,10.12,Betty,Missing,,,,
,,,,,,,Royal Never Give Up,Team WE,blue_side,red_side
Nidalee,Varus,Renekton,Mordekaiser,10.12,Morgan,New,,,,
Kalista,Galio,Trundle,Jarvan IV,10.12,beishang,XLB,,,,
Senna,Ornn,Karma,Twisted Fate,10.12,Teacherma,Cryin,,,,
Graves,Aurelion Sol,Aphelios,Ashe,10.12,Elk,Betty,,,,
Lee Sin,Fiddlesticks,Nautilus,Thresh,10.12,Missing,Ming,,,,
,,,,,,,Team WE,Royal Never Give Up,blue_side,red_side
Galio,Varus,Renekton,Ornn,10.12,New,Morgan,,,,
Twisted Fate,Aphelios,Nidalee,Graves,10.12,XLB,beishang,,,,
Ashe,Kalista,Azir,Syndra,10.12,Cryin,Teacherma,,,,
Yuumi,Pantheon,Sett,Ezreal,10.12,Ming,Elk,,,,
Karma,Nautilus,Senna,Gragas,10.12,Betty,Missing,,,,
,,,,,,,Royal Never Give Up,Team WE,red_side,blue_side
Nidalee,Varus,Volibear,Ornn,10.12,chenlun17,kingen,,,,
Ezreal,Jarvan IV,Graves,Trundle,10.12,Xx,Meteor,,,,
Syndra,Thresh,Orianna,Zoe,10.12,Maple,FoFo,,,,
Sett,Twisted Fate,Aphelios,Kalista,10.12,Light,Wings,,,,
Renekton,LeBlanc,Leona,Nautilus,10.12,Iwandy,XinMo,,,,
,,,,,,,LNG Esports,Bilibili Gaming,red_side,blue_side
Jarvan IV,Varus,Volibear,Renekton,10.12,kingen,Flandre,,,,
LeBlanc,Nidalee,Trundle,Gragas,10.12,Meteor,Xx,,,,
Kalista,Ornn,Zoe,Syndra,10.12,FoFo,Maple,,,,
Wukong,Bard,Ezreal,Aphelios,10.12,Wings,Light,,,,
RekSai,Yuumi,Leona,Thresh,10.12,XinMo,Iwandy,,,,
,,,,,,,Bilibili Gaming,LNG Esports,blue_side,red_side
Thresh,Varus,Wukong,Renekton,10.12,Khan,Biubiu,,,,
Ornn,Galio,Graves,Nidalee,10.12,Tian,WeiWei,,,,
Kalista,Aphelios,Karma,Fiddlesticks,10.12,Doinb,Mole,,,,
Bard,Nautilus,Ezreal,Ashe,10.12,Lwx,Hans SamD,,,,
Sett,Orianna,Braum,Leona,10.12,Crisp,Ppgod,,,,
,,,,,,,Funplus Phoenix,Victory Five,red_side,blue_side
Galio,Varus,Ornn,Sylas,10.12,Biubiu,Khan,,,,
Karma,Nidalee,Graves,Trundle,10.12,WeiWei,Tian,,,,
Kalista,Aphelios,Zoe,Orianna,10.12,Mole,Doinb,,,,
Kayle,Bard,Ezreal,Ashe,10.12,Hans SamD,Lwx,,,,
Kassadin,Yuumi,Leona,Thresh,10.12,Ppgod,Crisp,,,,
,,,,,,,Victory Five,Funplus Phoenix,red_side,blue_side
Nidalee,Varus,Volibear,Wukong,10.12,Khan,Biubiu,,,,
Kalista,Galio,Graves,Trundle,10.12,Tian,WeiWei,,,,
Thresh,Aphelios,Rumble,Syndra,10.12,Doinb,Mole,,,,
Ornn,Orianna,Ashe,Ezreal,10.12,Lwx,Hans SamD,,,,
Renekton,Karma,Nautilus,Bard,10.12,Crisp,Ppgod,,,,
,,,,,,,Funplus Phoenix,Victory Five,blue_side,red_side
Kalista,Varus,Mordekaiser,Ornn,10.12,Chelizi,Aodi,,,,
Galio,Trundle,RekSai,Lee Sin,10.12,Xiaopeng,Jiejie,,,,
Sett,Syndra,Azir,LeBlanc,10.12,Twila,Scout,,,,
Yuumi,Wukong,Aphelios,Ezreal,10.12,Xubin,BBD,,,,
Karma,Volibear,Thresh,Nautilus,10.12,Mitsuki,meiko,,,,
,,,,,,,Dominus Esports,Edward Gaming,blue_side,red_side
Trundle,Varus,Ornn,Volibear,10.12,Aodi,Chelizi,,,,
Syndra,Galio,Lee Sin,RekSai,10.12,Jiejie,Xiaopeng,,,,
Yuumi,Kalista,Azir,Zilean,10.12,Scout,Twila,,,,
Zoe,LeBlanc,Ezreal,Aphelios,10.12,BBD,Xubin,,,,
Wukong,Karma,Nautilus,Thresh,10.12,meiko,Mitsuki,,,,
,,,,,,,Edward Gaming,Dominus Esports,red_side,blue_side
LeBlanc,Varus,Sett,Volibear,10.12,Holder,Zoom,,,,
Twisted Fate,Aphelios,Graves,Nidalee,10.12,Haro,Kanavi,,,,
Ornn,Syndra,Karma,Qiyana,10.12,Ruby,Yagao,,,,
Bard,Jax,Kalista,Ezreal,10.12,ZWuJi,LokeN,,,,
Zoe,Azir,Nautilus,Leona,10.12,kaixuan,LvMao,,,,
,,,,,,,Rogue Warriors,JD Gaming,red_side,blue_side
Volibear,Varus,Gangplank,Mordekaiser,10.12,Holder,Zoom,,,,
Twisted Fate,Aphelios,Graves,Kindred,10.12,Haro,Kanavi,,,,
Nidalee,Syndra,Azir,Sylas,10.12,Ruby,Yagao,,,,
Ornn,Renekton,Ashe,Kalista,10.12,ZWuJi,LokeN,,,,
Wukong,Jax,Thresh,Taric,10.12,Ley,LvMao,,,,
,,,,,,,Rogue Warriors,JD Gaming,blue_side,red_side
Azir,Varus,Wukong,Volibear,10.12,Zoom,Holder,,,,
Thresh,Nidalee,Lee Sin,Sett,10.12,Kanavi,Haro,,,,
Syndra,Graves,Corki,Zoe,10.12,Yagao,Ruby,,,,
RekSai,Twisted Fate,Aphelios,Kalista,10.12,LokeN,ZWuJi,,,,
Nautilus,LeBlanc,Bard,Blitzcrank,10.12,LvMao,Ley,,,,
,,,,,,,JD Gaming,Rogue Warriors,blue_side,red_side
Nidalee,Varus,Volibear,Renekton,10.12,Flandre,Cube,,,,
Aphelios,Syndra,Trundle,Graves,10.12,Xx,Leyan,,,,
Ornn,Olaf,Zoe,Galio,10.12,Maple,Zeka,,,,
Sett,Jarvan IV,Kalista,Tahm Kench,10.12,Light,Hang,,,,
Pantheon,No ban,Taric,Senna,10.12,Duan,iBOY,,,,
,,,,,,,LNG Esports,Vici Gaming,blue_side,red_side
Syndra,Varus,Renekton,Mordekaiser,10.12,Cube,Flandre,,,,
Graves,Nidalee,Volibear,Jarvan IV,10.12,Leyan,Xx,,,,
Ezreal,Sett,LeBlanc,Zoe,10.12,Zeka,Maple,,,,
Trundle,Lee Sin,Aphelios,Kalista,10.12,iBOY,Light,,,,
Olaf,Nautilus,Leona,Thresh,10.12,Hang,Duan,,,,
,,,,,,,Vici Gaming,LNG Esports,blue_side,red_side
LeBlanc,Varus,Ornn,Kayle,10.12,Flandre,Cube,,,,
Kalista,Aphelios,Graves,Nidalee,10.12,Xx,Leyan,,,,
Kaisa,Syndra,Zoe,Sett,10.12,Maple,Zeka,,,,
Renekton,Twisted Fate,Ezreal,Ashe,10.12,Light,iBOY,,,,
Thresh,Bard,Nautilus,Leona,10.12,Duan,Hang,,,,
,,,,,,,LNG Esports,Vici Gaming,red_side,blue_side
Karma,Varus,Volibear,Ornn,10.12,Xiaobai,Khan,,,,
Senna,Aphelios,Lee Sin,Graves,10.12,Wei,Tian,,,,
Renekton,Wukong,Galio,Orianna,10.12,fenfen,Doinb,,,,
Corki,Bard,Ezreal,Kalista,10.12,Wink,Lwx,,,,
Kassadin,Tahm Kench,Nautilus,Sett,10.12,ShiauC,Crisp,,,,
,,,,,,,eStar,Funplus Phoenix,red_side,blue_side
Ornn,Varus,Mordekaiser,Volibear,10.12,Khan,Xiaobai,,,,
Wukong,Karma,Lee Sin,Jarvan IV,10.12,Tian,Wei,,,,
Thresh,Senna,Kassadin,Galio,10.12,Doinb,fenfen,,,,
Sett,Corki,Aphelios,Ezreal,10.12,Lwx,Wink,,,,
Shen,Renekton,Leona,Tahm Kench,10.12,Crisp,ShiauC,,,,
,,,,,,,Funplus Phoenix,eStar,blue_side,red_side
Kalista,Varus,Aatrox,Renekton,10.12,Bin,Chelizi,,,,
Nidalee,Graves,Trundle,RekSai,10.12,SofM,Xiaopeng,,,,
Ezreal,Aphelios,Syndra,LeBlanc,10.12,Angel,Twila,,,,
Ornn,Kassadin,Ashe,Kaisa,10.12,huanfeng,Xubin,,,,
Cassiopeia,Wukong,Nautilus,Thresh,10.12,SwordArt,Mitsuki,,,,
,,,,,,,Suning,Dominus Esports,blue_side,red_side
Graves,Varus,Wukong,Jax,10.12,Chelizi,Bin,,,,
LeBlanc,Kalista,Lee Sin,Trundle,10.12,Xiaopeng,SofM,,,,
Ezreal,Nidalee,Syndra,Zoe,10.12,Twila,Angel,,,,
Renekton,Ornn,Aphelios,Ashe,10.12,Xubin,huanfeng,,,,
Ekko,Leona,Nautilus,Thresh,10.12,Mitsuki,SwordArt,,,,
,,,,,,,Dominus Esports,Suning,blue_side,red_side
Kalista,Varus,Jax,Wukong,10.12,Bin,Chelizi,,,,
Nidalee,Graves,Trundle,Kindred,10.12,SofM,Xiaopeng,,,,
Ezreal,Aphelios,Galio,Syndra,10.12,Angel,Twila,,,,
Lee Sin,LeBlanc,Ashe,Miss Fortune,10.12,huanfeng,Xubin,,,,
Jarvan IV,Renekton,Bard,Nautilus,10.12,SwordArt,Mitsuki,,,,
,,,,,,,Suning,Dominus Esports,blue_side,red_side
Sett,Varus,Jayce,Camille,10.12,369,Aodi,,,,
Kalista,Ezreal,RekSai,Lee Sin,10.12,Karsa,Jiejie,,,,
Ziggs,Trundle,Ekko,Syndra,10.12,Knight,Scout,,,,
Nautilus,Ornn,Aphelios,Maokai,10.12,JackeyLove,meiko,,,,
Wukong,Renekton,Yuumi,Senna,10.12,yuyanjia,BBD,,,,
,,,,,,,Top Esports,Edward Gaming,red_side,blue_side
Ornn,Varus,Renekton,Kennen,10.12,Aodi,369,,,,
Syndra,Ziggs,Nidalee,Trundle,10.12,Jiejie,Karsa,,,,
Ezreal,Lee Sin,Galio,Orianna,10.12,Scout,Knight,,,,
Gangplank,Thresh,Aphelios,Kaisa,10.12,BBD,JackeyLove,,,,
Zoe,Twisted Fate,Leona,Nautilus,10.12,meiko,yuyanjia,,,,
,,,,,,,Edward Gaming,Top Esports,red_side,blue_side
Ziggs,Varus,Kayle,Ornn,10.12,369,Aodi,,,,
Sett,Ezreal,Olaf,Lee Sin,10.12,Karsa,Jiejie,,,,
Kalista,Trundle,Syndra,Azir,10.12,Knight,Scout,,,,
Galio,RekSai,Kaisa,Aphelios,10.12,JackeyLove,BBD,,,,
Twisted Fate,Wukong,Nautilus,Thresh,10.12,yuyanjia,meiko,,,,
,,,,,,,Top Esports,Edward Gaming,blue_side,red_side
Galio,Varus,Wukong,Renekton,10.12,Holder,Morgan,,,,
Kalista,Trundle,Lee Sin,Graves,10.12,Haro,beishang,,,,
Ornn,Aphelios,Syndra,Twisted Fate,10.12,Ruby,Teacherma,,,,
Diana,Mordekaiser,Ezreal,Ashe,10.12,ZWuJi,Elk,,,,
Karma,Yuumi,Nautilus,Leona,10.12,kaixuan,Missing,,,,
,,,,,,,Rogue Warriors,Team WE,red_side,blue_side
Syndra,Varus,Ornn,Renekton,10.12,Morgan,Holder,,,,
Trundle,Galio,Lee Sin,Graves,10.12,beishang,Haro,,,,
Nidalee,Aphelios,Twisted Fate,Karma,10.12,Teacherma,Ruby,,,,
Sett,Kindred,Ashe,Kaisa,10.12,Elk,ZWuJi,,,,
Mordekaiser,Olaf,Thresh,Bard,10.12,Missing,kaixuan,,,,
,,,,,,,Team WE,Rogue Warriors,blue_side,red_side
Lee Sin,Varus,Ornn,Sylas,10.12,Khan,TheShy,,,,
Ashe,Karma,Trundle,Graves,10.12,Tian,Ning,,,,
Syndra,Galio,Rumble,Orianna,10.12,Doinb,RooKie,,,,
Kayle,Twisted Fate,Aphelios,Ezreal,10.12,Lwx,Puff,,,,
Gangplank,Wukong,Thresh,Nautilus,10.12,Crisp,Southwind,,,,
,,,,,,,Funplus Phoenix,Invictus Gaming,blue_side,red_side
Karma,Varus,Kalista,Mordekaiser,10.12,TheShy,Khan,,,,
Galio,Aphelios,Lee Sin,Olaf,10.12,Ning,Tian,,,,
Wukong,Syndra,Twisted Fate,Lulu,10.12,RooKie,Doinb,,,,
Rumble,Thresh,Ashe,Kaisa,10.12,Puff,Lwx,,,,
Fiddlesticks,Jayce,Leona,Sett,10.12,Southwind,Crisp,,,,
,,,,,,,Invictus Gaming,Funplus Phoenix,blue_side,red_side
Lee Sin,Varus,Renekton,Rumble,10.12,Khan,TheShy,,,,
Ashe,Karma,Trundle,Jarvan IV,10.12,Tian,Ning,,,,
Syndra,Galio,Fiddlesticks,Orianna,10.12,Doinb,RooKie,,,,
Kayle,Wukong,Aphelios,Kalista,10.12,Lwx,Puff,,,,
LeBlanc,Ornn,Nautilus,Thresh,10.12,Crisp,Southwind,,,,
,,,,,,,Funplus Phoenix,Invictus Gaming,red_side,blue_side
Nidalee,Varus,Wukong,Ornn,10.12,New,Biubiu,,,,
Sett,Syndra,Lee Sin,Graves,10.12,XLB,WeiWei,,,,
Kalista,Aphelios,Sylas,Zoe,10.12,xiaohu,Mole,,,,
Karma,LeBlanc,Ezreal,Ashe,10.12,Betty,Hans SamD,,,,
Galio,Twisted Fate,Nautilus,Thresh,10.12,Ming,Ppgod,,,,
,,,,,,,Royal Never Give Up,Victory Five,red_side,blue_side
LeBlanc,Varus,Kayle,Ornn,10.12,Biubiu,705,,,,
Renekton,Syndra,Trundle,Graves,10.12,WeiWei,XLB,,,,
Kalista,Zoe,Fiddlesticks,Twisted Fate,10.12,Mole,Cryin,,,,
Karma,Mordekaiser,Aphelios,Ezreal,10.12,Hans SamD,Betty,,,,
Nautilus,Galio,Thresh,Yuumi,10.12,Ppgod,Ming,,,,
,,,,,,,Victory Five,Royal Never Give Up,blue_side,red_side
LeBlanc,Varus,Renekton,Jayce,10.12,369,kingen,,,,
Nidalee,Syndra,Trundle,Graves,10.12,Karsa,l3est16,,,,
Aphelios,Wukong,Neeko,Galio,10.12,Knight,FoFo,,,,
Kassadin,Sylas,Ezreal,Kaisa,10.12,JackeyLove,Wings,,,,
Nautilus,Zoe,Yuumi,Sett,10.12,yuyanjia,XinMo,,,,
,,,,,,,Top Esports,Bilibili Gaming,blue_side,red_side
LeBlanc,Varus,Mordekaiser,Wukong,10.12,369,kingen,,,,
Nidalee,Syndra,Lee Sin,Trundle,10.12,Karsa,l3est16,,,,
Aphelios,Renekton,Orianna,Azir,10.12,Knight,FoFo,,,,
Galio,Zoe,Ezreal,Kaisa,10.12,JackeyLove,Wings,,,,
Ornn,Kayle,Yuumi,Nautilus,10.12,yuyanjia,XinMo,,,,
,,,,,,,Top Esports,Bilibili Gaming,blue_side,red_side
Zoe,Varus,Ornn,Kayle,10.12,chenlun17,Breathe,,,,
Kalista,Syndra,Graves,Olaf,10.12,Xx,H4cker,,,,
LeBlanc,Sett,Twisted Fate,Sylas,10.12,Maple,icon,,,,
Mordekaiser,Bard,Aphelios,Ezreal,10.12,Light,SmLz,,,,
Volibear,Karma,Thresh,Yuumi,10.12,Duan,cold,,,,
,,,,,,,LNG Esports,OMG,red_side,blue_side
Zoe,Varus,Volibear,Fiora,10.12,Flandre,Breathe,,,,
Kalista,Graves,Jarvan IV,Lee Sin,10.12,Xx,H4cker,,,,
Yuumi,Aphelios,Galio,Syndra,10.12,Maple,icon,,,,
Sivir,Bard,Ezreal,Kaisa,10.12,Light,SmLz,,,,
Renekton,Wukong,Nautilus,Thresh,10.12,Duan,cold,,,,
,,,,,,,LNG Esports,OMG,red_side,blue_side
Syndra,Varus,Ornn,Aatrox,10.12,Langx,TheShy,,,,
Orianna,Wukong,Kindred,Trundle,10.12,Peanut,Ning,,,,
LeBlanc,Twisted Fate,Galio,Karma,10.12,xiye,RooKie,,,,
Zoe,Nautilus,Aphelios,Ezreal,10.12,Kramer,Puff,,,,
Azir,Leona,Bard,Yuumi,10.12,Mark,Southwind,,,,
,,,,,,,LGD Gaming,Invictus Gaming,blue_side,red_side
Wukong,Varus,Gangplank,Renekton,10.12,TheShy,Langx,,,,
Ornn,Syndra,Lee Sin,Trundle,10.12,Ning,Peanut,,,,
Twisted Fate,Orianna,Lissandra,Karma,10.12,RooKie,xiye,,,,
Bard,LeBlanc,Aphelios,Ezreal,10.12,Puff,Kramer,,,,
Galio,Jayce,Thresh,Yuumi,10.12,Southwind,Mark,,,,
,,,,,,,Invictus Gaming,LGD Gaming,blue_side,red_side
Syndra,Varus,Renekton,Quinn,10.12,Langx,TheShy,,,,
Orianna,Karma,Nidalee,Trundle,10.12,Peanut,Ning,,,,
Lee Sin,Twisted Fate,Galio,Zoe,10.12,xiye,RooKie,,,,
Jayce,Graves,Aphelios,Ezreal,10.12,Kramer,Puff,,,,
Yuumi,Kindred,Nautilus,Bard,10.12,Mark,Southwind,,,,
,,,,,,,LGD Gaming,Invictus Gaming,blue_side,red_side
RekSai,Varus,Volibear,Ornn,10.12,Zoom,Chelizi,,,,
Wukong,Zoe,Lee Sin,Trundle,10.12,Kanavi,Xiaopeng,,,,
Nidalee,Syndra,Corki,Azir,10.12,Yagao,Twila,,,,
Cassiopeia,LeBlanc,Aphelios,Kalista,10.12,LokeN,Xubin,,,,
Lissandra,Twisted Fate,Leona,Thresh,10.12,LvMao,Mitsuki,,,,
,,,,,,,JD Gaming,Dominus Esports,blue_side,red_side
RekSai,Varus,Wukong,Ornn,10.12,Zoom,Chelizi,,,,
Cassiopeia,Zoe,Graves,Lee Sin,10.12,Kanavi,Xiaopeng,,,,
Nidalee,Syndra,Sylas,Corki,10.12,Yagao,Twila,,,,
Azir,LeBlanc,Aphelios,Ezreal,10.12,LokeN,Xubin,,,,
Lissandra,Renekton,Bard,Thresh,10.12,LvMao,Mitsuki,,,,
,,,,,,,JD Gaming,Dominus Esports,blue_side,red_side
Syndra,Varus,Ornn,Wukong,10.12,Xiaobai,New,,,,
Renekton,Sett,Graves,Lee Sin,10.12,Wei,XLB,,,,
Kalista,Thresh,Karma,LeBlanc,10.12,fenfen,xiaohu,,,,
Braum,Lissandra,Ezreal,Aphelios,10.12,Wink,Betty,,,,
Nautilus,Galio,Bard,Leona,10.12,ShiauC,Ming,,,,
,,,,,,,eStar,Royal Never Give Up,red_side,blue_side
Sett,Varus,Mordekaiser,Wukong,10.12,New,Xiaobai,,,,
Ornn,Syndra,Graves,Lee Sin,10.12,XLB,Wei,,,,
Ezreal,Renekton,Zoe,Rumble,10.12,xiaohu,fenfen,,,,
Galio,Twisted Fate,Kalista,Aphelios,10.12,Betty,Wink,,,,
Karma,LeBlanc,Nautilus,Thresh,10.12,Ming,ShiauC,,,,
,,,,,,,Royal Never Give Up,eStar,red_side,blue_side
Syndra,Varus,Wukong,Ornn,10.12,Xiaobai,New,,,,
Renekton,Sett,Graves,Lee Sin,10.12,Wei,XLB,,,,
LeBlanc,Thresh,Galio,Corki,10.12,fenfen,xiaohu,,,,
Zoe,Karma,Ezreal,Aphelios,10.12,Wink,Betty,,,,
Azir,Rumble,Taric,Nautilus,10.12,ShiauC,Ming,,,,
,,,,,,,eStar,Royal Never Give Up,red_side,blue_side
LeBlanc,Zoe,Ornn,Sion,10.12,Biubiu,Cube,,,,
Nidalee,Syndra,Graves,Trundle,10.12,WeiWei,Leyan,,,,
Kalista,Varus,Galio,Sylas,10.12,Mole,Forge,,,,
Mordekaiser,Twisted Fate,Ezreal,Aphelios,10.12,Hans SamD,iBOY,,,,
Kassadin,Karma,Bard,Thresh,10.12,Ppgod,Hang,,,,
,,,,,,,Victory Five,Vici Gaming,blue_side,red_side
Zoe,Varus,Ornn,Renekton,10.12,Cube,Biubiu,,,,
Ashe,Ezreal,Olaf,Nidalee,10.12,Leyan,WeiWei,,,,
Thresh,Syndra,LeBlanc,Sett,10.12,Zeka,Mole,,,,
Kayle,Lee Sin,Aphelios,Kalista,10.12,iBOY,Hans SamD,,,,
Bard,Trundle,Nautilus,Leona,10.12,Hang,Ppgod,,,,
,,,,,,,Vici Gaming,Victory Five,red_side,blue_side
Wukong,Varus,Jayce,Camille,10.12,TheShy,Aodi,,,,
Kalista,Trundle,Lee Sin,Olaf,10.12,Ning,JunJia,,,,
Graves,Syndra,Orianna,Twisted Fate,10.12,RooKie,Scout,,,,
Galio,Azir,Aphelios,Ezreal,10.12,Puff,Hope,,,,
Ornn,LeBlanc,Thresh,Yuumi,10.12,Southwind,meiko,,,,
,,,,,,,Invictus Gaming,Edward Gaming,red_side,blue_side
Wukong,Varus,Jayce,Ornn,10.12,TheShy,Aodi,,,,
Twisted Fate,Trundle,Lee Sin,Olaf,10.12,Ning,JunJia,,,,
Graves,Ezreal,Syndra,Galio,10.12,RooKie,Scout,,,,
Camille,Thresh,Aphelios,Kalista,10.12,Puff,Hope,,,,
Taric,Azir,Nautilus,Sett,10.12,Southwind,meiko,,,,
,,,,,,,Invictus Gaming,Edward Gaming,blue_side,red_side
Trundle,Varus,Ornn,Kayle,10.12,Aodi,TheShy,,,,
Kalista,Graves,RekSai,Olaf,10.12,JunJia,Ning,,,,
Lee Sin,Syndra,Zoe,LeBlanc,10.12,Scout,RooKie,,,,
Twisted Fate,Jarvan IV,Ezreal,Aphelios,10.12,Hope,Puff,,,,
Jayce,Wukong,Yuumi,Nautilus,10.12,meiko,Southwind,,,,
,,,,,,,Edward Gaming,Invictus Gaming,red_side,blue_side
Kalista,Varus,Renekton,Jayce,10.12,Bin,Crazy,,,,
Ornn,Graves,Jarvan IV,RekSai,10.12,SofM,Youdang,,,,
Ezreal,Aphelios,LeBlanc,Syndra,10.12,Angel,Ruby,,,,
Lee Sin,Thresh,Ashe,Kaisa,10.12,huanfeng,ZWuJi,,,,
Trundle,Wukong,Bard,Sett,10.12,SwordArt,Ley,,,,
,,,,,,,Suning,Rogue Warriors,blue_side,red_side
Graves,Varus,Sett,Ornn,10.12,Holder,Bin,,,,
Jarvan IV,Kalista,Trundle,Lee Sin,10.12,Haro,SofM,,,,
Aphelios,Ezreal,Syndra,Galio,10.12,Ruby,Angel,,,,
LeBlanc,Wukong,Ashe,Kaisa,10.12,ZWuJi,huanfeng,,,,
Kassadin,Mordekaiser,Thresh,Nautilus,10.12,Ley,SwordArt,,,,
,,,,,,,Rogue Warriors,Suning,red_side,blue_side
Syndra,Varus,Renekton,Jayce,10.12,Langx,369,,,,
Kaisa,Ornn,Trundle,Graves,10.12,Peanut,Karsa,,,,
Lee Sin,Yuumi,Cassiopeia,Karma,10.12,xiye,Knight,,,,
Orianna,Wukong,Ezreal,Aphelios,10.12,Kramer,JackeyLove,,,,
Zoe,Twisted Fate,Leona,Thresh,10.12,Mark,yuyanjia,,,,
,,,,,,,LGD Gaming,Top Esports,red_side,blue_side
Nidalee,Varus,Maokai,Wukong,10.12,369,Langx,,,,
Ornn,Syndra,Trundle,Lee Sin,10.12,Karsa,Peanut,,,,
Aphelios,Ezreal,Sylas,Azir,10.12,Knight,xiye,,,,
LeBlanc,Karma,Kaisa,Miss Fortune,10.12,JackeyLove,Kramer,,,,
Kassadin,Renekton,Nautilus,Thresh,10.12,yuyanjia,Mark,,,,
,,,,,,,Top Esports,LGD Gaming,blue_side,red_side
LeBlanc,Varus,Wukong,Mordekaiser,10.12,Chelizi,Breathe,,,,
Zoe,RekSai,Sejuani,Lee Sin,10.12,Xiaopeng,H4cker,,,,
Trundle,Nidalee,Syndra,Azir,10.12,Twila,icon,,,,
Ekko,Graves,Aphelios,Kalista,10.12,Xubin,SmLz,,,,
Akali,Olaf,Thresh,Sett,10.12,Mitsuki,cold,,,,
,,,,,,,Dominus Esports,OMG,red_side,blue_side
LeBlanc,Varus,Wukong,Renekton,10.12,Chelizi,Breathe,,,,
Trundle,Nidalee,Olaf,Lee Sin,10.12,Xiaopeng,H4cker,,,,
Kalista,RekSai,Syndra,Zoe,10.12,Twila,icon,,,,
Thresh,Graves,Ezreal,Aphelios,10.12,Xubin,SmLz,,,,
Nautilus,Jarvan IV,Yuumi,Lulu,10.12,Mitsuki,cold,,,,
,,,,,,,Dominus Esports,OMG,red_side,blue_side
Kalista,Varus,Ornn,Mordekaiser,10.12,Khan,Morgan,,,,
Sett,Nidalee,Graves,Olaf,10.12,Tian,beishang,,,,
Ezreal,Aphelios,Corki,Galio,10.12,Doinb,Teacherma,,,,
Karma,Maokai,Wukong,Ashe,10.12,Crisp,Elk,,,,
Thresh,Sylas,Senna,Tahm Kench,10.12,Lwx,Missing,,,,
,,,,,,,Funplus Phoenix,Team WE,blue_side,red_side
Trundle,Varus,Ornn,Kayle,10.12,Morgan,Khan,,,,
Olaf,Aphelios,Kindred,Graves,10.12,beishang,Tian,,,,
Kalista,Ezreal,Galio,Sett,10.12,Teacherma,Doinb,,,,
Sylas,Jarvan IV,Ashe,Maokai,10.12,Elk,Crisp,,,,
Karma,Thresh,Nautilus,Senna,10.12,Missing,Lwx,,,,
,,,,,,,Team WE,Funplus Phoenix,blue_side,red_side
Kalista,Varus,Mordekaiser,Wukong,10.12,Khan,Morgan,,,,
Galio,Nidalee,Lee Sin,Trundle,10.12,Tian,beishang,,,,
Ornn,Kassadin,Karma,Rumble,10.12,Doinb,Teacherma,,,,
Jarvan IV,Diana,Aphelios,Ashe,10.12,Lwx,Elk,,,,
Thresh,Sylas,Nautilus,Leona,10.12,Crisp,Missing,,,,
,,,,,,,Funplus Phoenix,Team WE,blue_side,red_side
LeBlanc,Varus,Ornn,Kayle,10.12,Xiaobai,chenlun17,,,,
Syndra,Jarvan IV,Ekko,Trundle,10.12,Wei,Xx,,,,
Kalista,Wukong,Sett,Zoe,10.12,fenfen,Maple,,,,
Thresh,Yuumi,Ezreal,Aphelios,10.12,Wink,Light,,,,
Olaf,Blitzcrank,Shen,Leona,10.12,ShiauC,Duan,,,,
,,,,,,,eStar,LNG Esports,blue_side,red_side
Jarvan IV,Varus,Kayle,Ornn,10.12,chenlun17,Xiaobai,,,,
Sett,Syndra,Olaf,Graves,10.12,Xx,Wei,,,,
Ezreal,Kalista,LeBlanc,Galio,10.12,Maple,fenfen,,,,
Blitzcrank,Zoe,Aphelios,Ashe,10.12,Light,Wink,,,,
Bard,Azir,Thresh,Tahm Kench,10.12,Duan,ShiauC,,,,
,,,,,,,LNG Esports,eStar,red_side,blue_side
Syndra,Varus,Mordekaiser,Ornn,10.12,Zoom,New,,,,
Wukong,Nidalee,Graves,Trundle,10.12,Kanavi,XLB,,,,
Nautilus,Ezreal,Twisted Fate,Orianna,10.12,Yagao,xiaohu,,,,
Karma,Gangplank,Aphelios,Ashe,10.12,LokeN,Betty,,,,
Zoe,LeBlanc,Thresh,Sett,10.12,LvMao,Ming,,,,
,,,,,,,JD Gaming,Royal Never Give Up,blue_side,red_side
Nidalee,Varus,Wukong,Renekton,10.12,New,Zoom,,,,
LeBlanc,Syndra,RekSai,Graves,10.12,XLB,Kanavi,,,,
Ezreal,Aphelios,Orianna,Azir,10.12,xiaohu,Yagao,,,,
Twisted Fate,Zoe,Kalista,Ashe,10.12,Betty,LokeN,,,,
Galio,Ornn,Nautilus,Tahm Kench,10.12,Ming,LvMao,,,,
,,,,,,,Royal Never Give Up,JD Gaming,blue_side,red_side
Syndra,Varus,Gangplank,Renekton,10.12,Zoom,New,,,,
Wukong,LeBlanc,Graves,Nidalee,10.12,Kanavi,XLB,,,,
Nautilus,Ezreal,Twisted Fate,Sylas,10.12,Yagao,xiaohu,,,,
Sett,RekSai,Aphelios,Kalista,10.12,LokeN,Betty,,,,
Leona,Lee Sin,Thresh,Taric,10.12,LvMao,Ming,,,,
,,,,,,,JD Gaming,Royal Never Give Up,red_side,blue_side
LeBlanc,Varus,Renekton,Maokai,10.12,Biubiu,ADD,,,,
Ornn,Kalista,Lee Sin,Trundle,10.12,WeiWei,l3est16,,,,
Yuumi,Wukong,Syndra,Zoe,10.12,Mole,FoFo,,,,
Gangplank,Thresh,Aphelios,Ezreal,10.12,Hans SamD,Wings,,,,
Leona,Mordekaiser,Nautilus,Bard,10.12,Ppgod,XinMo,,,,
,,,,,,,Victory Five,Bilibili Gaming,red_side,blue_side
Kalista,Varus,Renekton,Mordekaiser,10.12,ADD,Biubiu,,,,
Wukong,Ezreal,Olaf,Graves,10.12,l3est16,WeiWei,,,,
Trundle,Ornn,LeBlanc,Syndra,10.12,FoFo,Mole,,,,
Jayce,Lee Sin,Aphelios,Ashe,10.12,Wings,Hans SamD,,,,
Aatrox,Gangplank,Blitzcrank,Thresh,10.12,XinMo,Ppgod,,,,
,,,,,,,Bilibili Gaming,Victory Five,red_side,blue_side
Ornn,Varus,Renekton,Mordekaiser,10.12,Biubiu,kingen,,,,
Wukong,Kalista,Nidalee,Trundle,10.12,WeiWei,l3est16,,,,
Bard,Syndra,Sett,LeBlanc,10.12,Mole,FoFo,,,,
Gangplank,Karma,Ezreal,Aphelios,10.12,Hans SamD,Wings,,,,
Quinn,Zoe,Thresh,Yuumi,10.12,Ppgod,XinMo,,,,
,,,,,,,Victory Five,Bilibili Gaming,blue_side,red_side
Graves,Varus,Renekton,Wukong,10.11,Aodi,Bin,,,,
Zoe,Kalista,Lee Sin,Trundle,10.11,Jiejie,SofM,,,,
Ornn,Nidalee,Syndra,Kassadin,10.11,Scout,Angel,,,,
Galio,Olaf,Ezreal,Aphelios,10.11,Hope,huanfeng,,,,
Camille,Jarvan IV,Yuumi,Lulu,10.11,meiko,SwordArt,,,,
,,,,,,,Edward Gaming,Suning,blue_side,red_side
Kalista,Varus,Wukong,Hecarim,10.11,Bin,Aodi,,,,
Nidalee,Graves,Jarvan IV,Trundle,10.11,SofM,Jiejie,,,,
Ezreal,Thresh,Syndra,Ekko,10.11,Angel,Scout,,,,
Galio,Leona,Aphelios,Kaisa,10.11,huanfeng,Hope,,,,
Ornn,Taric,Bard,Nautilus,10.11,SwordArt,meiko,,,,
,,,,,,,Suning,Edward Gaming,blue_side,red_side
Graves,Varus,Ornn,Sylas,10.11,Aodi,Bin,,,,
Zoe,Kalista,Jarvan IV,RekSai,10.11,Jiejie,SofM,,,,
Bard,Yuumi,Galio,Syndra,10.11,Scout,Angel,,,,
Trundle,Leona,Ezreal,Aphelios,10.11,Hope,huanfeng,,,,
Olaf,Karma,Nautilus,Thresh,10.11,meiko,SwordArt,,,,
,,,,,,,Edward Gaming,Suning,blue_side,red_side
Sett,Varus,Jayce,Ornn,10.11,TheShy,Holder,,,,
Wukong,Syndra,RekSai,Lee Sin,10.11,Ning,Youdang,,,,
Zoe,Trundle,Orianna,Azir,10.11,RooKie,Wuming,,,,
Yuumi,Kayle,Aphelios,Ezreal,10.11,Puff,ZWuJi,,,,
Nautilus,LeBlanc,Thresh,Leona,10.11,Southwind,Ley,,,,
,,,,,,,Invictus Gaming,Rogue Warriors,blue_side,red_side
Kalista,Varus,Renekton,Quinn,10.11,Crazy,TheShy,,,,
Orianna,Trundle,RekSai,Lee Sin,10.11,Youdang,Ning,,,,
LeBlanc,Syndra,Zoe,Twisted Fate,10.11,Ruby,RooKie,,,,
Jayce,Yuumi,Ezreal,Aphelios,10.11,ZWuJi,Puff,,,,
Graves,Wukong,Sett,Thresh,10.11,Ley,Southwind,,,,
,,,,,,,Rogue Warriors,Invictus Gaming,red_side,blue_side
Kalista,Varus,Ornn,Kayle,10.11,369,Breathe,,,,
LeBlanc,Syndra,RekSai,Lee Sin,10.11,Karsa,H4cker,,,,
Sett,Trundle,Akali,Azir,10.11,Knight,icon,,,,
Zoe,Diana,Ezreal,Aphelios,10.11,JackeyLove,SmLz,,,,
Wukong,Ekko,Yuumi,Thresh,10.11,yuyanjia,cold,,,,
,,,,,,,Top Esports,OMG,red_side,blue_side
Kalista,Varus,Mordekaiser,Wukong,10.11,369,Breathe,,,,
Sett,Syndra,Lee Sin,Trundle,10.11,Karsa,H4cker,,,,
Thresh,Yuumi,Orianna,LeBlanc,10.11,Knight,icon,,,,
Ornn,Ekko,Ezreal,Aphelios,10.11,JackeyLove,SmLz,,,,
Azir,Renekton,Leona,Nautilus,10.11,yuyanjia,cold,,,,
,,,,,,,Top Esports,OMG,blue_side,red_side
Kalista,Varus,Wukong,Ornn,10.11,369,Breathe,,,,
Sett,Syndra,Trundle,Lee Sin,10.11,Karsa,H4cker,,,,
Aphelios,Ezreal,Sylas,Zoe,10.11,Knight,icon,,,,
LeBlanc,Mordekaiser,Kaisa,Jhin,10.11,JackeyLove,SmLz,,,,
Kassadin,Kayle,Nautilus,Thresh,10.11,yuyanjia,cold,,,,
,,,,,,,Top Esports,OMG,blue_side,red_side
RekSai,Varus,Ornn,Camille,10.11,Langx,Natural,,,,
Renekton,Wukong,Lee Sin,Graves,10.11,Peanut,Xiaopeng,,,,
Kalista,Syndra,Kassadin,Galio,10.11,xiye,Twila,,,,
Aphelios,Olaf,Ezreal,Ashe,10.11,Kramer,Helper,,,,
Senna,Twisted Fate,Yuumi,Nautilus,10.11,Mark,Mitsuki,,,,
,,,,,,,LGD Gaming,Dominus Esports,blue_side,red_side
Twisted Fate,Varus,Aatrox,Ornn,10.11,Natural,Langx,,,,
LeBlanc,Kalista,Trundle,Graves,10.11,Xiaopeng,Peanut,,,,
Kassadin,Karma,Sylas,Syndra,10.11,Twila,xiye,,,,
Kindred,Azir,Ezreal,Aphelios,10.11,Helper,Kramer,,,,
Lee Sin,Galio,Yuumi,Leona,10.11,Mitsuki,Mark,,,,
,,,,,,,Dominus Esports,LGD Gaming,red_side,blue_side
Pantheon,Varus,Renekton,Wukong,10.11,Cube,Morgan,,,,
Galio,Trundle,RekSai,Lee Sin,10.11,Aix,beishang,,,,
Ornn,Olaf,Syndra,Twisted Fate,10.11,Forge,Teacherma,,,,
Rumble,LeBlanc,Kalista,Aphelios,10.11,iBOY,Elk,,,,
Aurelion Sol,Kassadin,Sett,Thresh,10.11,Hang,Missing,,,,
,,,,,,,Vici Gaming,Team WE,red_side,blue_side
Trundle,Varus,Ornn,Mordekaiser,10.11,Morgan,Cube,,,,
Olaf,Pantheon,Graves,Ekko,10.11,beishang,Aix,,,,
Kalista,Rumble,Galio,Aatrox,10.11,Teacherma,Forge,,,,
Kassadin,Yuumi,Ezreal,Aphelios,10.11,Elk,iBOY,,,,
Sylas,Jarvan IV,Sett,Thresh,10.11,Missing,Hang,,,,
,,,,,,,Team WE,Vici Gaming,blue_side,red_side
Jarvan IV,Varus,Hecarim,Wukong,10.11,kingen,Xiaobai,,,,
Thresh,Syndra,Trundle,Graves,10.11,l3est16,Wei,,,,
Kalista,Yuumi,Azir,Ekko,10.11,FoFo,fenfen,,,,
Kassadin,Zoe,Aphelios,Ezreal,10.11,Wings,Wink,,,,
Galio,LeBlanc,Nautilus,Sett,10.11,XinMo,ShiauC,,,,
,,,,,,,Bilibili Gaming,eStar,blue_side,red_side
LeBlanc,Jarvan IV,Mordekaiser,Ornn,10.11,Xiaobai,kingen,,,,
Syndra,Varus,Ekko,Trundle,10.11,Wei,l3est16,,,,
Renekton,Wukong,Sett,Corki,10.11,fenfen,FoFo,,,,
Zoe,Graves,Ezreal,Aphelios,10.11,Wink,Wings,,,,
Azir,Yuumi,Blitzcrank,Thresh,10.11,ShiauC,XinMo,,,,
,,,,,,,eStar,Bilibili Gaming,blue_side,red_side
Sett,Varus,Kayle,Ornn,10.11,ADD,Xiaobai,,,,
Thresh,Syndra,Trundle,RekSai,10.11,l3est16,Wei,,,,
Kalista,Yuumi,LeBlanc,Kassadin,10.11,FoFo,fenfen,,,,
Graves,Maokai,Ezreal,Aphelios,10.11,Wings,Wink,,,,
Nautilus,Mordekaiser,Leona,Galio,10.11,XinMo,ShiauC,,,,
,,,,,,,Bilibili Gaming,eStar,blue_side,red_side
Syndra,Varus,Ornn,Kayle,10.11,Zoom,369,,,,
Karma,Nidalee,Kayn,Trundle,10.11,Kanavi,Karsa,,,,
Lee Sin,Ezreal,LeBlanc,Lissandra,10.11,Yagao,Knight,,,,
Aatrox,Kindred,Aphelios,Kaisa,10.11,LokeN,JackeyLove,,,,
Zoe,Graves,Thresh,Nautilus,10.11,LvMao,yuyanjia,,,,
,,,,,,,JD Gaming,Top Esports,red_side,blue_side
Nidalee,Syndra,Sion,Wukong,10.11,369,Zoom,,,,
Kalista,Varus,Trundle,Graves,10.11,Karsa,Kanavi,,,,
Aphelios,Karma,Orianna,Azir,10.11,Knight,Yagao,,,,
Zoe,Renekton,Ezreal,Ashe,10.11,JackeyLove,LokeN,,,,
LeBlanc,Ornn,Yuumi,Bard,10.11,yuyanjia,LvMao,,,,
,,,,,,,Top Esports,JD Gaming,blue_side,red_side
Ornn,Varus,Aatrox,Jayce,10.11,Bin,TheShy,,,,
Kalista,Graves,Lee Sin,Trundle,10.11,SofM,Ning,,,,
Syndra,Wukong,Zoe,Orianna,10.11,Angel,RooKie,,,,
LeBlanc,Yuumi,Ezreal,Aphelios,10.11,huanfeng,Puff,,,,
Twisted Fate,Bard,Sett,Nautilus,10.11,SwordArt,Southwind,,,,
,,,,,,,Suning,Invictus Gaming,red_side,blue_side
Ornn,Varus,Camille,Renekton,10.11,Bin,TheShy,,,,
Kalista,Graves,Trundle,Sett,10.11,SofM,Ning,,,,
Syndra,Wukong,Twisted Fate,Zoe,10.11,Angel,RooKie,,,,
LeBlanc,Lissandra,Aphelios,Ezreal,10.11,huanfeng,Puff,,,,
Orianna,Azir,Thresh,Bard,10.11,SwordArt,Southwind,,,,
,,,,,,,Suning,Invictus Gaming,red_side,blue_side
Nidalee,Varus,Aatrox,Mordekaiser,10.11,Breathe,Aodi,,,,
Thresh,Ornn,Lee Sin,Graves,10.11,H4cker,JunJia,,,,
Sett,Yuumi,Syndra,Galio,10.11,icon,Scout,,,,
Wukong,Bard,Kalista,Aphelios,10.11,SmLz,Hope,,,,
Karma,Renekton,Taric,Nautilus,10.11,Sora,meiko,,,,
,,,,,,,OMG,Edward Gaming,red_side,blue_side
Nidalee,Varus,Renekton,Wukong,10.11,Breathe,Aodi,,,,
Kalista,Ornn,Lee Sin,Graves,10.11,H4cker,JunJia,,,,
Sett,Yuumi,LeBlanc,Syndra,10.11,icon,Scout,,,,
Karma,Ekko,Aphelios,Ezreal,10.11,SmLz,Hope,,,,
Nautilus,Galio,Thresh,Leona,10.11,cold,meiko,,,,
,,,,,,,OMG,Edward Gaming,red_side,blue_side
Yuumi,Varus,Mordekaiser,Wukong,10.11,Biubiu,Langx,,,,
LeBlanc,Kalista,Graves,Trundle,10.11,WeiWei,Peanut,,,,
Ashe,Zoe,Ekko,Syndra,10.11,Mole,xiye,,,,
Ornn,Renekton,Aphelios,Ezreal,10.11,Hans SamD,Kramer,,,,
Karma,Lee Sin,Thresh,Leona,10.11,Ppgod,Mark,,,,
,,,,,,,Victory Five,LGD Gaming,red_side,blue_side
Zoe,Varus,Mordekaiser,Ornn,10.11,Langx,Biubiu,,,,
Kalista,Ezreal,Graves,Trundle,10.11,Peanut,WeiWei,,,,
Renekton,Wukong,Syndra,LeBlanc,10.11,xiye,Mole,,,,
Bard,Lee Sin,Ashe,Aphelios,10.11,Kramer,Hans SamD,,,,
Blitzcrank,Kindred,Thresh,Nautilus,10.11,Mark,Ppgod,,,,
,,,,,,,LGD Gaming,Victory Five,red_side,blue_side
Zoe,Varus,Ornn,Renekton,10.11,Langx,Biubiu,,,,
Kalista,Ezreal,Kindred,Trundle,10.11,Peanut,WeiWei,,,,
Syndra,LeBlanc,Twisted Fate,Cassiopeia,10.11,xiye,Mole,,,,
Bard,Kassadin,Aphelios,Miss Fortune,10.11,Kramer,Hans SamD,,,,
Thresh,Galio,Leona,Nautilus,10.11,Mark,Ppgod,,,,
,,,,,,,LGD Gaming,Victory Five,blue_side,red_side
Syndra,Varus,Quinn,Renekton,10.11,Khan,kingen,,,,
Kalista,Rumble,Olaf,Nidalee,10.11,Tian,l3est16,,,,
Ezreal,Ornn,Karma,Azir,10.11,Doinb,FoFo,,,,
Thresh,Twisted Fate,Aphelios,Ashe,10.11,Lwx,Wings,,,,
Zoe,Galio,Nautilus,Leona,10.11,Crisp,XinMo,,,,
,,,,,,,Funplus Phoenix,Bilibili Gaming,blue_side,red_side
Nidalee,Varus,Ornn,Kayle,10.11,ADD,Khan,,,,
Karma,Syndra,Graves,Olaf,10.11,l3est16,Tian,,,,
Thresh,Trundle,LeBlanc,Galio,10.11,FoFo,Doinb,,,,
Kassadin,Leona,Kalista,Aphelios,10.11,Wings,Lwx,,,,
Sylas,Sett,Braum,Nautilus,10.11,XinMo,Crisp,,,,
,,,,,,,Bilibili Gaming,Funplus Phoenix,red_side,blue_side
Sett,Varus,Aatrox,Jayce,10.11,New,chenlun17,,,,
Jarvan IV,Syndra,Lee Sin,Olaf,10.11,XLB,Xx,,,,
Kalista,Nidalee,Azir,LeBlanc,10.11,xiaohu,Maple,,,,
Zoe,Ornn,Aphelios,Ezreal,10.11,Betty,Light,,,,
Wukong,Lissandra,Thresh,Yuumi,10.11,Ming,Duan,,,,
,,,,,,,Royal Never Give Up,LNG Esports,red_side,blue_side
Nidalee,Varus,Ornn,Wukong,10.11,chenlun17,New,,,,
Syndra,Kalista,Graves,Olaf,10.11,Xx,XLB,,,,
Yuumi,Sett,Azir,Twisted Fate,10.11,Maple,xiaohu,,,,
LeBlanc,Zoe,Aphelios,Ezreal,10.11,Light,Betty,,,,
Trundle,RekSai,Thresh,Nautilus,10.11,Duan,Ming,,,,
,,,,,,,LNG Esports,Royal Never Give Up,blue_side,red_side
Senna,Karma,Ornn,Aatrox,10.11,Morgan,TheShy,,,,
Trundle,Varus,Olaf,Graves,10.11,beishang,Ning,,,,
Ezreal,Pantheon,Rumble,Syndra,10.11,Teacherma,RooKie,,,,
Kalista,Galio,Aphelios,Ashe,10.11,Elk,Puff,,,,
Azir,Jarvan IV,Thresh,Sett,10.11,Missing,Southwind,,,,
,,,,,,,Team WE,Invictus Gaming,blue_side,red_side
Pantheon,Varus,Aatrox,Ornn,10.11,TheShy,Morgan,,,,
Sett,Senna,Jarvan IV,Graves,10.11,Ning,beishang,,,,
Karma,Trundle,Corki,Galio,10.11,RooKie,Teacherma,,,,
Thresh,Azir,Ezreal,Aphelios,10.11,Puff,Elk,,,,
Nautilus,Rumble,Yuumi,Bard,10.11,Southwind,Missing,,,,
,,,,,,,Invictus Gaming,Team WE,red_side,blue_side
RekSai,Varus,Wukong,Jax,10.11,Xiaobai,Natural,,,,
Renekton,Jarvan IV,Ekko,Nidalee,10.11,Wei,Xiaopeng,,,,
Kalista,Syndra,Sett,Zilean,10.11,fenfen,Twila,,,,
Cassiopeia,Karma,Ezreal,Lucian,10.11,Wink,Helper,,,,
Aatrox,Nautilus,Thresh,Yuumi,10.11,ShiauC,Mitsuki,,,,
,,,,,,,eStar,Dominus Esports,blue_side,red_side
RekSai,Varus,Wukong,Ornn,10.11,Xiaobai,Natural,,,,
Renekton,Jarvan IV,Graves,Trundle,10.11,Wei,Xiaopeng,,,,
Kalista,Ezreal,Kassadin,Azir,10.11,fenfen,Twila,,,,
Miss Fortune,LeBlanc,Aphelios,Sett,10.11,Wink,Mitsuki,,,,
Ashe,Syndra,Thresh,Senna,10.11,ShiauC,Helper,,,,
,,,,,,,eStar,Dominus Esports,blue_side,red_side
Ornn,Varus,Wukong,Renekton,10.11,Bin,Zoom,,,,
Nidalee,Syndra,Graves,Jarvan IV,10.11,SofM,Kanavi,,,,
Kalista,Thresh,Twisted Fate,Zoe,10.11,Angel,Yagao,,,,
Olaf,Aatrox,Aphelios,Ezreal,10.11,huanfeng,LokeN,,,,
Trundle,Nautilus,Bard,Yuumi,10.11,SwordArt,LvMao,,,,
,,,,,,,Suning,JD Gaming,red_side,blue_side
Syndra,Varus,Ornn,Renekton,10.11,Zoom,Bin,,,,
Twisted Fate,Kalista,Lee Sin,Graves,10.11,Kanavi,SofM,,,,
Thresh,Nidalee,Lissandra,LeBlanc,10.11,Yagao,Angel,,,,
Aatrox,Yuumi,Ezreal,Aphelios,10.11,LokeN,huanfeng,,,,
Irelia,Karma,Sett,Bard,10.11,LvMao,SwordArt,,,,
,,,,,,,JD Gaming,Suning,blue_side,red_side
Twisted Fate,Varus,Wukong,Renekton,10.11,Cube,New,,,,
Ornn,Kalista,Jarvan IV,Nidalee,10.11,Aix,XLB,,,,
Mordekaiser,Sett,Akali,Syndra,10.11,Forge,xiaohu,,,,
Lee Sin,LeBlanc,Ezreal,Aphelios,10.11,iBOY,Betty,,,,
Trundle,Kassadin,Nautilus,Thresh,10.11,Hang,Ming,,,,
,,,,,,,Vici Gaming,Royal Never Give Up,red_side,blue_side
Sett,Varus,Wukong,Mordekaiser,10.11,New,Cube,,,,
Trundle,Syndra,Graves,Olaf,10.11,XLB,Aix,,,,
Kalista,Aphelios,Akali,Corki,10.11,xiaohu,Forge,,,,
Kassadin,Zoe,Ezreal,Miss Fortune,10.11,Betty,iBOY,,,,
LeBlanc,Twisted Fate,Leona,Nautilus,10.11,Ming,Hang,,,,
,,,,,,,Royal Never Give Up,Vici Gaming,blue_side,red_side
Syndra,Varus,Ornn,Aatrox,10.11,Crazy,369,,,,
LeBlanc,Kalista,Trundle,Lee Sin,10.11,Youdang,Karsa,,,,
Senna,Ezreal,Azir,Kassadin,10.11,Ruby,Knight,,,,
Wukong,Nautilus,Aphelios,Miss Fortune,10.11,ZWuJi,Qiuqiu,,,,
Zoe,Leona,Bard,Thresh,10.11,Ley,yuyanjia,,,,
,,,,,,,Rogue Warriors,Top Esports,red_side,blue_side
Kalista,Syndra,Mordekaiser,Wukong,10.11,369,Holder,,,,
Aphelios,Varus,Jarvan IV,Trundle,10.11,Karsa,Youdang,,,,
Thresh,Lee Sin,Diana,LeBlanc,10.11,Knight,Ruby,,,,
Vayne,Kassadin,Ezreal,Lucian,10.11,Qiuqiu,ZWuJi,,,,
Kaisa,Zoe,Leona,Yuumi,10.11,yuyanjia,Ley,,,,
,,,,,,,Top Esports,Rogue Warriors,blue_side,red_side
Wukong,Varus,Renekton,Mordekaiser,10.11,Khan,chenlun17,,,,
Syndra,Rumble,Nidalee,Lee Sin,10.11,Tian,Xx,,,,
Kalista,Aphelios,Jayce,Zoe,10.11,Doinb,Maple,,,,
LeBlanc,Nautilus,Ezreal,Ashe,10.11,Lwx,Light,,,,
Ornn,Yuumi,Leona,Karma,10.11,Crisp,Duan,,,,
,,,,,,,Funplus Phoenix,LNG Esports,blue_side,red_side
Rumble,Varus,Wukong,Ornn,10.11,chenlun17,Khan,,,,
Nidalee,Syndra,Jarvan IV,Trundle,10.11,Xx,Tian,,,,
Ezreal,Kalista,Galio,Sylas,10.11,Maple,Doinb,,,,
Mordekaiser,Graves,Aphelios,Miss Fortune,10.11,Light,Lwx,,,,
Kassadin,LeBlanc,Nautilus,Leona,10.11,Duan,Crisp,,,,
,,,,,,,LNG Esports,Funplus Phoenix,blue_side,red_side
Syndra,Varus,Wukong,Sylas,10.11,Khan,chenlun17,,,,
Mordekaiser,Nidalee,Graves,Jarvan IV,10.11,Tian,Xx,,,,
Kalista,Thresh,Galio,Zoe,10.11,Doinb,Maple,,,,
Ornn,Rumble,Ezreal,Aphelios,10.11,Lwx,Light,,,,
Renekton,Yuumi,Nautilus,Leona,10.11,Crisp,Duan,,,,
,,,,,,,Funplus Phoenix,LNG Esports,red_side,blue_side
Jarvan IV,Varus,Hecarim,Wukong,10.11,Garvey,Xiaobai,,,,
Sett,Nidalee,Trundle,Lee Sin,10.11,Peanut,Wei,,,,
Graves,Syndra,Twisted Fate,Zoe,10.11,xiye,fenfen,,,,
Thresh,Kassadin,Aphelios,Ezreal,10.11,Kramer,Wink,,,,
Bard,LeBlanc,Karma,Blitzcrank,10.11,Mark,ShiauC,,,,
,,,,,,,LGD Gaming,eStar,red_side,blue_side
Jarvan IV,Varus,Ornn,Wukong,10.11,Langx,CJJ,,,,
Sett,Nidalee,Kindred,Trundle,10.11,Peanut,Wei,,,,
Ezreal,Graves,Syndra,Ekko,10.11,xiye,fenfen,,,,
Galio,Tahm Kench,Ashe,Aphelios,10.11,Kramer,Wink,,,,
Bard,Renekton,Thresh,Blitzcrank,10.11,Mark,ShiauC,,,,
,,,,,,,LGD Gaming,eStar,blue_side,red_side
Jarvan IV,Varus,Hecarim,Wukong,10.11,Langx,Xiaobai,,,,
Sett,Nidalee,Olaf,Graves,10.11,Peanut,Wei,,,,
Trundle,Syndra,Twisted Fate,Galio,10.11,xiye,fenfen,,,,
Karma,Zoe,Ezreal,Kalista,10.11,Kramer,Wink,,,,
Kassadin,Ornn,Yuumi,Thresh,10.11,Mark,ShiauC,,,,
,,,,,,,LGD Gaming,eStar,blue_side,red_side
Karma,Varus,Jayce,Renekton,10.11,Breathe,Biubiu,,,,
Kalista,LeBlanc,Jarvan IV,Graves,10.11,H4cker,WeiWei,,,,
Syndra,Sett,Zoe,Twisted Fate,10.11,icon,Mole,,,,
Ornn,Olaf,Ezreal,Aphelios,10.11,SmLz,Hans SamD,,,,
Wukong,Lee Sin,Yuumi,Thresh,10.11,cold,Ppgod,,,,
,,,,,,,OMG,Victory Five,red_side,blue_side
LeBlanc,Graves,Renekton,Gangplank,10.11,Biubiu,Breathe,,,,
Sett,Varus,Lee Sin,Olaf,10.11,WeiWei,H4cker,,,,
Jayce,Zoe,Syndra,Ekko,10.11,Mole,icon,,,,
Trundle,Nautilus,Kalista,Aphelios,10.11,Hans SamD,SmLz,,,,
Jarvan IV,Bard,Taric,Thresh,10.11,Ppgod,cold,,,,
,,,,,,,Victory Five,OMG,red_side,blue_side
Graves,Varus,Wukong,Renekton,10.11,Breathe,Biubiu,,,,
Kalista,LeBlanc,Trundle,Kindred,10.11,H4cker,WeiWei,,,,
Zoe,Thresh,Galio,Syndra,10.11,icon,Mole,,,,
Jarvan IV,Ekko,Aphelios,Miss Fortune,10.11,SmLz,Hans SamD,,,,
Olaf,Diana,Sett,Bard,10.11,cold,Ppgod,,,,
,,,,,,,OMG,Victory Five,red_side,blue_side
LeBlanc,Varus,Wukong,Maokai,10.11,Cube,kingen,,,,
Trundle,Renekton,Jarvan IV,Olaf,10.11,Aix,l3est16,,,,
Yuumi,Ornn,Syndra,Zoe,10.11,Forge,FoFo,,,,
Hecarim,Graves,Kalista,Ezreal,10.11,iBOY,Wings,,,,
No ban,RekSai,Nautilus,Tahm Kench,10.11,Hang,XinMo,,,,
,,,,,,,Vici Gaming,Bilibili Gaming,blue_side,red_side
LeBlanc,Varus,Jayce,Camille,10.11,Cube,kingen,,,,
Yuumi,Renekton,Trundle,Graves,10.11,Aix,l3est16,,,,
Zoe,Syndra,Kassadin,Twisted Fate,10.11,Forge,FoFo,,,,
Hecarim,Mordekaiser,Tahm Kench,Kalista,10.11,Hang,Wings,,,,
Irelia,Wukong,Senna,Bard,10.11,iBOY,XinMo,,,,
,,,,,,,Vici Gaming,Bilibili Gaming,blue_side,red_side
Graves,Varus,Ornn,Renekton,10.11,Morgan,Bin,,,,
Wukong,Kalista,Ekko,Jarvan IV,10.11,beishang,SofM,,,,
Ezreal,Karma,Pantheon,Syndra,10.11,Teacherma,Angel,,,,
Mordekaiser,Sett,Aphelios,Miss Fortune,10.11,Elk,huanfeng,,,,
Azir,Bard,Leona,Thresh,10.11,Missing,SwordArt,,,,
,,,,,,,Team WE,Suning,blue_side,red_side
Kalista,Varus,Renekton,Aatrox,10.11,Bin,Morgan,,,,
Karma,Wukong,Trundle,Jarvan IV,10.11,SofM,beishang,,,,
Pantheon,Graves,Kassadin,Aurelion Sol,10.11,Angel,Teacherma,,,,
Galio,LeBlanc,Aphelios,Ezreal,10.11,huanfeng,Elk,,,,
Rumble,Azir,Bard,Thresh,10.11,SwordArt,Missing,,,,
,,,,,,,Suning,Team WE,blue_side,red_side
Kassadin,Kalista,Renekton,Aatrox,10.11,Morgan,Bin,,,,
Wukong,Varus,Ekko,Graves,10.11,beishang,SofM,,,,
Ezreal,Aphelios,Sett,Zoe,10.11,Teacherma,Angel,,,,
Thresh,Karma,Miss Fortune,Ashe,10.11,Elk,huanfeng,,,,
Mordekaiser,Jarvan IV,Galio,Bard,10.11,Missing,SwordArt,,,,
,,,,,,,Team WE,Suning,red_side,blue_side
Sett,Varus,Renekton,Wukong,10.11,Aliez,New,,,,
Senna,Syndra,Trundle,Jarvan IV,10.11,H4cker,XLB,,,,
Graves,Kalista,Zoe,Twisted Fate,10.11,icon,xiaohu,,,,
Galio,Thresh,Aphelios,Miss Fortune,10.11,SmLz,Betty,,,,
Azir,Leona,Braum,Nautilus,10.11,cold,Ming,,,,
,,,,,,,OMG,Royal Never Give Up,red_side,blue_side
LeBlanc,Senna,Ornn,Renekton,10.11,New,Breathe,,,,
Sett,Varus,Lee Sin,Trundle,10.11,XLB,H4cker,,,,
Kalista,Graves,Syndra,Diana,10.11,xiaohu,icon,,,,
Rumble,Jarvan IV,Miss Fortune,Aphelios,10.11,Betty,SmLz,,,,
Wukong,Hecarim,Nautilus,Thresh,10.11,Ming,cold,,,,
,,,,,,,Royal Never Give Up,OMG,blue_side,red_side
Nidalee,Varus,Aatrox,Camille,10.11,Biubiu,Natural,,,,
RekSai,Syndra,Lee Sin,Graves,10.11,WeiWei,Xiaopeng,,,,
Zilean,Karma,Zoe,Cassiopeia,10.11,Mole,Twila,,,,
Jarvan IV,Ornn,Kalista,Aphelios,10.11,Hans SamD,Helper,,,,
Wukong,Renekton,Thresh,Nautilus,10.11,Ppgod,Mitsuki,,,,
,,,,,,,Victory Five,Dominus Esports,blue_side,red_side
LeBlanc,Varus,Renekton,Wukong,10.11,Natural,Biubiu,,,,
Ornn,Nidalee,Elise,Trundle,10.11,Xiaopeng,WeiWei,,,,
Karma,RekSai,Syndra,Zoe,10.11,Twila,Mole,,,,
Blitzcrank,Aphelios,Miss Fortune,Kalista,10.11,Helper,Hans SamD,,,,
Nautilus,Ashe,Thresh,Bard,10.11,Mitsuki,Ppgod,,,,
,,,,,,,Dominus Esports,Victory Five,red_side,blue_side
Twisted Fate,Varus,Jayce,Aatrox,10.11,chenlun17,Bin,,,,
Karma,Yuumi,Trundle,Jarvan IV,10.11,Xx,SofM,,,,
Graves,Kalista,Zoe,Syndra,10.11,Maple,Angel,,,,
Wukong,Thresh,Aphelios,Ezreal,10.11,Light,huanfeng,,,,
Bard,Ornn,Nautilus,Sett,10.11,Iwandy,SwordArt,,,,
,,,,,,,LNG Esports,Suning,red_side,blue_side
Twisted Fate,Varus,Renekton,Wukong,10.11,chenlun17,Bin,,,,
Karma,Yuumi,Nidalee,Lee Sin,10.11,Xx,SofM,,,,
Ezreal,Kalista,Syndra,LeBlanc,10.11,Maple,Angel,,,,
Bard,Graves,Maokai,Aphelios,10.11,Iwandy,huanfeng,,,,
Nautilus,RekSai,Senna,Thresh,10.11,Light,SwordArt,,,,
,,,,,,,LNG Esports,Suning,red_side,blue_side
Karma,Varus,Aatrox,Renekton,10.11,Aodi,Morgan,,,,
Ornn,Graves,Nidalee,Elise,10.11,JunJia,beishang,,,,
Galio,Trundle,Syndra,Aurelion Sol,10.11,Scout,Teacherma,,,,
Thresh,Azir,Kalista,Aphelios,10.11,Hope,Elk,,,,
Pantheon,Irelia,Sett,Nautilus,10.11,meiko,Missing,,,,
,,,,,,,Edward Gaming,Team WE,blue_side,red_side
Karma,Varus,Aatrox,Renekton,10.11,Aodi,Morgan,,,,
Ornn,Graves,Nidalee,Lee Sin,10.11,JunJia,beishang,,,,
Galio,Trundle,Rumble,Aurelion Sol,10.11,Scout,Teacherma,,,,
Thresh,Azir,Kalista,Aphelios,10.11,Hope,Elk,,,,
Nautilus,Syndra,Sett,Leona,10.11,meiko,Missing,,,,
,,,,,,,Edward Gaming,Team WE,red_side,blue_side
Karma,Varus,Aatrox,Renekton,10.11,Aodi,Morgan,,,,
Ornn,Graves,Lee Sin,Trundle,10.11,Jiejie,beishang,,,,
Aphelios,Azir,Syndra,Galio,10.11,Scout,Teacherma,,,,
Ezreal,Mordekaiser,Kalista,Ashe,10.11,Hope,Elk,,,,
Kaisa,Wukong,Thresh,Sett,10.11,meiko,Missing,,,,
,,,,,,,Edward Gaming,Team WE,red_side,blue_side
