blue_bans,red_bans,blue_picks,red_picks,patch,blue_roster,red_roster,blue_side,red_side,winner,loser
Vi,Kalista,Fiora,Renekton,12.14,fearness,Breathe,,,,
Poppy,Wukong,Xin Zhao,Viego,12.14,Shad0w,Wei,,,,
Lissandra,Draven,Taliyah,Galio,12.14,YeG,xiaohu,,,,
Jax,Sivir,Twitch,Zeri,12.14,Assum,GALA,,,,
Gnar,Nilah,Yuumi,Lulu,12.14,jinjiao,Ming,,,,
,,,,,,,LGD Gaming,Royal Never Give Up,red_side,blue_side
Kalista,Taliyah,Akali,Gwen,12.14,Breathe,fearness,,,,
Fiora,Poppy,Wukong,Viego,12.14,Wei,Shad0w,,,,
Draven,Galio,Lissandra,Ahri,12.14,xiaohu,YeG,,,,
Yuumi,Kennen,Zeri,Nilah,12.14,GALA,Assum,,,,
Gnar,Irelia,Nautilus,Pyke,12.14,Ming,jinjiao,,,,
,,,,,,,Royal Never Give Up,LGD Gaming,red_side,blue_side
Vi,Kalista,Fiora,Jax,12.14,fearness,Breathe,,,,
Poppy,Wukong,Viego,Xin Zhao,12.14,Shad0w,Wei,,,,
Taliyah,Nilah,Ahri,LeBlanc,12.14,YeG,xiaohu,,,,
Yuumi,Renata Glasc,Draven,Zeri,12.14,Assum,GALA,,,,
Ryze,Pyke,Leona,Nautilus,12.14,jinjiao,Ming,,,,
,,,,,,,LGD Gaming,Royal Never Give Up,blue_side,red_side
Sylas,Taliyah,Gwen,Fiora,12.14,Hery,Demon,,,,
Vi,Zeri,Wukong,Trundle,12.14,H4cker,View,,,,
Kalista,Renata Glasc,Ryze,Lissandra,12.14,Cryin,Shanks,,,,
Azir,LeBlanc,Lucian,Aphelios,12.14,Elk,Xing,,,,
Jax,Galio,Nami,Lulu,12.14,Miaoniu,Kedaya,,,,
,,,,,,,Ultra Prime,Team WE,blue_side,red_side
Taliyah,Aphelios,Gnar,Gangplank,12.14,Demon,Hery,,,,
Poppy,Kalista,Wukong,Lee Sin,12.14,View,H4cker,,,,
Xin Zhao,Zeri,Lissandra,Ahri,12.14,Shanks,Cryin,,,,
LeBlanc,Sylas,Varus,Lucian,12.14,Xing,Elk,,,,
Gwen,Azir,Lulu,Nami,12.14,Kedaya,Miaoniu,,,,
,,,,,,,Team WE,Ultra Prime,red_side,blue_side
Poppy,Kalista,Sejuani,Aatrox,12.14,Zdz,Qingtian,,,,
LeBlanc,Amumu,Wukong,Vi,12.14,Xiaohao,Tian,,,,
Zeri,Gwen,Vex,Sylas,12.14,Harder,Knight,,,,
Ahri,Ryze,Aphelios,Lucian,12.14,Betty,JackeyLove,,,,
Taliyah,Azir,Nautilus,Nami,12.14,Qiuqiu,Mark,,,,
,,,,,,,Anyone s Legend,Top Esports,red_side,blue_side
Kalista,Poppy,Sejuani,Gnar,12.14,Qingtian,Zdz,,,,
Amumu,LeBlanc,Vi,Xin Zhao,12.14,Tian,Xiaohao,,,,
Gwen,Wukong,Akali,Sylas,12.14,Knight,Harder,,,,
Azir,Taliyah,Zeri,Lucian,12.14,JackeyLove,Betty,,,,
Ryze,Ahri,Yuumi,Nami,12.14,Mark,Qiuqiu,,,,
,,,,,,,Top Esports,Anyone s Legend,blue_side,red_side
Lucian,Azir,Sejuani,Aatrox,12.14,Hoya,Cube,,,,
Zeri,Taliyah,Poppy,Nidalee,12.14,Beichuan,Leyan,,,,
Sivir,Kalista,Sylas,Zoe,12.14,Ucal,Strive,,,,
Jax,Braum,Aphelios,Jinx,12.14,Kepler,iBOY,,,,
Renekton,Leona,Alistar,Nautilus,12.14,yaoyao,yuyanjia,,,,
,,,,,,,TT,Rare Atom,blue_side,red_side
Azir,Zeri,Rumble,Sejuani,12.14,Cube,Hoya,,,,
Poppy,Sivir,Pantheon,Vi,12.14,Leyan,Beichuan,,,,
Wukong,Lucian,Sylas,Taliyah,12.14,Strive,Ucal,,,,
Nautilus,Gwen,Kalista,Aphelios,12.14,iBOY,Kepler,,,,
Alistar,Jax,Renata Glasc,Braum,12.14,yuyanjia,yaoyao,,,,
,,,,,,,Rare Atom,TT,blue_side,red_side
Lucian,Azir,Sejuani,Renekton,12.14,Hoya,Cube,,,,
Zeri,Taliyah,Poppy,Nidalee,12.14,Beichuan,Leyan,,,,
Sivir,Kalista,Sylas,Zoe,12.14,Ucal,Strive,,,,
Jax,Braum,Aphelios,Jinx,12.14,Kepler,iBOY,,,,
Gwen,Alistar,Leona,Nautilus,12.14,yaoyao,yuyanjia,,,,
,,,,,,,TT,Rare Atom,red_side,blue_side
Fiora,Kennen,Sejuani,Olaf,12.14,TheShy,Ale,,,,
Lucian,Gwen,Poppy,Trundle,12.14,SofM,Tarzan,,,,
Yuumi,Kalista,Azir,Akali,12.14,Angel,Doinb,,,,
Taliyah,Rakan,Sivir,Zeri,12.14,huanfeng,Light,,,,
Gnar,Renata Glasc,Pyke,Alistar,12.14,ON,LvMao,,,,
,,,,,,,Weibo Gaming,LNG Esports,red_side,blue_side
Fiora,Kennen,Gnar,Sejuani,12.14,TheShy,Ale,,,,
Lucian,Gwen,Poppy,Trundle,12.14,SofM,Tarzan,,,,
Zeri,Kalista,Sylas,Taliyah,12.14,Angel,Doinb,,,,
Olaf,Pyke,Sivir,Aphelios,12.14,huanfeng,Light,,,,
Lulu,Yuumi,Rakan,Renata Glasc,12.14,ON,LvMao,,,,
,,,,,,,Weibo Gaming,LNG Esports,red_side,blue_side
Fiora,Nidalee,Gwen,Gnar,12.14,Zika,fearness,,,,
Kalista,Jax,Wukong,Vi,12.14,XUN,Kui,,,,
Zeri,Draven,Ahri,LeBlanc,12.14,Mole,Haichao,,,,
Nautilus,Sivir,Miss Fortune,Aphelios,12.14,Ahn,Assum,,,,
Renata Glasc,Rakan,Leona,Alistar,12.14,Wink,jinjiao,,,,
,,,,,,,Invictus Gaming,LGD Gaming,red_side,blue_side
Fiora,Nidalee,Gwen,Gnar,12.14,Zika,fearness,,,,
Kalista,Jax,Wukong,Xin Zhao,12.14,XUN,Kui,,,,
Zeri,Draven,Taliyah,Ahri,12.14,Mole,Haichao,,,,
Renata Glasc,Vex,Xayah,Aphelios,12.14,Ahn,Assum,,,,
Nautilus,Sylas,Rakan,Tahm Kench,12.14,Wink,jinjiao,,,,
,,,,,,,Invictus Gaming,LGD Gaming,blue_side,red_side
Fiora,Nidalee,Gwen,Akali,12.14,Zika,fearness,,,,
Kalista,Jax,Xin Zhao,Vi,12.14,XUN,Kui,,,,
Zeri,Wukong,Sylas,Ahri,12.14,Mole,Haichao,,,,
Braum,Vex,Draven,Aphelios,12.14,Ahn,Assum,,,,
Alistar,Taliyah,Nautilus,Leona,12.14,Wink,jinjiao,,,,
,,,,,,,Invictus Gaming,LGD Gaming,blue_side,red_side
Lucian,Sylas,Sejuani,Ornn,12.14,Hoya,Zoom,,,,
Sivir,Azir,Poppy,Trundle,12.14,Beichuan,H4cker,,,,
Zeri,Kalista,Taliyah,Lissandra,12.14,Ucal,Cryin,,,,
Kennen,Gwen,Jinx,Aphelios,12.14,Kepler,Elk,,,,
Yuumi,Lulu,Nautilus,Renata Glasc,12.14,yaoyao,Miaoniu,,,,
,,,,,,,TT,Ultra Prime,blue_side,red_side
Lucian,Azir,Sejuani,Mordekaiser,12.14,Hoya,Zoom,,,,
Sivir,Poppy,Vi,Wukong,12.14,Beichuan,H4cker,,,,
Zeri,Kalista,Taliyah,Lissandra,12.14,Ucal,Cryin,,,,
Kennen,Gwen,Jinx,Aphelios,12.14,Kepler,Elk,,,,
Lulu,Tahm Kench,Leona,Renata Glasc,12.14,yaoyao,Miaoniu,,,,
,,,,,,,TT,Ultra Prime,blue_side,red_side
Lucian,Sylas,Gwen,Kennen,12.14,Demon,Summit,,,,
Yuumi,Zeri,Trundle,Poppy,12.14,View,Clid,,,,
Taliyah,Kalista,Ryze,Ahri,12.14,Shanks,Care,,,,
Ashe,LeBlanc,Aphelios,Sivir,12.14,Xing,Lwx,,,,
Gnar,Azir,Lulu,Pyke,12.14,Kedaya,Hang,,,,
,,,,,,,Team WE,Funplus Phoenix,red_side,blue_side
Sylas,Lucian,Gnar,Jax,12.14,Summit,Demon,,,,
Aphelios,Kalista,Wukong,Vi,12.14,Clid,View,,,,
LeBlanc,Ahri,Swain,Lissandra,12.14,Care,Shanks,,,,
Fiora,Zoe,Zeri,Sivir,12.14,Lwx,Xing,,,,
Azir,Galio,Lulu,Yuumi,12.14,Hang,Kedaya,,,,
,,,,,,,Funplus Phoenix,Team WE,blue_side,red_side
Poppy,Nidalee,Jax,Sejuani,12.14,Zika,shanji,,,,
Sylas,Kalista,Wukong,Xin Zhao,12.14,XUN,AKi,,,,
Zeri,Draven,Ahri,Akali,12.14,Mole,Creme,,,,
LeBlanc,Aphelios,Samira,Sivir,12.14,Ahn,Able,,,,
Vex,Alistar,Nautilus,Yuumi,12.14,Wink,cold,,,,
,,,,,,,Invictus Gaming,OMG,blue_side,red_side
Nidalee,Poppy,Rumble,Jax,12.14,shanji,Zika,,,,
Kalista,Sylas,Xin Zhao,Viego,12.14,AKi,XUN,,,,
Vi,Wukong,Ahri,Galio,12.14,Creme,Mole,,,,
Draven,Zeri,Ezreal,Aphelios,12.14,Able,Ahn,,,,
Rakan,Samira,Nautilus,Renata Glasc,12.14,cold,Wink,,,,
,,,,,,,OMG,Invictus Gaming,blue_side,red_side
Poppy,Nidalee,Jax,Rumble,12.14,Zika,shanji,,,,
Sylas,Kalista,Vi,Xin Zhao,12.14,XUN,AKi,,,,
Zeri,Wukong,Vex,Ahri,12.14,Mole,Creme,,,,
Samira,Draven,Aphelios,Ezreal,12.14,Ahn,Able,,,,
Sivir,Rakan,Tahm Kench,Nautilus,12.14,Wink,cold,,,,
,,,,,,,Invictus Gaming,OMG,red_side,blue_side
Sylas,Poppy,Gragas,Gangplank,12.14,Flandre,Zdz,,,,
Swain,Zeri,Trundle,Wukong,12.14,JunJia,Xiaohao,,,,
Kalista,Taliyah,Azir,Akali,12.14,Scout,Forge,,,,
LeBlanc,Renata Glasc,Draven,Aphelios,12.14,Viper,Betty,,,,
Ahri,Sett,Braum,Nautilus,12.14,meiko,Qiuqiu,,,,
,,,,,,,Edward Gaming,Anyone s Legend,blue_side,red_side
Poppy,Sylas,Gwen,Jax,12.14,Zdz,Flandre,,,,
Taliyah,Swain,Viego,Wukong,12.14,Xiaohao,JunJia,,,,
Azir,Xin Zhao,Ahri,Lissandra,12.14,Forge,Scout,,,,
Renata Glasc,Trundle,Kalista,Draven,12.14,Betty,Viper,,,,
Gnar,Pantheon,Amumu,Braum,12.14,Qiuqiu,meiko,,,,
,,,,,,,Anyone s Legend,Edward Gaming,red_side,blue_side
Kalista,Poppy,Sejuani,Ornn,12.14,Wayward,Rich,,,,
Taliyah,Zeri,Viego,Wukong,12.14,Tian,XLB,,,,
Lissandra,Trundle,Sylas,Orianna,12.14,Knight,RooKie,,,,
Ahri,Vi,KogMaw,Lucian,12.14,JackeyLove,Photic,,,,
Gwen,Jax,Lulu,Nami,12.14,Mark,Ppgod,,,,
,,,,,,,Top Esports,Victory Five,red_side,blue_side
Kalista,Poppy,Gragas,Aatrox,12.14,Wayward,Rich,,,,
Taliyah,Zeri,Trundle,Wukong,12.14,Tian,XLB,,,,
Lucian,Gwen,LeBlanc,Sylas,12.14,Knight,RooKie,,,,
Gnar,Sejuani,Sivir,Seraphine,12.14,JackeyLove,Ppgod,,,,
Gangplank,Ornn,Yuumi,Senna,12.14,Mark,Photic,,,,
,,,,,,,Top Esports,Victory Five,red_side,blue_side
Nidalee,Fiora,Gwen,Gnar,12.14,fearness,Cube,,,,
Jax,Kalista,Vi,Pantheon,12.14,Kui,Leyan,,,,
Poppy,Wukong,Ahri,Sylas,12.14,Haichao,Strive,,,,
LeBlanc,Sivir,Twitch,Zeri,12.14,Assum,iBOY,,,,
Taliyah,Draven,Yuumi,Pyke,12.14,jinjiao,Zorah,,,,
,,,,,,,LGD Gaming,Rare Atom,red_side,blue_side
Fiora,Nidalee,Jax,Kennen,12.14,Cube,fearness,,,,
Draven,Pantheon,RekSai,Vi,12.14,Leyan,Kui,,,,
Wukong,Kalista,LeBlanc,Ahri,12.14,Strive,Haichao,,,,
Nautilus,Xin Zhao,Zeri,Sivir,12.14,iBOY,Assum,,,,
Pyke,Trundle,Yuumi,Ashe,12.14,Zorah,jinjiao,,,,
,,,,,,,Rare Atom,LGD Gaming,red_side,blue_side
Fiora,Nidalee,Gwen,Gnar,12.14,Cube,fearness,,,,
Draven,Pantheon,Wukong,Graves,12.14,Leyan,Kui,,,,
Vi,Kalista,Azir,Taliyah,12.14,Strive,Haichao,,,,
Ahri,Sylas,Sivir,Zeri,12.14,iBOY,Assum,,,,
LeBlanc,Vex,Rakan,Alistar,12.14,Zorah,jinjiao,,,,
,,,,,,,Rare Atom,LGD Gaming,red_side,blue_side
Sylas,Kalista,Jax,Gwen,12.14,Bin,Demon,,,,
Aphelios,Yuumi,Xin Zhao,Poppy,12.14,WeiWei,View,,,,
Sivir,Gnar,Lissandra,Swain,12.14,icon,Shanks,,,,
Azir,Gangplank,Zeri,Lucian,12.14,Doggo,Xing,,,,
LeBlanc,Fiora,Lulu,Nami,12.14,Crisp,Kedaya,,,,
,,,,,,,Bilibili Gaming,Team WE,blue_side,red_side
Gnar,Sylas,Fiora,Renekton,12.14,Demon,Bin,,,,
Poppy,Zeri,Wukong,Vi,12.14,View,WeiWei,,,,
Draven,Kalista,Ryze,LeBlanc,12.14,Shanks,icon,,,,
Trundle,Lissandra,Aphelios,Lucian,12.14,Xing,Doggo,,,,
Lee Sin,Ahri,Renata Glasc,Nami,12.14,Kedaya,Crisp,,,,
,,,,,,,Team WE,Bilibili Gaming,blue_side,red_side
Sylas,Kalista,Gnar,Fiora,12.14,Bin,Demon,,,,
Aphelios,Yuumi,Trundle,Poppy,12.14,WeiWei,View,,,,
Sivir,Zeri,Lissandra,LeBlanc,12.14,icon,Shanks,,,,
Nautilus,Jax,Lucian,Tahm Kench,12.14,Doggo,Kedaya,,,,
Xayah,Ahri,Nami,Senna,12.14,Crisp,Xing,,,,
,,,,,,,Bilibili Gaming,Team WE,blue_side,red_side
Wukong,Kalista,Gnar,Gangplank,12.14,Hoya,Breathe,,,,
Zeri,Azir,Poppy,Trundle,12.14,Beichuan,Wei,,,,
Gwen,Sylas,Ahri,Taliyah,12.14,Ucal,xiaohu,,,,
Jax,Kaisa,Twitch,Sivir,12.14,Kepler,GALA,,,,
Fiora,Aphelios,Alistar,Braum,12.14,yaoyao,Ming,,,,
,,,,,,,TT,Royal Never Give Up,red_side,blue_side
Kalista,Zeri,Gnar,Sejuani,12.14,Breathe,Hoya,,,,
Azir,Sivir,Trundle,Poppy,12.14,Wei,Beichuan,,,,
Sylas,Wukong,Taliyah,Ahri,12.14,xiaohu,Ucal,,,,
Kennen,Gwen,Aphelios,Jinx,12.14,GALA,Kepler,,,,
Tahm Kench,Fiora,Nautilus,Braum,12.14,Ming,yaoyao,,,,
,,,,,,,Royal Never Give Up,TT,blue_side,red_side
Swain,Wukong,Sejuani,Camille,12.14,369,Zdz,,,,
Sylas,Lucian,Vi,Pantheon,12.14,Kanavi,Xiaohao,,,,
Kalista,Viego,Taliyah,Ahri,12.14,Yagao,Forge,,,,
Gangplank,Yuumi,Zeri,Sivir,12.14,Hope,Betty,,,,
Gwen,Alistar,Lulu,Amumu,12.14,Missing,Qiuqiu,,,,
,,,,,,,JD Gaming,Anyone s Legend,blue_side,red_side
Taliyah,Kalista,Gwen,Gnar,12.14,Zdz,369,,,,
Vi,Wukong,Trundle,Xin Zhao,12.14,Xiaohao,Kanavi,,,,
Lucian,Sylas,LeBlanc,Ahri,12.14,Forge,Yagao,,,,
Poppy,Lee Sin,Zeri,Sivir,12.14,Betty,Hope,,,,
Kennen,Gangplank,Lulu,Yuumi,12.14,Qiuqiu,Missing,,,,
,,,,,,,Anyone s Legend,JD Gaming,red_side,blue_side
Azir,Draven,Sejuani,Ornn,12.14,Rich,Zoom,,,,
Kalista,Gwen,Xin Zhao,Wukong,12.14,XLB,H4cker,,,,
Trundle,Poppy,Taliyah,Ryze,12.14,RooKie,Cryin,,,,
Swain,Vi,Sivir,Zeri,12.14,Photic,Elk,,,,
Lissandra,Pantheon,Yuumi,Lulu,12.14,Ppgod,Miaoniu,,,,
,,,,,,,Victory Five,Ultra Prime,blue_side,red_side
Azir,Draven,Sejuani,Ornn,12.14,Rich,Zoom,,,,
Kalista,Gwen,Viego,Xin Zhao,12.14,XLB,H4cker,,,,
Trundle,Poppy,Taliyah,Lissandra,12.14,RooKie,Cryin,,,,
Renekton,Vi,Sivir,Zeri,12.14,Photic,Elk,,,,
Lee Sin,Wukong,Yuumi,Lulu,12.14,Ppgod,Miaoniu,,,,
,,,,,,,Victory Five,Ultra Prime,red_side,blue_side
Azir,Draven,Ornn,Sejuani,12.14,Rich,Zoom,,,,
Kalista,Gwen,Wukong,Xin Zhao,12.14,XLB,H4cker,,,,
Trundle,Poppy,Ahri,LeBlanc,12.14,RooKie,Cryin,,,,
Taliyah,Fiora,Sivir,Zeri,12.14,Photic,Elk,,,,
Lissandra,Sylas,Yuumi,Lulu,12.14,Ppgod,Miaoniu,,,,
,,,,,,,Victory Five,Ultra Prime,blue_side,red_side
Poppy,Lucian,Ornn,Kennen,12.14,Summit,TheShy,,,,
Gwen,Zeri,Trundle,Wukong,12.14,Clid,SofM,,,,
Draven,Ahri,Vex,Sylas,12.14,Care,Angel,,,,
Yuumi,Jax,Kalista,Sivir,12.14,Lwx,huanfeng,,,,
Gnar,Sejuani,Renata Glasc,Pyke,12.14,Hang,ON,,,,
,,,,,,,Funplus Phoenix,Weibo Gaming,red_side,blue_side
Lucian,Poppy,Fiora,Gwen,12.14,TheShy,Summit,,,,
Yuumi,Kalista,Wukong,Lee Sin,12.14,SofM,Clid,,,,
Ahri,Draven,Azir,Sylas,12.14,Angel,Care,,,,
Xin Zhao,Kennen,Zeri,Sivir,12.14,huanfeng,Lwx,,,,
Vi,Jax,Pyke,Rakan,12.14,ON,Hang,,,,
,,,,,,,Weibo Gaming,Funplus Phoenix,blue_side,red_side
Kalista,Poppy,Gwen,Jax,12.14,Breathe,Zika,,,,
Nidalee,Taliyah,Vi,Xin Zhao,12.14,Wei,XUN,,,,
Draven,Wukong,Ahri,Vex,12.14,xiaohu,Mole,,,,
Lissandra,Zeri,Lucian,Aphelios,12.14,GALA,Ahn,,,,
LeBlanc,Sivir,Nami,Nautilus,12.14,Ming,Wink,,,,
,,,,,,,Royal Never Give Up,Invictus Gaming,blue_side,red_side
Kalista,Poppy,Gwen,Jax,12.14,Breathe,Zika,,,,
Nidalee,Taliyah,Vi,Xin Zhao,12.14,Wei,XUN,,,,
Draven,Wukong,Ahri,Galio,12.14,xiaohu,Mole,,,,
Lissandra,Zeri,Tahm Kench,Aphelios,12.14,Ming,Ahn,,,,
LeBlanc,Sivir,Senna,Nautilus,12.14,GALA,Wink,,,,
,,,,,,,Royal Never Give Up,Invictus Gaming,red_side,blue_side
Kalista,Poppy,Gragas,Jax,12.14,Breathe,Zika,,,,
Nidalee,Taliyah,Vi,Viego,12.14,Wei,XUN,,,,
Draven,Wukong,LeBlanc,Lissandra,12.14,xiaohu,Mole,,,,
Xin Zhao,Kennen,Zeri,Aphelios,12.14,GALA,Ahn,,,,
Galio,Gangplank,Leona,Nautilus,12.14,Ming,Wink,,,,
,,,,,,,Royal Never Give Up,Invictus Gaming,blue_side,red_side
Samira,Kalista,Jax,Sejuani,12.14,Bin,shanji,,,,
Sylas,Fiora,Wukong,Vi,12.14,WeiWei,AKi,,,,
Tristana,Poppy,Azir,Ahri,12.14,icon,Creme,,,,
Alistar,Lissandra,Sivir,Zeri,12.14,Doggo,Able,,,,
Amumu,LeBlanc,Yuumi,Lulu,12.14,Crisp,cold,,,,
,,,,,,,Bilibili Gaming,OMG,blue_side,red_side
Kalista,Samira,Gwen,Gnar,12.14,shanji,Bin,,,,
Fiora,Poppy,Wukong,Trundle,12.14,AKi,WeiWei,,,,
Azir,Sylas,Akali,LeBlanc,12.14,Creme,icon,,,,
Xin Zhao,Vex,Tristana,Zeri,12.14,Able,Doggo,,,,
Jax,Ahri,Nautilus,Yuumi,12.14,cold,Crisp,,,,
,,,,,,,OMG,Bilibili Gaming,red_side,blue_side
Poppy,Fiora,Gnar,Sejuani,12.14,fearness,Wayward,,,,
Sylas,Kalista,Pantheon,Vi,12.14,Kui,Tian,,,,
Draven,Lucian,Taliyah,Ahri,12.14,Haichao,Knight,,,,
Xin Zhao,Trundle,Jinx,Sivir,12.14,Assum,JackeyLove,,,,
Wukong,Viego,Nautilus,Yuumi,12.14,jinjiao,Mark,,,,
,,,,,,,LGD Gaming,Top Esports,red_side,blue_side
Fiora,Poppy,Gwen,Gnar,12.14,Wayward,fearness,,,,
Kalista,No ban,Wukong,Viego,12.14,Tian,Kui,,,,
LeBlanc,Taliyah,Ahri,Sylas,12.14,Knight,Haichao,,,,
Nautilus,Senna,Zeri,Draven,12.14,JackeyLove,Assum,,,,
Renata Glasc,Lucian,Braum,Pyke,12.14,Mark,jinjiao,,,,
,,,,,,,Top Esports,LGD Gaming,blue_side,red_side
Taliyah,Zeri,Jax,Gragas,12.14,Cube,PandaC,,,,
Ryze,Nidalee,Pantheon,Viego,12.14,Leyan,Tarzan,,,,
Poppy,Wukong,Zoe,Lissandra,12.14,Strive,Doinb,,,,
Renekton,LeBlanc,Kalista,Draven,12.14,iBOY,Light,,,,
Sylas,Ahri,Ashe,Renata Glasc,12.14,Zorah,LvMao,,,,
,,,,,,,Rare Atom,LNG Esports,blue_side,red_side
Nidalee,Poppy,Gwen,Jayce,12.14,PandaC,Cube,,,,
Jax,Taliyah,Sejuani,Trundle,12.14,Tarzan,Leyan,,,,
Kalista,Wukong,Renekton,Sylas,12.14,Doinb,Strive,,,,
Pantheon,Ryze,Zeri,Lucian,12.14,Light,iBOY,,,,
LeBlanc,Lissandra,Yuumi,Nami,12.14,LvMao,Zorah,,,,
,,,,,,,LNG Esports,Rare Atom,blue_side,red_side
Taliyah,Zeri,Gnar,Renekton,12.14,Cube,PandaC,,,,
Ryze,Jax,Nidalee,Vi,12.14,Leyan,Tarzan,,,,
Poppy,Kalista,LeBlanc,Galio,12.14,Strive,Doinb,,,,
Diana,Lulu,Xayah,Lucian,12.14,iBOY,Light,,,,
Gwen,Nautilus,Rakan,Nami,12.14,Zorah,LvMao,,,,
,,,,,,,Rare Atom,LNG Esports,blue_side,red_side
Gnar,Taliyah,Gwen,Jax,12.14,Demon,Flandre,,,,
Poppy,Azir,Wukong,Pantheon,12.14,View,JunJia,,,,
Kalista,Aphelios,Ryze,Galio,12.14,Shanks,Scout,,,,
LeBlanc,Zeri,Jinx,Draven,12.14,Xing,Viper,,,,
Ahri,Lucian,Braum,Rakan,12.14,Kedaya,meiko,,,,
,,,,,,,Team WE,Edward Gaming,red_side,blue_side
Fiora,Kalista,Yone,Gnar,12.14,Flandre,Demon,,,,
Trundle,Draven,Poppy,Viego,12.14,Jiejie,View,,,,
Gwen,Taliyah,LeBlanc,Azir,12.14,Scout,Shanks,,,,
Alistar,Yuumi,Sivir,Aphelios,12.14,Viper,Xing,,,,
Jax,Karma,Nautilus,Renata Glasc,12.14,meiko,Kedaya,,,,
,,,,,,,Edward Gaming,Team WE,blue_side,red_side
Lucian,Gnar,Kennen,Gangplank,12.14,TheShy,369,,,,
Wukong,Poppy,Pantheon,Xin Zhao,12.14,SofM,Kanavi,,,,
Yuumi,Zeri,Taliyah,Ahri,12.14,Angel,Yagao,,,,
Vi,Gwen,Aphelios,Kalista,12.14,huanfeng,Hope,,,,
Sejuani,Leona,Blitzcrank,Renata Glasc,12.14,ON,Missing,,,,
,,,,,,,Weibo Gaming,JD Gaming,red_side,blue_side
Gnar,Lucian,Sejuani,Shyvana,12.14,369,TheShy,,,,
Poppy,Zeri,Wukong,Viego,12.14,Kanavi,SofM,,,,
Gwen,Ahri,Sylas,Taliyah,12.14,Yagao,Angel,,,,
Blitzcrank,LeBlanc,Aphelios,Kalista,12.14,Hope,huanfeng,,,,
Leona,Azir,Renata Glasc,Ashe,12.14,Missing,ON,,,,
,,,,,,,JD Gaming,Weibo Gaming,blue_side,red_side
Poppy,Zeri,Fiora,Renekton,12.14,fearness,xiaoxiang,,,,
Azir,Kalista,Viego,Wukong,12.14,Shad0w,Beichuan,,,,
Sivir,Taliyah,Ahri,Ryze,12.14,YeG,Ucal,,,,
Gnar,Senna,Ezreal,Aphelios,12.14,Eric,Kepler,,,,
Gwen,Lucian,Leona,Nautilus,12.14,jinjiao,yaoyao,,,,
,,,,,,,LGD Gaming,TT,blue_side,red_side
Fiora,Azir,Akali,Gwen,12.14,xiaoxiang,fearness,,,,
Ahri,Taliyah,Poppy,Trundle,12.14,Beichuan,Shad0w,,,,
Zeri,Kalista,Sylas,Ryze,12.14,Ucal,YeG,,,,
Yuumi,Gnar,Aphelios,Sivir,12.14,Kepler,Eric,,,,
Lulu,Kennen,Leona,Braum,12.14,yaoyao,jinjiao,,,,
,,,,,,,TT,LGD Gaming,blue_side,red_side
Azir,Zeri,Gnar,Gwen,12.14,fearness,xiaoxiang,,,,
Poppy,Fiora,Lee Sin,Wukong,12.14,Shad0w,Beichuan,,,,
Kalista,Viego,Taliyah,Sylas,12.14,YeG,Ucal,,,,
Yuumi,Trundle,Tahm Kench,Sivir,12.14,jinjiao,Kepler,,,,
Rakan,Xin Zhao,Senna,Leona,12.14,Eric,yaoyao,,,,
,,,,,,,LGD Gaming,TT,red_side,blue_side
Taliyah,Zeri,Gnar,Sylas,12.13,Bin,Rich,,,,
Kalista,Poppy,Viego,Xin Zhao,12.13,WeiWei,XLB,,,,
Wukong,Renata Glasc,Ahri,Lissandra,12.13,icon,RooKie,,,,
Gwen,Ryze,Aphelios,Lucian,12.13,Doggo,Photic,,,,
Vi,Trundle,Lulu,Nami,12.13,Crisp,Ppgod,,,,
,,,,,,,Bilibili Gaming,Victory Five,red_side,blue_side
Gwen,Taliyah,Renekton,Camille,12.13,Rich,Bin,,,,
Jax,Draven,Poppy,Xin Zhao,12.13,XLB,WeiWei,,,,
Kalista,Gnar,Sylas,Ryze,12.13,RooKie,icon,,,,
Gangplank,Gragas,Lucian,Zeri,12.13,Photic,Doggo,,,,
Fiora,Sejuani,Nami,Yuumi,12.13,Ppgod,Crisp,,,,
,,,,,,,Victory Five,Bilibili Gaming,blue_side,red_side
Draven,Kalista,Sejuani,Fiora,12.13,Cube,Zika,,,,
Gnar,Zeri,Wukong,Vi,12.13,Leyan,XUN,,,,
Viego,Poppy,Azir,Taliyah,12.13,Strive,Mole,,,,
Ahri,Sylas,Sivir,Aphelios,12.13,iBOY,Ahn,,,,
Gwen,Jax,Yuumi,Renata Glasc,12.13,Zorah,Wink,,,,
,,,,,,,Rare Atom,Invictus Gaming,red_side,blue_side
Kalista,Wukong,Gwen,Jax,12.13,Zika,Cube,,,,
Poppy,Viego,Vi,Nidalee,12.13,XUN,Leyan,,,,
Zeri,Renata Glasc,Taliyah,Ahri,12.13,Mole,Strive,,,,
Xin Zhao,Blitzcrank,Draven,Aphelios,12.13,Ahn,iBOY,,,,
Trundle,Nautilus,Pyke,Braum,12.13,Wink,Zorah,,,,
,,,,,,,Invictus Gaming,Rare Atom,red_side,blue_side
Renata Glasc,Kalista,Kennen,Jax,12.13,Cube,Zika,,,,
Viego,Nidalee,Poppy,Wukong,12.13,Leyan,XUN,,,,
Taliyah,Aphelios,Sylas,Zoe,12.13,Strive,Mole,,,,
Draven,Lucian,Ezreal,Xayah,12.13,iBOY,Ahn,,,,
Zeri,Sivir,Braum,Rakan,12.13,Zorah,Wink,,,,
,,,,,,,Rare Atom,Invictus Gaming,red_side,blue_side
Poppy,Gnar,Gangplank,Gragas,12.13,Summit,Zoom,,,,
Taliyah,Zeri,Wukong,Lee Sin,12.13,Clid,H4cker,,,,
Renata Glasc,Ahri,Lissandra,Swain,12.13,Care,Cryin,,,,
Azir,Sylas,Lucian,Aphelios,12.13,Lwx,Elk,,,,
Ryze,Galio,Nami,Lulu,12.13,Hang,Miaoniu,,,,
,,,,,,,Funplus Phoenix,Ultra Prime,blue_side,red_side
Poppy,Gnar,Gwen,Kennen,12.13,Summit,Zoom,,,,
Taliyah,Zeri,Wukong,Lee Sin,12.13,Clid,H4cker,,,,
Renata Glasc,Ahri,Zoe,Azir,12.13,Care,Cryin,,,,
Ryze,Sylas,Lucian,Aphelios,12.13,Lwx,Elk,,,,
Lissandra,Galio,Nami,Lulu,12.13,Hang,Miaoniu,,,,
,,,,,,,Funplus Phoenix,Ultra Prime,blue_side,red_side
Poppy,Zeri,Gwen,Gnar,12.13,Zdz,Breathe,,,,
Lissandra,Kalista,Xin Zhao,Vi,12.13,Xiaohao,Wei,,,,
Lucian,Wukong,Sylas,Taliyah,12.13,Forge,xiaohu,,,,
Tristana,Gangplank,Sivir,KogMaw,12.13,Betty,GALA,,,,
Aphelios,Jax,Yuumi,Lulu,12.13,Qiuqiu,Ming,,,,
,,,,,,,Anyone s Legend,Royal Never Give Up,red_side,blue_side
Kalista,Poppy,Gwen,Jax,12.13,Breathe,Zdz,,,,
Swain,Lucian,Wukong,Lee Sin,12.13,Wei,Xiaohao,,,,
Sylas,Ahri,Lissandra,Akali,12.13,xiaohu,Forge,,,,
Yuumi,Renata Glasc,Sivir,Zeri,12.13,GALA,Betty,,,,
Gangplank,Gnar,Rakan,Alistar,12.13,Ming,Qiuqiu,,,,
,,,,,,,Royal Never Give Up,Anyone s Legend,blue_side,red_side
Draven,Sylas,Kennen,Gwen,12.13,Demon,PandaC,,,,
Taliyah,Zeri,Trundle,Elise,12.13,View,Tarzan,,,,
Sivir,Gnar,Swain,Renekton,12.13,Shanks,Doinb,,,,
Diana,Jax,Aphelios,Kalista,12.13,Xing,Light,,,,
Nidalee,Fiora,Renata Glasc,Amumu,12.13,Kedaya,LvMao,,,,
,,,,,,,Team WE,LNG Esports,red_side,blue_side
Sylas,Kalista,Jax,Gwen,12.13,PandaC,Demon,,,,
Gnar,Renekton,Viego,Xin Zhao,12.13,Tarzan,View,,,,
Fiora,Renata Glasc,Taliyah,Ahri,12.13,Doinb,Shanks,,,,
Vi,Lissandra,Zeri,Lucian,12.13,Light,Xing,,,,
Poppy,Trundle,Yuumi,Nami,12.13,LvMao,Kedaya,,,,
,,,,,,,LNG Esports,Team WE,blue_side,red_side
Kalista,Samira,Gwen,Gragas,12.13,shanji,Rich,,,,
Taliyah,Zeri,Poppy,Trundle,12.13,AKi,XLB,,,,
Gnar,Shyvana,Sylas,Orianna,12.13,Creme,RooKie,,,,
Azir,Yuumi,Sivir,Aphelios,12.13,Able,Photic,,,,
Ahri,Karma,Ashe,Renata Glasc,12.13,cold,Ppgod,,,,
,,,,,,,OMG,Victory Five,blue_side,red_side
Kalista,Samira,Gwen,Lillia,12.13,shanji,Rich,,,,
Taliyah,Zeri,Vi,Wukong,12.13,AKi,XLB,,,,
Gnar,Poppy,Sylas,Ahri,12.13,Creme,RooKie,,,,
Senna,Sivir,Aphelios,Jinx,12.13,Able,Photic,,,,
Yone,Renata Glasc,Lulu,Tahm Kench,12.13,cold,Ppgod,,,,
,,,,,,,OMG,Victory Five,red_side,blue_side
Kalista,Samira,Gwen,Lillia,12.13,shanji,Rich,,,,
Taliyah,Zeri,Xin Zhao,Wukong,12.13,AKi,XLB,,,,
Gnar,Poppy,Sylas,Ahri,12.13,Creme,RooKie,,,,
Tahm Kench,Lulu,Aphelios,Sivir,12.13,Able,Photic,,,,
Lucian,Renata Glasc,Amumu,Braum,12.13,cold,Ppgod,,,,
,,,,,,,OMG,Victory Five,blue_side,red_side
Kalista,Zeri,Gnar,Sejuani,12.13,Breathe,369,,,,
Poppy,Taliyah,Viego,Wukong,12.13,Wei,Kanavi,,,,
Sivir,Ahri,Twisted Fate,Ryze,12.13,xiaohu,Yagao,,,,
Azir,Lissandra,Aphelios,Lucian,12.13,GALA,Hope,,,,
LeBlanc,Galio,Nautilus,Nami,12.13,Ming,Missing,,,,
,,,,,,,Royal Never Give Up,JD Gaming,red_side,blue_side
Ahri,Zeri,Kennen,Gnar,12.13,369,Breathe,,,,
Sivir,Kalista,Wukong,Poppy,12.13,Kanavi,Wei,,,,
Taliyah,Renata Glasc,Sylas,Azir,12.13,Yagao,xiaohu,,,,
Galio,LeBlanc,Aphelios,Lucian,12.13,Hope,GALA,,,,
Jax,Sejuani,Lulu,Nami,12.13,Missing,Ming,,,,
,,,,,,,JD Gaming,Royal Never Give Up,red_side,blue_side
Kalista,Zeri,Kennen,Gnar,12.13,Breathe,369,,,,
Poppy,Taliyah,Wukong,Trundle,12.13,Wei,Kanavi,,,,
Renata Glasc,Ahri,Sylas,Azir,12.13,xiaohu,Yagao,,,,
Viego,Jax,Aphelios,Lucian,12.13,GALA,Hope,,,,
Vi,Sejuani,Nautilus,Nami,12.13,Ming,Missing,,,,
,,,,,,,Royal Never Give Up,JD Gaming,blue_side,red_side
Poppy,Sylas,Gwen,Gnar,12.13,Cube,Flandre,,,,
Lucian,Jax,Trundle,Wukong,12.13,Leyan,JunJia,,,,
Zeri,Viego,Taliyah,Azir,12.13,Strive,Scout,,,,
Senna,Kalista,Jinx,Aphelios,12.13,iBOY,Viper,,,,
Braum,Sivir,Nautilus,Renata Glasc,12.13,yuyanjia,meiko,,,,
,,,,,,,Rare Atom,Edward Gaming,red_side,blue_side
Gnar,Zeri,Gragas,Ornn,12.13,Flandre,Cube,,,,
Jax,Taliyah,Poppy,Wukong,12.13,JunJia,Leyan,,,,
Trundle,Renata Glasc,Ahri,Azir,12.13,Scout,Strive,,,,
Gwen,Amumu,Kalista,Aphelios,12.13,Viper,iBOY,,,,
Braum,Gangplank,Nautilus,Tahm Kench,12.13,meiko,yuyanjia,,,,
,,,,,,,Edward Gaming,Rare Atom,blue_side,red_side
Fiora,Sylas,Kennen,Gnar,12.13,TheShy,fearness,,,,
Renata Glasc,Taliyah,Poppy,Viego,12.13,SofM,Kui,,,,
Zeri,Sivir,Azir,Ahri,12.13,Angel,Haichao,,,,
Kalista,Yuumi,Tahm Kench,Aphelios,12.13,ON,Assum,,,,
Draven,Pyke,Senna,Nautilus,12.13,huanfeng,jinjiao,,,,
,,,,,,,Weibo Gaming,LGD Gaming,blue_side,red_side
Poppy,Fiora,Gnar,Kennen,12.13,fearness,TheShy,,,,
Sylas,Kalista,Xin Zhao,Viego,12.13,Kui,SofM,,,,
Sivir,Draven,Ahri,Taliyah,12.13,Haichao,Angel,,,,
Yuumi,Wukong,Aphelios,Zeri,12.13,Assum,huanfeng,,,,
Rakan,Renata Glasc,Alistar,Leona,12.13,jinjiao,ON,,,,
,,,,,,,LGD Gaming,Weibo Gaming,red_side,blue_side
Azir,Zeri,Sejuani,Gnar,12.13,Wayward,Hoya,,,,
Kalista,Taliyah,Viego,Poppy,12.13,Tian,Beichuan,,,,
Ryze,Senna,Sylas,Vex,12.13,Knight,Ucal,,,,
Renata Glasc,Draven,Sivir,Aphelios,12.13,JackeyLove,Kepler,,,,
Ahri,Lucian,Yuumi,Leona,12.13,Mark,yaoyao,,,,
,,,,,,,Top Esports,TT,blue_side,red_side
Senna,Azir,Sylas,Gnar,12.13,Hoya,Wayward,,,,
Sivir,Zeri,Nocturne,Poppy,12.13,Beichuan,Tian,,,,
Draven,Kalista,Taliyah,Ahri,12.13,Ucal,Knight,,,,
Lucian,Viego,Aphelios,Jinx,12.13,Kepler,JackeyLove,,,,
Ezreal,Nautilus,Rakan,Tahm Kench,12.13,yaoyao,Mark,,,,
,,,,,,,TT,Top Esports,red_side,blue_side
Ahri,Taliyah,Gnar,Jax,12.13,Bin,Summit,,,,
Lee Sin,Poppy,Xin Zhao,Viego,12.13,WeiWei,Clid,,,,
Lucian,Draven,Lissandra,Swain,12.13,icon,Care,,,,
Sylas,Ryze,Zeri,Sivir,12.13,Doggo,Lwx,,,,
Wukong,Azir,Lulu,Yuumi,12.13,Crisp,Hang,,,,
,,,,,,,Bilibili Gaming,Funplus Phoenix,blue_side,red_side
Ahri,Taliyah,Jax,Gnar,12.13,Bin,Summit,,,,
Lee Sin,Draven,Trundle,Xin Zhao,12.13,WeiWei,Clid,,,,
Lucian,Poppy,Sylas,Akali,12.13,icon,Care,,,,
Wukong,Azir,Zeri,Sivir,12.13,Doggo,Lwx,,,,
Vi,Lissandra,Lulu,Yuumi,12.13,Crisp,Hang,,,,
,,,,,,,Bilibili Gaming,Funplus Phoenix,blue_side,red_side
Nidalee,Kalista,Gnar,Jax,12.13,Zoom,Zika,,,,
Renata Glasc,Taliyah,Lee Sin,Viego,12.13,H4cker,XUN,,,,
Wukong,Poppy,Swain,Ahri,12.13,Cryin,Mole,,,,
Nautilus,Lissandra,Zeri,Draven,12.13,Elk,Ahn,,,,
No ban,Galio,Braum,Pyke,12.13,ShiauC,Wink,,,,
,,,,,,,Ultra Prime,Invictus Gaming,red_side,blue_side
Kalista,Nidalee,Gnar,Sejuani,12.13,Zika,Zoom,,,,
Poppy,Wukong,Xin Zhao,Viego,12.13,XUN,H4cker,,,,
Lee Sin,Draven,Taliyah,Lissandra,12.13,Mole,Cryin,,,,
Gangplank,Aphelios,Sivir,Zeri,12.13,Ahn,Elk,,,,
Alistar,Nautilus,Yuumi,Lulu,12.13,Wink,ShiauC,,,,
,,,,,,,Invictus Gaming,Ultra Prime,red_side,blue_side
Nidalee,Kalista,Gnar,Jax,12.13,Zoom,Zika,,,,
Draven,Zeri,Viego,Vi,12.13,H4cker,XUN,,,,
Wukong,Poppy,Taliyah,Zoe,12.13,Cryin,Mole,,,,
Ahri,Lucian,Jinx,Aphelios,12.13,Elk,Ahn,,,,
Lee Sin,Sivir,Tahm Kench,Renata Glasc,12.13,ShiauC,Wink,,,,
,,,,,,,Ultra Prime,Invictus Gaming,red_side,blue_side
Kalista,Samira,Gwen,Gangplank,12.13,shanji,Zdz,,,,
Swain,Zeri,Poppy,Trundle,12.13,AKi,Xiaohao,,,,
Lee Sin,Sylas,Akali,Taliyah,12.13,Creme,Forge,,,,
Lucian,Rumble,Aphelios,Draven,12.13,Able,Betty,,,,
Miss Fortune,Renata Glasc,Braum,Amumu,12.13,cold,Qiuqiu,,,,
,,,,,,,OMG,Anyone s Legend,blue_side,red_side
Samira,Kalista,Gnar,Shyvana,12.13,Zdz,shanji,,,,
Poppy,Wukong,Lee Sin,Xin Zhao,12.13,Xiaohao,AKi,,,,
Akali,Lucian,Taliyah,Sylas,12.13,Forge,Creme,,,,
Rumble,Braum,Zeri,Tristana,12.13,Betty,Able,,,,
Vi,Gangplank,Renata Glasc,Nautilus,12.13,Qiuqiu,cold,,,,
,,,,,,,Anyone s Legend,OMG,red_side,blue_side
Sivir,Draven,Fiora,Jax,12.13,fearness,Demon,,,,
Taliyah,Kalista,Viego,Wukong,12.13,Kui,View,,,,
Poppy,Lucian,Ahri,Sylas,12.13,Haichao,Shanks,,,,
Yuumi,Akali,Aphelios,Zeri,12.13,Assum,Xing,,,,
Rakan,Ryze,Renata Glasc,Lulu,12.13,jinjiao,Kedaya,,,,
,,,,,,,LGD Gaming,Team WE,blue_side,red_side
Draven,Sivir,Sejuani,Ornn,12.13,Biubiu,fearness,,,,
Fiora,Taliyah,Lee Sin,Viego,12.13,View,Kui,,,,
Renata Glasc,Kalista,Sylas,LeBlanc,12.13,Shanks,Haichao,,,,
Ahri,Gangplank,Aphelios,Zeri,12.13,Xing,Assum,,,,
Akali,Gwen,Nautilus,Braum,12.13,Kedaya,jinjiao,,,,
,,,,,,,Team WE,LGD Gaming,blue_side,red_side
Sylas,Kalista,Gnar,Gangplank,12.13,fearness,Biubiu,,,,
Taliyah,Fiora,Trundle,Viego,12.13,Kui,View,,,,
Sivir,Draven,Ahri,Swain,12.13,Haichao,Shanks,,,,
Lissandra,Wukong,Jinx,Aphelios,12.13,Assum,Xing,,,,
Azir,Xin Zhao,Renata Glasc,Nautilus,12.13,jinjiao,Kedaya,,,,
,,,,,,,LGD Gaming,Team WE,blue_side,red_side
Senna,Viego,Gwen,Gangplank,12.13,369,Rich,,,,
Gnar,Zeri,Vi,Poppy,12.13,Kanavi,Karsa,,,,
Taliyah,Belveth,Ahri,Swain,12.13,Yagao,RooKie,,,,
Sylas,Trundle,Aphelios,Kalista,12.13,Hope,Photic,,,,
Gragas,Xin Zhao,Renata Glasc,Amumu,12.13,Missing,Ppgod,,,,
,,,,,,,JD Gaming,Victory Five,blue_side,red_side
Belveth,Zeri,Gangplank,Gnar,12.13,Rich,369,,,,
Viego,Taliyah,Lee Sin,Vi,12.13,Karsa,Kanavi,,,,
Aphelios,Senna,Sylas,Azir,12.13,RooKie,Yagao,,,,
Xin Zhao,Poppy,Draven,Kalista,12.13,Photic,Hope,,,,
Wukong,Sejuani,Renata Glasc,Tahm Kench,12.13,Ppgod,Missing,,,,
,,,,,,,Victory Five,JD Gaming,red_side,blue_side
Azir,Lucian,Gnar,Gragas,12.13,Ale,Flandre,,,,
Gangplank,Zeri,Skarner,Poppy,12.13,Tarzan,JunJia,,,,
Senna,Trundle,Swain,Taliyah,12.13,Doinb,Scout,,,,
Amumu,Viego,Aphelios,Kalista,12.13,Light,Viper,,,,
Nautilus,Sylas,Renata Glasc,Blitzcrank,12.13,LvMao,meiko,,,,
,,,,,,,LNG Esports,Edward Gaming,red_side,blue_side
Gnar,Zeri,Gwen,Gangplank,12.13,Flandre,Ale,,,,
Sylas,Azir,Poppy,Viego,12.13,JunJia,Tarzan,,,,
Sivir,Kalista,Taliyah,Lissandra,12.13,Scout,Doinb,,,,
Lucian,Vladimir,Aphelios,Miss Fortune,12.13,Viper,Light,,,,
Jinx,Gragas,Leona,Nautilus,12.13,meiko,LvMao,,,,
,,,,,,,Edward Gaming,LNG Esports,blue_side,red_side
Azir,Zeri,Irelia,Gnar,12.13,Summit,Hoya,,,,
Kalista,Lucian,Hecarim,Poppy,12.13,Clid,Beichuan,,,,
Taliyah,Sivir,Sylas,Ryze,12.13,Care,Ucal,,,,
Renata Glasc,Gangplank,Tahm Kench,Aphelios,12.13,Hang,Kepler,,,,
Lulu,Jax,Senna,Braum,12.13,Lwx,yaoyao,,,,
,,,,,,,Funplus Phoenix,TT,red_side,blue_side
Lucian,Azir,Gnar,Jax,12.13,Hoya,Summit,,,,
Sivir,Sylas,Viego,Xin Zhao,12.13,Beichuan,Clid,,,,
Ahri,Poppy,Ryze,Taliyah,12.13,Ucal,Care,,,,
Lee Sin,Kalista,Kaisa,Zeri,12.13,Kepler,Lwx,,,,
Wukong,Jinx,Nautilus,Braum,12.13,yaoyao,Hang,,,,
,,,,,,,TT,Funplus Phoenix,red_side,blue_side
Azir,Zeri,Gnar,Gwen,12.13,Summit,Hoya,,,,
Taliyah,Lucian,Wukong,Poppy,12.13,Clid,Beichuan,,,,
Sylas,Sivir,Viktor,Swain,12.13,Care,Ucal,,,,
Ryze,Ahri,Aphelios,Kalista,12.13,Lwx,Kepler,,,,
Gangplank,Trundle,Renata Glasc,Amumu,12.13,Hang,yaoyao,,,,
,,,,,,,Funplus Phoenix,TT,red_side,blue_side
Lissandra,Renata Glasc,Gnar,Jax,12.13,Cube,Breathe,,,,
Lucian,Sylas,Viego,Wukong,12.13,Leyan,Wei,,,,
Poppy,Ahri,Viktor,Taliyah,12.13,Strive,xiaohu,,,,
Irelia,LeBlanc,Zeri,Sivir,12.13,iBOY,GALA,,,,
Nautilus,Yuumi,Rakan,Leona,12.13,yuyanjia,Ming,,,,
,,,,,,,Rare Atom,Royal Never Give Up,red_side,blue_side
Renata Glasc,Zeri,Gnar,Jax,12.13,Breathe,Cube,,,,
Sylas,Taliyah,Wukong,Viego,12.13,Wei,Leyan,,,,
Kalista,Lucian,Ahri,Lissandra,12.13,xiaohu,Strive,,,,
Aphelios,Jinx,Tahm Kench,Sivir,12.13,Ming,iBOY,,,,
Twitch,Ezreal,Senna,Yuumi,12.13,GALA,yuyanjia,,,,
,,,,,,,Royal Never Give Up,Rare Atom,blue_side,red_side
Gnar,Zeri,Gangplank,Gwen,12.13,shanji,TheShy,,,,
Kalista,Samira,Viego,Poppy,12.13,AKi,SofM,,,,
Renata Glasc,Sylas,Viktor,Taliyah,12.13,Creme,Angel,,,,
Yuumi,Sejuani,Aphelios,Sivir,12.13,Able,huanfeng,,,,
Kennen,Alistar,Braum,Nautilus,12.13,cold,ON,,,,
,,,,,,,OMG,Weibo Gaming,red_side,blue_side
Gnar,Zeri,Kennen,Jayce,12.13,shanji,TheShy,,,,
Kalista,Samira,Trundle,Poppy,12.13,AKi,SofM,,,,
Taliyah,Sylas,Viktor,Ahri,12.13,Creme,Angel,,,,
Gwen,Sejuani,Aphelios,Sivir,12.13,Able,huanfeng,,,,
Gragas,Gangplank,Alistar,Rakan,12.13,cold,ON,,,,
,,,,,,,OMG,Weibo Gaming,red_side,blue_side
Lee Sin,Zeri,Gnar,Camille,12.13,Wayward,Zoom,,,,
Wukong,Ahri,Poppy,Xin Zhao,12.13,Tian,H4cker,,,,
Renata Glasc,Viego,Taliyah,Azir,12.13,Knight,Cryin,,,,
Kalista,Draven,Tahm Kench,Aphelios,12.13,Mark,Elk,,,,
Lucian,KogMaw,Senna,Lulu,12.13,JackeyLove,Miaoniu,,,,
,,,,,,,Top Esports,Ultra Prime,blue_side,red_side
Ahri,Zeri,Gangplank,Gnar,12.13,Zoom,Wayward,,,,
Sylas,Taliyah,Lee Sin,Poppy,12.13,H4cker,Tian,,,,
Renata Glasc,Azir,Lissandra,Swain,12.13,Cryin,Knight,,,,
Tahm Kench,Aphelios,Xayah,Lucian,12.13,Elk,JackeyLove,,,,
Draven,Kalista,Nautilus,Nami,12.13,ShiauC,Mark,,,,
,,,,,,,Ultra Prime,Top Esports,red_side,blue_side
Senna,Zeri,Sejuani,Gnar,12.13,Breathe,Flandre,,,,
Renata Glasc,Lissandra,Wukong,Viego,12.13,Wei,Jiejie,,,,
Trundle,Poppy,Taliyah,Azir,12.13,xiaohu,Scout,,,,
Draven,Sivir,Lucian,Aphelios,12.13,GALA,Viper,,,,
Kalista,Jinx,Nami,Nautilus,12.13,Ming,meiko,,,,
,,,,,,,Royal Never Give Up,Edward Gaming,blue_side,red_side
Lissandra,Renata Glasc,Gragas,Gwen,12.13,Flandre,Breathe,,,,
Ahri,Gnar,Trundle,Poppy,12.13,JunJia,Wei,,,,
Sivir,Zeri,Taliyah,Azir,12.13,Scout,xiaohu,,,,
Gangplank,Vladimir,Aphelios,Jinx,12.13,Viper,GALA,,,,
Tahm Kench,Kennen,Sett,Nautilus,12.13,meiko,Ming,,,,
,,,,,,,Edward Gaming,Royal Never Give Up,blue_side,red_side
Renata Glasc,Zeri,Gangplank,Gnar,12.13,Breathe,Flandre,,,,
Trundle,Lucian,Viego,Poppy,12.13,Wei,JunJia,,,,
Senna,Lissandra,Taliyah,Sylas,12.13,xiaohu,Scout,,,,
Sett,Sejuani,Aphelios,Draven,12.13,GALA,Viper,,,,
Vladimir,Tahm Kench,Nautilus,Leona,12.13,Ming,meiko,,,,
,,,,,,,Royal Never Give Up,Edward Gaming,blue_side,red_side
Gnar,Zeri,Sejuani,Jax,12.13,369,Bin,,,,
Renata Glasc,Kalista,Xin Zhao,Diana,12.13,Kanavi,can,,,,
Azir,Ahri,Taliyah,Renekton,12.13,Yagao,icon,,,,
Yuumi,Alistar,Aphelios,Sivir,12.13,Hope,Rise,,,,
Fiora,Gangplank,Lulu,Seraphine,12.13,Missing,Crisp,,,,
,,,,,,,JD Gaming,Bilibili Gaming,blue_side,red_side
Lucian,Zeri,Gangplank,Gragas,12.13,Bin,369,,,,
Lissandra,Gnar,Viego,Poppy,12.13,can,Kanavi,,,,
Kalista,Renata Glasc,Ahri,Taliyah,12.13,icon,Yagao,,,,
Sejuani,Fiora,Sivir,Aphelios,12.13,Rise,Hope,,,,
Vi,Jax,Yuumi,Lulu,12.13,Crisp,Missing,,,,
,,,,,,,Bilibili Gaming,JD Gaming,blue_side,red_side
Gnar,Zeri,Sejuani,Gwen,12.13,369,Bin,,,,
Sivir,Ahri,Wukong,Viego,12.13,Kanavi,can,,,,
Draven,Kalista,Taliyah,Sylas,12.13,Yagao,icon,,,,
Fiora,Lee Sin,Aphelios,Jinx,12.13,Hope,Rise,,,,
Azir,Vi,Nautilus,Renata Glasc,12.13,Missing,Crisp,,,,
,,,,,,,JD Gaming,Bilibili Gaming,blue_side,red_side
Nidalee,Poppy,Sejuani,Gnar,12.13,Biubiu,Zika,,,,
Jax,Sylas,Trundle,Xin Zhao,12.13,View,XUN,,,,
Wukong,Taliyah,Azir,Ahri,12.13,xiye,Mole,,,,
Gwen,Viego,Kalista,Draven,12.13,Xing,Ahn,,,,
Fiora,Gangplank,Renata Glasc,Blitzcrank,12.13,heal,Wink,,,,
,,,,,,,Team WE,Invictus Gaming,red_side,blue_side
Poppy,Nidalee,Gnar,Gangplank,12.13,Zika,Biubiu,,,,
Sylas,Wukong,Xin Zhao,Viego,12.13,XUN,View,,,,
Renata Glasc,Kalista,Taliyah,Ahri,12.13,Mole,xiye,,,,
Aphelios,Senna,Jinx,Zeri,12.13,Ahn,Xing,,,,
Rakan,Draven,Nautilus,Alistar,12.13,Wink,Kedaya,,,,
,,,,,,,Invictus Gaming,Team WE,red_side,blue_side
Nidalee,Poppy,Gnar,Camille,12.13,Biubiu,Zika,,,,
Jax,Sylas,Viego,Wukong,12.13,View,XUN,,,,
Renata Glasc,Zeri,Ahri,Taliyah,12.13,xiye,Mole,,,,
Irelia,Jinx,Kalista,Aphelios,12.13,Xing,Ahn,,,,
Sejuani,Sivir,Amumu,Alistar,12.13,Kedaya,Wink,,,,
,,,,,,,Team WE,Invictus Gaming,red_side,blue_side
Corki,Zeri,Sejuani,Gwen,12.13,Rich,PandaC,,,,
Poppy,Gnar,Trundle,Wukong,12.13,XLB,Tarzan,,,,
Renata Glasc,Kalista,Taliyah,Lissandra,12.13,RooKie,Doinb,,,,
Twisted Fate,RekSai,KogMaw,Lucian,12.13,Photic,Light,,,,
Galio,Xin Zhao,Lulu,Nami,12.13,Ppgod,LvMao,,,,
,,,,,,,Victory Five,LNG Esports,blue_side,red_side
Gnar,Zeri,Ornn,Gragas,12.13,PandaC,Rich,,,,
Kalista,Poppy,Wukong,Xin Zhao,12.13,Tarzan,XLB,,,,
Taliyah,Lucian,Swain,Yone,12.13,Doinb,RooKie,,,,
Azir,Sylas,Sivir,Seraphine,12.13,Light,Ppgod,,,,
Gangplank,Gwen,Yuumi,Senna,12.13,LvMao,Photic,,,,
,,,,,,,LNG Esports,Victory Five,red_side,blue_side
Azir,Zeri,Kennen,Gragas,12.13,TheShy,Hoya,,,,
Gnar,Poppy,Viego,Wukong,12.13,SofM,Beichuan,,,,
Nautilus,Twisted Fate,Taliyah,Sylas,12.13,Angel,Ucal,,,,
Gangplank,Renata Glasc,Aphelios,Kalista,12.13,huanfeng,Kepler,,,,
Sejuani,Rakan,Leona,Amumu,12.13,ON,yaoyao,,,,
,,,,,,,Weibo Gaming,TT,blue_side,red_side
Poppy,Zeri,Gragas,Gwen,12.13,Hoya,TheShy,,,,
Renata Glasc,Taliyah,Viego,Vi,12.13,Beichuan,SofM,,,,
Twisted Fate,Gnar,Azir,Seraphine,12.13,Ucal,Angel,,,,
Ahri,Nautilus,Jinx,Aphelios,12.13,Kepler,huanfeng,,,,
Kennen,Sejuani,Braum,Tahm Kench,12.13,yaoyao,ON,,,,
,,,,,,,TT,Weibo Gaming,blue_side,red_side
Azir,Zeri,Kennen,Gragas,12.13,TheShy,Hoya,,,,
Gnar,Poppy,Trundle,Viego,12.13,SofM,Beichuan,,,,
Kalista,Taliyah,Sylas,Swain,12.13,Angel,Ucal,,,,
Sejuani,Yuumi,Sivir,Aphelios,12.13,huanfeng,Kepler,,,,
Gangplank,Lulu,Pyke,Renata Glasc,12.13,ON,yaoyao,,,,
,,,,,,,Weibo Gaming,TT,blue_side,red_side
Jax,Zeri,Gnar,Sejuani,12.13,Flandre,Chelizi,,,,
Kalista,Senna,Trundle,Poppy,12.13,JunJia,Shad0w,,,,
Ahri,Azir,Sylas,Akali,12.13,Scout,Haichao,,,,
Taliyah,Nautilus,Draven,Aphelios,12.13,Viper,Assum,,,,
Ryze,Amumu,Blitzcrank,Renata Glasc,12.13,meiko,jinjiao,,,,
,,,,,,,Edward Gaming,LGD Gaming,blue_side,red_side
Jax,Zeri,Gnar,Sejuani,12.13,Flandre,Chelizi,,,,
Kalista,Senna,Poppy,Wukong,12.13,JunJia,Kui,,,,
Viego,Azir,Sylas,Akali,12.13,Scout,Haichao,,,,
Renata Glasc,Braum,Aphelios,Draven,12.13,Viper,Assum,,,,
Trundle,Tahm Kench,Sett,Nautilus,12.13,meiko,jinjiao,,,,
,,,,,,,Edward Gaming,LGD Gaming,blue_side,red_side
Gangplank,Poppy,Gnar,Camille,12.13,Summit,Zdz,,,,
Sylas,Renata Glasc,Trundle,Wukong,12.13,Clid,Xiaohao,,,,
Kalista,Zeri,Viktor,Taliyah,12.13,Care,Forge,,,,
Jax,Ahri,Lucian,Tahm Kench,12.13,Lwx,Qiuqiu,,,,
Swain,Lee Sin,Nami,Senna,12.13,Hang,Betty,,,,
,,,,,,,Funplus Phoenix,Anyone s Legend,blue_side,red_side
Poppy,Gangplank,Camille,Gnar,12.13,Zdz,Summit,,,,
Renata Glasc,Swain,Wukong,Viego,12.13,Xiaohao,Clid,,,,
Sylas,Amumu,Akali,Taliyah,12.13,Forge,Care,,,,
Lee Sin,Jax,Zeri,Kalista,12.13,Betty,Lwx,,,,
Nautilus,Yuumi,Alistar,Rakan,12.13,Qiuqiu,Hang,,,,
,,,,,,,Anyone s Legend,Funplus Phoenix,blue_side,red_side
Gangplank,Renata Glasc,Gnar,Jax,12.13,Summit,Zdz,,,,
Kalista,Lucian,Lee Sin,Wukong,12.13,Clid,Xiaohao,,,,
Sylas,Zeri,Ahri,Swain,12.13,Care,Forge,,,,
Senna,Aphelios,Sivir,Alistar,12.13,Lwx,Qiuqiu,,,,
Nautilus,Rakan,Yuumi,Ezreal,12.13,Hang,Betty,,,,
,,,,,,,Funplus Phoenix,Anyone s Legend,blue_side,red_side
Lissandra,Zeri,Gwen,Jax,12.12,Bin,Breathe,,,,
Taliyah,Renata Glasc,Wukong,Poppy,12.12,can,Wei,,,,
Ahri,Gnar,Azir,Viktor,12.12,FoFo,xiaohu,,,,
Corki,Leona,Aphelios,Jinx,12.12,Rise,GALA,,,,
Sylas,Thresh,Tahm Kench,Nautilus,12.12,Crisp,Ming,,,,
,,,,,,,Bilibili Gaming,Royal Never Give Up,red_side,blue_side
Renata Glasc,Zeri,Sejuani,Gangplank,12.12,Breathe,Bin,,,,
Sylas,Lucian,Poppy,Wukong,12.12,Wei,can,,,,
Senna,Lissandra,Taliyah,Ahri,12.12,xiaohu,icon,,,,
Gnar,Nautilus,Aphelios,Jinx,12.12,GALA,Rise,,,,
Fiora,Gwen,Tahm Kench,Braum,12.12,Ming,Crisp,,,,
,,,,,,,Royal Never Give Up,Bilibili Gaming,blue_side,red_side
Corki,Zeri,Gnar,Tryndamere,12.12,Wayward,Cube,,,,
Wukong,Senna,Vi,Viego,12.12,Tian,Leyan,,,,
Rakan,Poppy,Sylas,Taliyah,12.12,Knight,Strive,,,,
Jax,Ahri,Draven,Kalista,12.12,JackeyLove,iBOY,,,,
Kayle,Trundle,Renata Glasc,Amumu,12.12,Mark,yuyanjia,,,,
,,,,,,,Top Esports,Rare Atom,blue_side,red_side
Senna,Zeri,Vladimir,Gwen,12.12,Cube,Wayward,,,,
Poppy,Wukong,Xin Zhao,Viego,12.12,Leyan,Tian,,,,
Gnar,Renata Glasc,Taliyah,Sylas,12.12,Strive,Knight,,,,
Irelia,Rakan,Aphelios,Ezreal,12.12,iBOY,JackeyLove,,,,
Sejuani,Thresh,Nautilus,Leona,12.12,yuyanjia,Mark,,,,
,,,,,,,Rare Atom,Top Esports,red_side,blue_side
Azir,Poppy,Gwen,Tryndamere,12.12,PandaC,Zoom,,,,
Lee Sin,Wukong,Viego,Xin Zhao,12.12,Tarzan,H4cker,,,,
Kalista,Zeri,Sylas,Taliyah,12.12,Doinb,Cryin,,,,
Gnar,Lissandra,Lucian,Aphelios,12.12,Light,Elk,,,,
Gangplank,Corki,Nami,Renata Glasc,12.12,LvMao,ShiauC,,,,
,,,,,,,LNG Esports,Ultra Prime,blue_side,red_side
Poppy,Zeri,Sejuani,Gnar,12.12,Zoom,PandaC,,,,
Lucian,Lee Sin,Viego,Wukong,12.12,H4cker,Tarzan,,,,
Sylas,Kalista,Swain,Lissandra,12.12,Cryin,Doinb,,,,
Corki,Gangplank,Aphelios,Jinx,12.12,Elk,Light,,,,
Jax,Azir,Nautilus,Tahm Kench,12.12,ShiauC,LvMao,,,,
,,,,,,,Ultra Prime,LNG Esports,red_side,blue_side
Samira,Kalista,Gnar,Gangplank,12.12,Hoya,shanji,,,,
Poppy,Zeri,Viego,Wukong,12.12,Beichuan,AKi,,,,
Shyvana,Nautilus,Azir,Sylas,12.12,Ucal,Creme,,,,
Lulu,Renata Glasc,Aphelios,Jinx,12.12,Puff,Able,,,,
Yuumi,Lee Sin,Braum,Rakan,12.12,yaoyao,Jerry,,,,
,,,,,,,TT,OMG,blue_side,red_side
Kalista,Zeri,Lillia,Gwen,12.12,shanji,Hoya,,,,
Azir,Sylas,Poppy,Wukong,12.12,AKi,Beichuan,,,,
Gnar,Samira,Ahri,Seraphine,12.12,Creme,Ucal,,,,
Swain,Gangplank,Aphelios,Tahm Kench,12.12,Able,yaoyao,,,,
Taliyah,Shyvana,Lulu,Senna,12.12,Jerry,Puff,,,,
,,,,,,,OMG,TT,blue_side,red_side
Poppy,Kalista,Gnar,Gangplank,12.12,Hoya,shanji,,,,
Samira,Zeri,Viego,Lee Sin,12.12,Beichuan,AKi,,,,
Shyvana,Azir,Sylas,Akali,12.12,Ucal,Creme,,,,
Wukong,Nautilus,Jinx,Aphelios,12.12,Kepler,Able,,,,
Renata Glasc,Xin Zhao,Rakan,Lulu,12.12,yaoyao,Jerry,,,,
,,,,,,,TT,OMG,blue_side,red_side
Gangplank,Nidalee,Sejuani,Gragas,12.12,Zika,369,,,,
Poppy,Zeri,Wukong,Viego,12.12,XUN,Kanavi,,,,
Kalista,Jax,Sylas,Taliyah,12.12,Mole,Yagao,,,,
Ahri,Ashe,Jinx,Aphelios,12.12,Ahn,Hope,,,,
Sion,Gnar,Lulu,Renata Glasc,12.12,Wink,Missing,,,,
,,,,,,,Invictus Gaming,JD Gaming,red_side,blue_side
Nidalee,Gangplank,Gnar,Gwen,12.12,369,Zika,,,,
Senna,Poppy,Viego,Wukong,12.12,Kanavi,XUN,,,,
Galio,Renata Glasc,Lissandra,Ahri,12.12,Yagao,Mole,,,,
Jax,Gragas,Zeri,Jinx,12.12,Hope,Ahn,,,,
Nautilus,Kennen,Yuumi,Leona,12.12,Missing,Wink,,,,
,,,,,,,JD Gaming,Invictus Gaming,red_side,blue_side
Gangplank,Zeri,Renekton,Ornn,12.12,Zika,369,,,,
Poppy,Wukong,Nidalee,Viego,12.12,XUN,Kanavi,,,,
Renata Glasc,Jax,Lissandra,Taliyah,12.12,Mole,Yagao,,,,
Sett,Braum,Aphelios,Kalista,12.12,Ahn,Hope,,,,
Gragas,Gwen,Alistar,Nautilus,12.12,Wink,Missing,,,,
,,,,,,,Invictus Gaming,JD Gaming,red_side,blue_side
Gangplank,Zeri,Gwen,Kennen,12.12,Biubiu,Zdz,,,,
Lee Sin,Renata Glasc,Poppy,Wukong,12.12,beishang,Xiaohao,,,,
Senna,Gnar,Azir,Sylas,12.12,Shanks,Forge,,,,
Alistar,Amumu,Kalista,Aphelios,12.12,Xing,Betty,,,,
Jax,Rakan,Rell,Nautilus,12.12,Kedaya,Qiuqiu,,,,
,,,,,,,Team WE,Anyone s Legend,red_side,blue_side
Azir,Lee Sin,Jax,Gnar,12.12,Zdz,Biubiu,,,,
Renata Glasc,Sylas,Diana,Viego,12.12,Xiaohao,beishang,,,,
Wukong,Gangplank,Swain,Taliyah,12.12,Forge,Shanks,,,,
Alistar,Xin Zhao,Kalista,Zeri,12.12,Betty,Xing,,,,
Gragas,Camille,Amumu,Braum,12.12,Qiuqiu,Kedaya,,,,
,,,,,,,Anyone s Legend,Team WE,blue_side,red_side
Twisted Fate,Zeri,Gwen,Jax,12.12,Rich,TheShy,,,,
Rakan,Taliyah,Lee Sin,Viego,12.12,Karsa,SofM,,,,
Kalista,Gnar,Ahri,Azir,12.12,RooKie,Angel,,,,
Kayle,Vi,Aphelios,Tahm Kench,12.12,Photic,ON,,,,
Sejuani,Yone,Renata Glasc,Senna,12.12,Ppgod,huanfeng,,,,
,,,,,,,Victory Five,Weibo Gaming,red_side,blue_side
Twisted Fate,Zeri,Sejuani,Fiora,12.12,Rich,TheShy,,,,
Gwen,Taliyah,Trundle,Lee Sin,12.12,Karsa,SofM,,,,
Kalista,Gnar,Azir,Sylas,12.12,RooKie,Angel,,,,
Viego,Poppy,Aphelios,Tahm Kench,12.12,Photic,ON,,,,
Jax,Wukong,Renata Glasc,Senna,12.12,Ppgod,huanfeng,,,,
,,,,,,,Victory Five,Weibo Gaming,blue_side,red_side
Twisted Fate,Zeri,Ornn,Gnar,12.12,Rich,TheShy,,,,
Gwen,Taliyah,Trundle,Poppy,12.12,Karsa,SofM,,,,
Kalista,Tahm Kench,Azir,Corki,12.12,RooKie,Angel,,,,
Viego,Sejuani,Jinx,Aphelios,12.12,Photic,huanfeng,,,,
Nocturne,Gangplank,Nautilus,Renata Glasc,12.12,Ppgod,ON,,,,
,,,,,,,Victory Five,Weibo Gaming,red_side,blue_side
Lee Sin,Zeri,Sejuani,Gwen,12.12,fearness,Zoom,,,,
Renata Glasc,Fiora,Viego,Wukong,12.12,Kui,H4cker,,,,
Taliyah,Kalista,Azir,Ahri,12.12,Haichao,Cryin,,,,
Lissandra,Gnar,Jinx,Aphelios,12.12,Assum,Elk,,,,
LeBlanc,Sylas,Nautilus,Alistar,12.12,jinjiao,ShiauC,,,,
,,,,,,,LGD Gaming,Ultra Prime,red_side,blue_side
Fiora,Renata Glasc,Gnar,Sejuani,12.12,Zoom,fearness,,,,
Draven,Lee Sin,Poppy,Viego,12.12,H4cker,Kui,,,,
Sylas,Wukong,Viktor,Corki,12.12,Cryin,Haichao,,,,
Ahri,Lissandra,Zeri,Kalista,12.12,Elk,Assum,,,,
Azir,Taliyah,Alistar,Amumu,12.12,ShiauC,jinjiao,,,,
,,,,,,,Ultra Prime,LGD Gaming,red_side,blue_side
Renata Glasc,Fiora,Gnar,Sejuani,12.12,fearness,Zoom,,,,
Lee Sin,Kalista,Viego,Xin Zhao,12.12,Kui,H4cker,,,,
Wukong,Zeri,Viktor,Azir,12.12,Haichao,Cryin,,,,
Lissandra,Corki,Tahm Kench,Aphelios,12.12,jinjiao,Elk,,,,
LeBlanc,Ahri,Senna,Lulu,12.12,Assum,ShiauC,,,,
,,,,,,,LGD Gaming,Ultra Prime,red_side,blue_side
Kalista,Sylas,Shyvana,Gnar,12.12,shanji,Summit,,,,
Ahri,Zeri,Viego,Lee Sin,12.12,AKi,Clid,,,,
Lucian,Samira,Viktor,Akali,12.12,Creme,Care,,,,
Galio,Corki,Jinx,Aphelios,12.12,Able,Lwx,,,,
Wukong,Gangplank,Nautilus,Renata Glasc,12.12,cold,Hang,,,,
,,,,,,,OMG,Funplus Phoenix,red_side,blue_side
Samira,Kalista,Gangplank,Gwen,12.12,Summit,shanji,,,,
Shyvana,Zeri,Lee Sin,Poppy,12.12,Clid,AKi,,,,
Corki,Gnar,Sylas,Akali,12.12,Care,Creme,,,,
Rumble,Nautilus,Tahm Kench,Aphelios,12.12,Hang,Able,,,,
Renata Glasc,Lucian,Senna,Lulu,12.12,Lwx,Jerry,,,,
,,,,,,,Funplus Phoenix,OMG,red_side,blue_side
Kalista,Sylas,Gangplank,Gwen,12.12,shanji,Summit,,,,
Ahri,Zeri,Poppy,Viego,12.12,AKi,Clid,,,,
Gnar,Samira,Viktor,Twisted Fate,12.12,Creme,Care,,,,
Galio,Akali,Aphelios,Jinx,12.12,Able,Lwx,,,,
Kayle,Corki,Lulu,Nautilus,12.12,Jerry,Hang,,,,
,,,,,,,OMG,Funplus Phoenix,blue_side,red_side
Gwen,Zeri,Vladimir,Aatrox,12.12,Flandre,Wayward,,,,
Renata Glasc,Azir,Poppy,Viego,12.12,Jiejie,Tian,,,,
Senna,Sylas,Taliyah,Ahri,12.12,Scout,Knight,,,,
Gnar,Gangplank,Jinx,Aphelios,12.12,Viper,JackeyLove,,,,
Sejuani,Tahm Kench,Braum,Nautilus,12.12,meiko,Mark,,,,
,,,,,,,Edward Gaming,Top Esports,blue_side,red_side
Azir,Zeri,Aatrox,Gangplank,12.12,Wayward,Flandre,,,,
Renata Glasc,Sylas,Trundle,Poppy,12.12,Tian,Jiejie,,,,
Vladimir,Lucian,Taliyah,Zoe,12.12,Knight,Scout,,,,
Ahri,Gwen,Seraphine,Aphelios,12.12,Mark,Viper,,,,
Lissandra,Gnar,Senna,Tahm Kench,12.12,JackeyLove,meiko,,,,
,,,,,,,Top Esports,Edward Gaming,blue_side,red_side
Renata Glasc,Zeri,Gnar,Gangplank,12.12,Flandre,Wayward,,,,
Senna,Azir,Viego,Wukong,12.12,Jiejie,Tian,,,,
Trundle,Poppy,Sylas,Taliyah,12.12,Scout,Knight,,,,
Gwen,Rakan,Jinx,Aphelios,12.12,Viper,JackeyLove,,,,
Tahm Kench,Lulu,Nautilus,Braum,12.12,meiko,Mark,,,,
,,,,,,,Edward Gaming,Top Esports,red_side,blue_side
Ahri,Zeri,Gnar,Sylas,12.12,Bin,Cube,,,,
Jax,Gangplank,Lee Sin,Viego,12.12,can,Leyan,,,,
Wukong,Kalista,Viktor,Corki,12.12,FoFo,Strive,,,,
Gwen,Azir,Tahm Kench,Aphelios,12.12,Crisp,iBOY,,,,
Xin Zhao,Graves,Senna,Rakan,12.12,Rise,yuyanjia,,,,
,,,,,,,Bilibili Gaming,Rare Atom,red_side,blue_side
Gangplank,Zeri,Gragas,Gwen,12.12,Cube,Bin,,,,
Ahri,Jax,Xin Zhao,Wukong,12.12,Leyan,can,,,,
Irelia,Gnar,Corki,Azir,12.12,Strive,icon,,,,
Taliyah,Kayle,Kalista,Tahm Kench,12.12,iBOY,Crisp,,,,
Viego,Sejuani,Renata Glasc,Senna,12.12,yuyanjia,Rise,,,,
,,,,,,,Rare Atom,Bilibili Gaming,red_side,blue_side
Ahri,Zeri,Gnar,Sylas,12.12,Bin,Cube,,,,
Jax,Gangplank,Poppy,Wukong,12.12,can,Leyan,,,,
Corki,Kalista,Azir,Taliyah,12.12,icon,Strive,,,,
Rakan,Viego,Aphelios,Jinx,12.12,Rise,iBOY,,,,
Nautilus,Xin Zhao,Renata Glasc,Tahm Kench,12.12,Crisp,yuyanjia,,,,
,,,,,,,Bilibili Gaming,Rare Atom,blue_side,red_side
Kalista,Zeri,Sejuani,Gnar,12.12,Breathe,PandaC,,,,
Renata Glasc,Vi,Wukong,Poppy,12.12,Wei,Tarzan,,,,
Sylas,Tahm Kench,Taliyah,Viktor,12.12,xiaohu,Doinb,,,,
Nautilus,Lucian,Jinx,Aphelios,12.12,GALA,Light,,,,
Corki,Rakan,Leona,Braum,12.12,Ming,LvMao,,,,
,,,,,,,Royal Never Give Up,LNG Esports,blue_side,red_side
Lissandra,Zeri,Gnar,Gwen,12.12,PandaC,Breathe,,,,
Ahri,Sylas,Poppy,Vi,12.12,Tarzan,Wei,,,,
Nautilus,Wukong,Azir,Taliyah,12.12,Doinb,xiaohu,,,,
Amumu,Swain,Aphelios,Kalista,12.12,Light,GALA,,,,
Gangplank,Corki,Renata Glasc,Ashe,12.12,LvMao,Ming,,,,
,,,,,,,LNG Esports,Royal Never Give Up,blue_side,red_side
Kalista,Zeri,Gwen,Jax,12.12,Breathe,PandaC,,,,
Poppy,Vi,Viego,Lee Sin,12.12,Wei,Tarzan,,,,
Sylas,Wukong,Lissandra,Taliyah,12.12,xiaohu,Doinb,,,,
Tahm Kench,Gangplank,Aphelios,Jinx,12.12,GALA,Light,,,,
Gnar,Renata Glasc,Leona,Nautilus,12.12,Ming,LvMao,,,,
,,,,,,,Royal Never Give Up,LNG Esports,blue_side,red_side
Ahri,Zeri,Gnar,Kennen,12.12,Biubiu,369,,,,
Poppy,Sylas,Wukong,Viego,12.12,beishang,Kanavi,,,,
Renata Glasc,Swain,Lissandra,Taliyah,12.12,Shanks,Yagao,,,,
Sejuani,Azir,Aphelios,Kalista,12.12,Xing,Hope,,,,
Amumu,LeBlanc,Nautilus,Sett,12.12,Kedaya,Missing,,,,
,,,,,,,Team WE,JD Gaming,red_side,blue_side
Sylas,Ahri,Gnar,Sejuani,12.12,369,Biubiu,,,,
Swain,Zeri,Belveth,Viego,12.12,Kanavi,beishang,,,,
Gangplank,Renata Glasc,Lissandra,Taliyah,12.12,Yagao,Shanks,,,,
Azir,Amumu,Kalista,Aphelios,12.12,Hope,Xing,,,,
Braum,LeBlanc,Nautilus,Tahm Kench,12.12,Missing,Kedaya,,,,
,,,,,,,JD Gaming,Team WE,blue_side,red_side
Kindred,Taliyah,Irelia,Gnar,12.12,Rich,Zika,,,,
Jax,Poppy,Wukong,Nidalee,12.12,Karsa,XUN,,,,
Renekton,Zeri,Sylas,Galio,12.12,RooKie,Mole,,,,
Sett,Gangplank,Tahm Kench,Kalista,12.12,Ppgod,Ahn,,,,
Fiora,Azir,Senna,Renata Glasc,12.12,Photic,Wink,,,,
,,,,,,,Victory Five,Invictus Gaming,blue_side,red_side
Senna,Kindred,Jax,Gragas,12.12,Zika,Rich,,,,
Poppy,Nidalee,Wukong,Viego,12.12,XUN,Karsa,,,,
Taliyah,Zeri,Seraphine,Swain,12.12,Mole,RooKie,,,,
Ahri,Sylas,Aphelios,Kalista,12.12,Ahn,Photic,,,,
Orianna,Galio,Nautilus,Renata Glasc,12.12,Wink,Ppgod,,,,
,,,,,,,Invictus Gaming,Victory Five,red_side,blue_side
Renata Glasc,Zeri,Gangplank,Gnar,12.12,Zdz,Hoya,,,,
Azir,Lucian,Wukong,Poppy,12.12,Xiaohao,Beichuan,,,,
Gwen,Kalista,Sylas,Viktor,12.12,Forge,Ucal,,,,
Taliyah,Nautilus,Tahm Kench,Jinx,12.12,Qiuqiu,Kepler,,,,
Corki,Bard,Senna,Lulu,12.12,Betty,yaoyao,,,,
,,,,,,,Anyone s Legend,TT,blue_side,red_side
Lucian,Azir,Gragas,Aatrox,12.12,Hoya,Zdz,,,,
Gangplank,Wukong,Xin Zhao,Lee Sin,12.12,Beichuan,Xiaohao,,,,
Renata Glasc,Zeri,Sylas,Akali,12.12,Ucal,Forge,,,,
Jax,Viego,Kalista,Tahm Kench,12.12,Kepler,Qiuqiu,,,,
Camille,Gnar,Amumu,Senna,12.12,yaoyao,Betty,,,,
,,,,,,,TT,Anyone s Legend,blue_side,red_side
Azir,Zeri,Camille,Gnar,12.12,Zdz,Hoya,,,,
Renata Glasc,Lucian,Lee Sin,Viego,12.12,Xiaohao,Beichuan,,,,
Wukong,Sylas,Swain,Seraphine,12.12,Forge,Ucal,,,,
Taliyah,Jax,Kalista,Aphelios,12.12,Betty,Kepler,,,,
Ahri,Gangplank,Amumu,Alistar,12.12,Qiuqiu,yaoyao,,,,
,,,,,,,Anyone s Legend,TT,blue_side,red_side
Lee Sin,Zeri,Gangplank,Gwen,12.12,Flandre,Zoom,,,,
Corki,Sylas,Viego,Wukong,12.12,Jiejie,H4cker,,,,
Taliyah,Renata Glasc,Azir,Swain,12.12,Scout,Cryin,,,,
Lissandra,Poppy,Tahm Kench,Kalista,12.12,meiko,Elk,,,,
Sejuani,Gnar,Senna,Amumu,12.12,Viper,ShiauC,,,,
,,,,,,,Edward Gaming,Ultra Prime,blue_side,red_side
Corki,Zeri,Gangplank,Sejuani,12.12,Flandre,Zoom,,,,
Lee Sin,Sylas,Viego,RekSai,12.12,Jiejie,H4cker,,,,
Kalista,Azir,Taliyah,Swain,12.12,Scout,Cryin,,,,
Wukong,Poppy,Tahm Kench,Aphelios,12.12,meiko,Elk,,,,
Gwen,Gnar,Senna,Renata Glasc,12.12,Viper,Miaoniu,,,,
,,,,,,,Edward Gaming,Ultra Prime,blue_side,red_side
Renata Glasc,Zeri,Fiora,Jax,12.12,fearness,Bin,,,,
Nautilus,Kalista,Volibear,Wukong,12.12,Shad0w,can,,,,
Gangplank,Lissandra,Ahri,Sylas,12.12,YeG,icon,,,,
Gnar,Lee Sin,Lucian,Aphelios,12.12,Assum,Rise,,,,
LeBlanc,Xin Zhao,Nami,Thresh,12.12,jinjiao,Crisp,,,,
,,,,,,,LGD Gaming,Bilibili Gaming,blue_side,red_side
Lucian,Renata Glasc,Irelia,Gnar,12.12,Bin,fearness,,,,
Fiora,Zeri,Diana,Viego,12.12,can,Shad0w,,,,
Ahri,Gangplank,Azir,LeBlanc,12.12,FoFo,YeG,,,,
Sylas,Amumu,Kalista,Aphelios,12.12,Rise,Assum,,,,
Lissandra,Nautilus,Rakan,Tahm Kench,12.12,Crisp,jinjiao,,,,
,,,,,,,Bilibili Gaming,LGD Gaming,blue_side,red_side
Renata Glasc,Zeri,Sejuani,Gnar,12.12,Chelizi,Bin,,,,
Gangplank,Kalista,Wukong,Viego,12.12,Shad0w,can,,,,
Nautilus,Lucian,Sylas,Azir,12.12,YeG,FoFo,,,,
Ezreal,Rakan,Jinx,Aphelios,12.12,Assum,Rise,,,,
Senna,Draven,Lulu,Tahm Kench,12.12,jinjiao,Crisp,,,,
,,,,,,,LGD Gaming,Bilibili Gaming,red_side,blue_side
Kalista,Shyvana,Shen,Sejuani,12.12,shanji,Wayward,,,,
Senna,Sylas,Wukong,Poppy,12.12,AKi,Tian,,,,
Ahri,Zeri,Viktor,Orianna,12.12,Creme,Knight,,,,
Gwen,Corki,Samira,Aphelios,12.12,Able,JackeyLove,,,,
Taliyah,Swain,Nautilus,Renata Glasc,12.12,cold,Mark,,,,
,,,,,,,OMG,Top Esports,blue_side,red_side
Samira,Ahri,Gnar,Sejuani,12.12,Wayward,shanji,,,,
Shyvana,Sylas,Viego,Belveth,12.12,Tian,AKi,,,,
Wukong,Kalista,Viktor,Corki,12.12,Knight,Creme,,,,
Lee Sin,Taliyah,Zeri,Tristana,12.12,JackeyLove,Able,,,,
Shen,Gwen,Braum,Nautilus,12.12,Mark,cold,,,,
,,,,,,,Top Esports,OMG,blue_side,red_side
Ahri,Samira,Gangplank,Sejuani,12.12,shanji,Wayward,,,,
Kalista,Zeri,Wukong,Poppy,12.12,AKi,Tian,,,,
Renata Glasc,Sylas,Corki,Viktor,12.12,Creme,Knight,,,,
Viego,Yuumi,Ezreal,Tahm Kench,12.12,Able,Mark,,,,
Gwen,Shyvana,Seraphine,Senna,12.12,cold,JackeyLove,,,,
,,,,,,,OMG,Top Esports,red_side,blue_side
Sylas,Wukong,Gwen,Kayle,12.12,Breathe,Biubiu,,,,
Gnar,Zeri,Xin Zhao,Viego,12.12,Wei,beishang,,,,
Kalista,Tahm Kench,Lissandra,Azir,12.12,xiaohu,Shanks,,,,
Swain,Lee Sin,Aphelios,Jinx,12.12,GALA,Xing,,,,
Ahri,Vi,Renata Glasc,Nautilus,12.12,Ming,heal,,,,
,,,,,,,Royal Never Give Up,Team WE,blue_side,red_side
Lissandra,Zeri,Gangplank,Gnar,12.12,Biubiu,Breathe,,,,
Tahm Kench,Sylas,Wukong,Viego,12.12,beishang,Wei,,,,
Nautilus,Ahri,Swain,Azir,12.12,Shanks,xiaohu,,,,
Gwen,Corki,Aphelios,Kalista,12.12,Xing,GALA,,,,
Lee Sin,Sejuani,Renata Glasc,Amumu,12.12,heal,Ming,,,,
,,,,,,,Team WE,Royal Never Give Up,blue_side,red_side
Sylas,Lissandra,Gangplank,Sejuani,12.12,Breathe,Biubiu,,,,
Gnar,Wukong,Vi,Viego,12.12,Wei,beishang,,,,
Kalista,Gwen,Ahri,Swain,12.12,xiaohu,Shanks,,,,
Poppy,Alistar,Zeri,Jinx,12.12,GALA,Xing,,,,
Kayle,Renata Glasc,Leona,Nautilus,12.12,Ming,heal,,,,
,,,,,,,Royal Never Give Up,Team WE,blue_side,red_side
Nidalee,Gangplank,Gnar,Gwen,12.12,369,Cube,,,,
Sylas,Zeri,Poppy,Xin Zhao,12.12,Kanavi,Leyan,,,,
Corki,Wukong,Taliyah,Ahri,12.12,Yagao,Strive,,,,
Jax,Belveth,Aphelios,Kalista,12.12,Hope,iBOY,,,,
Viego,Lee Sin,Renata Glasc,Amumu,12.12,Missing,yuyanjia,,,,
,,,,,,,JD Gaming,Rare Atom,blue_side,red_side
Gangplank,Zeri,Jax,Gragas,12.12,Cube,369,,,,
Sylas,Gnar,Wukong,Lee Sin,12.12,Leyan,Kanavi,,,,
Taliyah,Renata Glasc,LeBlanc,Ahri,12.12,Strive,Yagao,,,,
Viego,Twisted Fate,Aphelios,Kalista,12.12,iBOY,Hope,,,,
Belveth,Lissandra,Rakan,Amumu,12.12,yuyanjia,Missing,,,,
,,,,,,,Rare Atom,JD Gaming,blue_side,red_side
Jax,Gangplank,Sion,Camille,12.12,369,Cube,,,,
Kalista,Zeri,Viego,Wukong,12.12,Kanavi,Leyan,,,,
Sylas,No ban,Ahri,Lissandra,12.12,Yagao,Strive,,,,
Gwen,Gnar,Aphelios,Jinx,12.12,Hope,iBOY,,,,
Tahm Kench,Renata Glasc,Braum,Nautilus,12.12,Missing,yuyanjia,,,,
,,,,,,,JD Gaming,Rare Atom,blue_side,red_side
Taliyah,Zeri,Gangplank,Gnar,12.12,Summit,Ale,,,,
Corki,Lucian,Lee Sin,Viego,12.12,Clid,Tarzan,,,,
Poppy,Kalista,Sylas,Gragas,12.12,Care,Doinb,,,,
Orianna,Volibear,Aphelios,Xayah,12.12,Lwx,Light,,,,
Kled,Wukong,Nautilus,Renata Glasc,12.12,Hang,Iwandy,,,,
,,,,,,,Funplus Phoenix,LNG Esports,blue_side,red_side
Ahri,Taliyah,Sejuani,Gnar,12.12,Ale,Summit,,,,
Poppy,Zeri,Viego,Wukong,12.12,Tarzan,Clid,,,,
Sylas,Corki,Gragas,Swain,12.12,Doinb,Care,,,,
Amumu,Yone,Aphelios,Kalista,12.12,Light,Lwx,,,,
Nautilus,Kled,Renata Glasc,Pyke,12.12,Iwandy,Hang,,,,
,,,,,,,LNG Esports,Funplus Phoenix,red_side,blue_side
Ahri,Zeri,Sejuani,Gnar,12.12,Flandre,Rich,,,,
Sylas,Azir,Xin Zhao,Poppy,12.12,Jiejie,Karsa,,,,
Lissandra,Twisted Fate,Corki,Taliyah,12.12,Scout,RooKie,,,,
Gwen,Viego,Tahm Kench,Kalista,12.12,meiko,Photic,,,,
Gangplank,Vladimir,Senna,Renata Glasc,12.12,Viper,Ppgod,,,,
,,,,,,,Edward Gaming,Victory Five,red_side,blue_side
Twisted Fate,Zeri,Gnar,Sejuani,12.12,Rich,Flandre,,,,
Azir,Renata Glasc,Lee Sin,Vi,12.12,Karsa,Jiejie,,,,
Poppy,Wukong,Taliyah,Corki,12.12,RooKie,Scout,,,,
Vladimir,Gwen,Tahm Kench,Kalista,12.12,Ppgod,Viper,,,,
Trundle,Gangplank,Senna,Nautilus,12.12,Photic,meiko,,,,
,,,,,,,Victory Five,Edward Gaming,blue_side,red_side
Diana,Zeri,Gnar,Gwen,12.12,Hoya,Zika,,,,
Nidalee,Wukong,Viego,Xin Zhao,12.12,Beichuan,XUN,,,,
Senna,Poppy,Sylas,Akali,12.12,Ucal,Yuekai,,,,
Fiora,Gangplank,Jinx,Kalista,12.12,Kepler,Ahn,,,,
Irelia,Trundle,Nautilus,Renata Glasc,12.12,yaoyao,Wink,,,,
,,,,,,,TT,Invictus Gaming,blue_side,red_side
Sylas,Zeri,Jax,Gragas,12.12,Zika,Hoya,,,,
Poppy,Diana,Wukong,Viego,12.12,XUN,Beichuan,,,,
Taliyah,Nidalee,Swain,Ahri,12.12,Yuekai,Ucal,,,,
Gangplank,Lissandra,Aphelios,Kalista,12.12,Ahn,Kepler,,,,
Azir,Corki,Renata Glasc,Amumu,12.12,Wink,yaoyao,,,,
,,,,,,,Invictus Gaming,TT,blue_side,red_side
Nidalee,Zeri,Gnar,Fiora,12.12,Hoya,Zika,,,,
Senna,Sylas,Lee Sin,Viego,12.12,Beichuan,XUN,,,,
Renata Glasc,Wukong,Azir,Corki,12.12,Ucal,Yuekai,,,,
Irelia,Alistar,Kalista,Draven,12.12,Kepler,Ahn,,,,
Jax,Nautilus,Trundle,Amumu,12.12,yaoyao,Wink,,,,
,,,,,,,TT,Invictus Gaming,blue_side,red_side
Aphelios,Wukong,Gragas,Gangplank,12.12,Wayward,Breathe,,,,
Nautilus,Zeri,Viego,Trundle,12.12,Tian,Wei,,,,
Lissandra,Sylas,Ahri,Corki,12.12,Knight,xiaohu,,,,
Gwen,Poppy,Lucian,Tahm Kench,12.12,JackeyLove,Ming,,,,
Gnar,Sejuani,Nami,Senna,12.12,Mark,GALA,,,,
,,,,,,,Top Esports,Royal Never Give Up,blue_side,red_side
Poppy,Zeri,Gnar,Gwen,12.12,Breathe,Wayward,,,,
Sylas,Lissandra,Vi,Lee Sin,12.12,Wei,Tian,,,,
Viego,Wukong,Ahri,Swain,12.12,xiaohu,Knight,,,,
Amumu,Braum,Aphelios,Kalista,12.12,GALA,JackeyLove,,,,
Nautilus,Renata Glasc,Rakan,Leona,12.12,Ming,Mark,,,,
,,,,,,,Royal Never Give Up,Top Esports,blue_side,red_side
Aphelios,Wukong,Gnar,Irelia,12.12,Wayward,Breathe,,,,
Lissandra,Zeri,Viego,Lee Sin,12.12,Tian,Wei,,,,
Nautilus,Ahri,Sylas,Azir,12.12,Knight,xiaohu,,,,
Renata Glasc,Draven,Jinx,Kalista,12.12,JackeyLove,GALA,,,,
Gangplank,Senna,Tahm Kench,Rell,12.12,Mark,Ming,,,,
,,,,,,,Top Esports,Royal Never Give Up,blue_side,red_side
Belveth,Zeri,Gnar,Sejuani,12.12,Bin,TheShy,,,,
Ahri,Renata Glasc,Lee Sin,Viego,12.12,can,SofM,,,,
Seraphine,Gangplank,Corki,Azir,12.12,FoFo,Angel,,,,
Senna,Nautilus,Kalista,Aphelios,12.12,Doggo,huanfeng,,,,
Miss Fortune,Lucian,Amumu,Rakan,12.12,Crisp,ON,,,,
,,,,,,,Bilibili Gaming,Weibo Gaming,blue_side,red_side
Senna,Zeri,Kayle,Gnar,12.12,TheShy,Bin,,,,
Gangplank,Belveth,Viego,Lee Sin,12.12,SofM,can,,,,
Azir,Seraphine,Twisted Fate,Corki,12.12,Angel,FoFo,,,,
Nautilus,Ahri,Kalista,Ashe,12.12,huanfeng,Doggo,,,,
Tahm Kench,Sylas,Renata Glasc,Bard,12.12,ON,Crisp,,,,
,,,,,,,Weibo Gaming,Bilibili Gaming,blue_side,red_side
Belveth,Zeri,Kennen,Gwen,12.12,Bin,TheShy,,,,
Ahri,Renata Glasc,Viego,Wukong,12.12,can,SofM,,,,
Kayle,Gnar,Yone,Azir,12.12,FoFo,Angel,,,,
Rakan,Fiora,Aphelios,Kalista,12.12,Doggo,huanfeng,,,,
Senna,Jax,Thresh,Blitzcrank,12.12,Crisp,ON,,,,
,,,,,,,Bilibili Gaming,Weibo Gaming,red_side,blue_side
Corki,Zeri,Gangplank,Swain,12.12,Zdz,Zoom,,,,
Lee Sin,Wukong,Xin Zhao,Viego,12.12,Xiaohao,H4cker,,,,
Renata Glasc,Sylas,Taliyah,Azir,12.12,Forge,Cryin,,,,
Lissandra,Diana,Kalista,Aphelios,12.12,Betty,Elk,,,,
RekSai,Graves,Amumu,Nautilus,12.12,Qiuqiu,ShiauC,,,,
,,,,,,,Anyone s Legend,Ultra Prime,blue_side,red_side
Sylas,Wukong,Gnar,Jax,12.12,Zoom,Zdz,,,,
Gangplank,Renata Glasc,Lee Sin,Diana,12.12,H4cker,Xiaohao,,,,
Kalista,Zeri,Lissandra,Swain,12.12,Cryin,Forge,,,,
Xin Zhao,Corki,Xayah,Lucian,12.12,Elk,Betty,,,,
Nocturne,Taliyah,Nautilus,Nami,12.12,ShiauC,Qiuqiu,,,,
,,,,,,,Ultra Prime,Anyone s Legend,red_side,blue_side
Gangplank,Corki,Ornn,Sejuani,12.12,Ale,369,,,,
Viego,Zeri,Wukong,Lee Sin,12.12,Tarzan,Kanavi,,,,
Belveth,Gnar,Taliyah,Azir,12.12,Doinb,Yagao,,,,
Gwen,Fiora,Kalista,Aphelios,12.12,Light,Hope,,,,
Ahri,Galio,Renata Glasc,Lulu,12.12,Iwandy,Missing,,,,
,,,,,,,LNG Esports,JD Gaming,blue_side,red_side
Corki,Zeri,Sion,Sejuani,12.12,369,Ale,,,,
Gnar,Viego,Belveth,Poppy,12.12,Kanavi,Tarzan,,,,
Renata Glasc,Gangplank,Ahri,Lissandra,12.12,Yagao,Doinb,,,,
Taliyah,Gwen,Aphelios,Jinx,12.12,Hope,Light,,,,
Sylas,Ornn,Nautilus,Braum,12.12,Missing,Iwandy,,,,
,,,,,,,JD Gaming,LNG Esports,blue_side,red_side
Gangplank,Zeri,Sejuani,Ornn,12.12,Ale,369,,,,
Viego,Gnar,Volibear,Poppy,12.12,Tarzan,Kanavi,,,,
Belveth,Renata Glasc,Corki,Ahri,12.12,Doinb,Yagao,,,,
Gwen,Fiora,Kalista,Aphelios,12.12,Light,Hope,,,,
Sion,Trundle,Nautilus,Alistar,12.12,Iwandy,Missing,,,,
,,,,,,,LNG Esports,JD Gaming,red_side,blue_side
Shyvana,Kalista,Gangplank,Aatrox,12.12,Biubiu,shanji,,,,
Akali,Wukong,Volibear,Lee Sin,12.12,beishang,AKi,,,,
Zeri,Lissandra,Sylas,Ahri,12.12,Shanks,Creme,,,,
Trundle,Gwen,Jinx,Aphelios,12.12,SmLz,Able,,,,
Sejuani,Gnar,Nautilus,Thresh,12.12,heal,cold,,,,
,,,,,,,Team WE,OMG,blue_side,red_side
Kalista,Shyvana,Rumble,Gangplank,12.12,shanji,Biubiu,,,,
Gwen,Wukong,Xin Zhao,Volibear,12.12,AKi,beishang,,,,
Lissandra,Akali,Sylas,Azir,12.12,Creme,Shanks,,,,
Trundle,Lee Sin,Tristana,Zeri,12.12,Able,SmLz,,,,
Gnar,Sejuani,Amumu,Nautilus,12.12,cold,heal,,,,
,,,,,,,OMG,Team WE,blue_side,red_side
Shyvana,Kalista,Gnar,Sejuani,12.12,Biubiu,shanji,,,,
Akali,Sylas,Volibear,Lee Sin,12.12,beishang,AKi,,,,
Zeri,Wukong,Azir,Corki,12.12,Shanks,Creme,,,,
Viego,Trundle,Aphelios,Samira,12.12,SmLz,Able,,,,
Ezreal,Ahri,Braum,Nautilus,12.12,heal,cold,,,,
,,,,,,,Team WE,OMG,red_side,blue_side
Jax,Wukong,Gwen,Kayle,12.12,Rich,Cube,,,,
Corki,Zeri,RekSai,Lee Sin,12.12,XLB,Leyan,,,,
Nidalee,Senna,Taliyah,Sylas,12.12,RooKie,Strive,,,,
Nocturne,Gnar,Kalista,Aphelios,12.12,Photic,iBOY,,,,
Poppy,Yone,Amumu,Renata Glasc,12.12,Ppgod,yuyanjia,,,,
,,,,,,,Victory Five,Rare Atom,blue_side,red_side
Senna,Wukong,Gnar,Irelia,12.12,Cube,Rich,,,,
Taliyah,Zeri,Nidalee,Xin Zhao,12.12,Leyan,XLB,,,,
Gangplank,Jax,Twisted Fate,Lissandra,12.12,Strive,RooKie,,,,
Sylas,Fiora,Kalista,Aphelios,12.12,iBOY,Photic,,,,
Ahri,Renekton,Amumu,Renata Glasc,12.12,yuyanjia,Ppgod,,,,
,,,,,,,Rare Atom,Victory Five,red_side,blue_side
Draven,Wukong,Gnar,Shyvana,12.12,Summit,Chelizi,,,,
Sylas,Zeri,Viego,Graves,12.12,Clid,Kui,,,,
Kalista,Lucian,Ahri,Galio,12.12,Care,YeG,,,,
Corki,Lee Sin,Aphelios,Jinx,12.12,Lwx,Assum,,,,
Lissandra,Xin Zhao,Renata Glasc,Nautilus,12.12,Hang,jinjiao,,,,
,,,,,,,Funplus Phoenix,LGD Gaming,blue_side,red_side
Gnar,Draven,Ornn,Gragas,12.12,fearness,Summit,,,,
Kalista,Viego,Xin Zhao,Lee Sin,12.12,Shad0w,Clid,,,,
Wukong,Nautilus,Lissandra,Galio,12.12,YeG,Care,,,,
Gwen,Fiora,Zeri,Twitch,12.12,Assum,Lwx,,,,
Sylas,Mordekaiser,Rakan,Yuumi,12.12,jinjiao,Hang,,,,
,,,,,,,LGD Gaming,Funplus Phoenix,blue_side,red_side
Draven,Gnar,Gangplank,Kayle,12.12,Summit,fearness,,,,
Viego,Wukong,Volibear,Xin Zhao,12.12,Clid,Shad0w,,,,
Kalista,Zeri,Ahri,Galio,12.12,Care,YeG,,,,
Lissandra,Sylas,Lucian,Aphelios,12.12,Lwx,Assum,,,,
Fiora,Trundle,Nami,Renata Glasc,12.12,Hang,jinjiao,,,,
,,,,,,,Funplus Phoenix,LGD Gaming,blue_side,red_side
Gangplank,Wukong,Gnar,Jax,12.11,TheShy,Zdz,,,,
Amumu,Renata Glasc,Viego,Xin Zhao,12.11,SofM,Xiaohao,,,,
Lucian,Zeri,Sylas,Ryze,12.11,Angel,Forge,,,,
Kayle,Ezreal,Jhin,Tahm Kench,12.11,huanfeng,Qiuqiu,,,,
Akali,Kalista,Rakan,Senna,12.11,ON,Betty,,,,
,,,,,,,Weibo Gaming,Anyone s Legend,blue_side,red_side
Gwen,Zeri,Gangplank,Azir,12.11,Zdz,TheShy,,,,
Renata Glasc,Amumu,Wukong,Lee Sin,12.11,Xiaohao,SofM,,,,
Viego,Senna,Sylas,Ahri,12.11,Forge,Angel,,,,
LeBlanc,Lucian,Miss Fortune,Aphelios,12.11,Betty,huanfeng,,,,
Ryze,Jinx,Nautilus,Braum,12.11,Qiuqiu,ON,,,,
,,,,,,,Anyone s Legend,Weibo Gaming,blue_side,red_side
Gangplank,Wukong,Gnar,Fiora,12.11,TheShy,Zdz,,,,
Sylas,Renata Glasc,Viego,Lee Sin,12.11,SofM,Xiaohao,,,,
Amumu,Zeri,Twisted Fate,Swain,12.11,Angel,Forge,,,,
Lucian,Rakan,Aphelios,Miss Fortune,12.11,huanfeng,Betty,,,,
Senna,Kalista,Alistar,Nautilus,12.11,ON,Qiuqiu,,,,
,,,,,,,Weibo Gaming,Anyone s Legend,red_side,blue_side
Corki,Wukong,Gwen,Gnar,12.11,Zika,Ale,,,,
Lucian,Zeri,Nidalee,Poppy,12.11,XUN,Tarzan,,,,
Kalista,Sylas,Sion,Taliyah,12.11,Yuekai,Doinb,,,,
Azir,Renekton,Miss Fortune,Aphelios,12.11,Wink,Light,,,,
Diana,Galio,Nautilus,Braum,12.11,XinLiu,Iwandy,,,,
,,,,,,,Invictus Gaming,LNG Esports,red_side,blue_side
Senna,Zeri,Gnar,Fiora,12.11,Ale,Zika,,,,
Sylas,Wukong,Poppy,Viego,12.11,Tarzan,XUN,,,,
Nidalee,Corki,Gragas,Azir,12.11,Doinb,Yuekai,,,,
Sejuani,Taliyah,Aphelios,Kalista,12.11,Light,Wink,,,,
Gwen,Diana,Renata Glasc,Amumu,12.11,Iwandy,XinLiu,,,,
,,,,,,,LNG Esports,Invictus Gaming,blue_side,red_side
Senna,Wukong,Shyvana,Gangplank,12.11,shanji,Flandre,,,,
Ahri,Zeri,Lee Sin,Vi,12.11,AKi,Jiejie,,,,
Gwen,Viego,Sylas,Ryze,12.11,Creme,Scout,,,,
Zoe,Sejuani,Ezreal,Aphelios,12.11,Able,Viper,,,,
Lissandra,Braum,Leona,Nautilus,12.11,cold,meiko,,,,
,,,,,,,OMG,Edward Gaming,blue_side,red_side
Shyvana,Zeri,Gnar,Gangplank,12.11,Flandre,shanji,,,,
Sylas,Wukong,Viego,Lee Sin,12.11,Jiejie,AKi,,,,
Sejuani,Senna,Lissandra,Ahri,12.11,Scout,Creme,,,,
Samira,Kalista,Ezreal,Tristana,12.11,Viper,Able,,,,
Renata Glasc,Lucian,Braum,Nautilus,12.11,meiko,cold,,,,
,,,,,,,Edward Gaming,OMG,blue_side,red_side
Senna,Zeri,Shyvana,Gnar,12.11,shanji,Flandre,,,,
Ahri,Wukong,Viego,Lee Sin,12.11,AKi,Jiejie,,,,
Gwen,Sylas,Corki,Azir,12.11,Creme,Scout,,,,
Kalista,Samira,Tristana,Ezreal,12.11,Able,Viper,,,,
Lucian,Nautilus,Yuumi,Karma,12.11,cold,meiko,,,,
,,,,,,,OMG,Edward Gaming,blue_side,red_side
Lucian,Azir,Gnar,Gangplank,12.11,Hoya,Bin,,,,
Kalista,Zeri,Wukong,Viego,12.11,Beichuan,WeiWei,,,,
Renata Glasc,Senna,Ahri,Sylas,12.11,Ucal,icon,,,,
LeBlanc,Taliyah,Jinx,Aphelios,12.11,Kepler,Doggo,,,,
Corki,Gragas,Nautilus,Rakan,12.11,yaoyao,Crisp,,,,
,,,,,,,TT,Bilibili Gaming,blue_side,red_side
Taliyah,Lucian,Gnar,Gangplank,12.11,Bin,Hoya,,,,
Azir,Kalista,Viego,Wukong,12.11,WeiWei,Beichuan,,,,
Jinx,Renata Glasc,Lissandra,Corki,12.11,icon,Ucal,,,,
Ahri,Braum,Zeri,Twitch,12.11,Doggo,Kepler,,,,
Sylas,Alistar,Yuumi,Nautilus,12.11,Crisp,yaoyao,,,,
,,,,,,,Bilibili Gaming,TT,blue_side,red_side
Lucian,Zeri,Sylas,Gnar,12.11,Hoya,Bin,,,,
Kalista,Wukong,Lee Sin,Trundle,12.11,Beichuan,WeiWei,,,,
Renata Glasc,Viego,Azir,Taliyah,12.11,Ucal,icon,,,,
Nocturne,Tahm Kench,Jinx,Kaisa,12.11,Kepler,Doggo,,,,
Poppy,Rakan,Alistar,Nautilus,12.11,yaoyao,Crisp,,,,
,,,,,,,TT,Bilibili Gaming,blue_side,red_side
Gwen,Wukong,Swain,Gangplank,12.11,Zoom,Breathe,,,,
Senna,Zeri,Lee Sin,Viego,12.11,H4cker,Wei,,,,
Ahri,Kalista,LeBlanc,Lissandra,12.11,Cryin,xiaohu,,,,
Jax,Sejuani,Jinx,Aphelios,12.11,Elk,GALA,,,,
Gnar,Kayle,Leona,Nautilus,12.11,ShiauC,Ming,,,,
,,,,,,,Ultra Prime,Royal Never Give Up,red_side,blue_side
Kalista,Gwen,Fiora,Renekton,12.11,Breathe,Zoom,,,,
Lee Sin,Wukong,Vi,Viego,12.11,Wei,H4cker,,,,
LeBlanc,Senna,Ahri,Lissandra,12.11,xiaohu,Cryin,,,,
Jinx,Alistar,Zeri,Kaisa,12.11,GALA,Elk,,,,
Aphelios,Sett,Braum,Nautilus,12.11,Ming,ShiauC,,,,
,,,,,,,Royal Never Give Up,Ultra Prime,blue_side,red_side
Lucian,Nidalee,Jax,Sejuani,12.11,Cube,Biubiu,,,,
Gangplank,Wukong,Viego,Lee Sin,12.11,Leyan,beishang,,,,
Ahri,Corki,Twisted Fate,Lissandra,12.11,Strive,Shanks,,,,
Sylas,Yuumi,Zeri,Kalista,12.11,iBOY,SmLz,,,,
Azir,Rakan,Nautilus,Renata Glasc,12.11,yuyanjia,heal,,,,
,,,,,,,Rare Atom,Team WE,blue_side,red_side
Lucian,Nidalee,Jax,Sejuani,12.11,Cube,Biubiu,,,,
Gangplank,Wukong,Viego,Lee Sin,12.11,Leyan,beishang,,,,
Ahri,Corki,Ryze,Sylas,12.11,Strive,Shanks,,,,
Gragas,LeBlanc,Zeri,Jinx,12.11,iBOY,SmLz,,,,
Kennen,Azir,Rakan,Nautilus,12.11,yuyanjia,heal,,,,
,,,,,,,Rare Atom,Team WE,red_side,blue_side
Lucian,Nidalee,Jax,Gnar,12.11,Cube,Biubiu,,,,
Gangplank,Wukong,Viego,Lee Sin,12.11,Leyan,beishang,,,,
Sylas,Corki,Twisted Fate,Ahri,12.11,Strive,Shanks,,,,
Nautilus,Lissandra,Zeri,Jinx,12.11,iBOY,SmLz,,,,
Gragas,LeBlanc,Rakan,Leona,12.11,yuyanjia,heal,,,,
,,,,,,,Rare Atom,Team WE,blue_side,red_side
Sylas,Wukong,Kayle,Sejuani,12.11,TheShy,Wayward,,,,
Senna,Zeri,Viego,Lee Sin,12.11,SofM,Tian,,,,
Jax,Gwen,Lissandra,Taliyah,12.11,Angel,Knight,,,,
Galio,Ezreal,Kalista,Aphelios,12.11,huanfeng,JackeyLove,,,,
Ryze,Rakan,Nautilus,Renata Glasc,12.11,ON,Mark,,,,
,,,,,,,Weibo Gaming,Top Esports,red_side,blue_side
Kayle,Senna,Gwen,Gnar,12.11,Wayward,TheShy,,,,
Renata Glasc,Lucian,Wukong,Viego,12.11,Tian,SofM,,,,
Zeri,Kalista,Lissandra,Swain,12.11,Knight,Angel,,,,
Twisted Fate,Yuumi,Ezreal,Aphelios,12.11,JackeyLove,huanfeng,,,,
Braum,Sylas,Leona,Rakan,12.11,Mark,ON,,,,
,,,,,,,Top Esports,Weibo Gaming,red_side,blue_side
Sylas,Rakan,Ornn,Sejuani,12.11,TheShy,Wayward,,,,
Senna,Kayle,Wukong,Viego,12.11,SofM,Tian,,,,
Gangplank,Gnar,Corki,Viktor,12.11,Angel,Knight,,,,
Gwen,Twisted Fate,Twitch,Zeri,12.11,huanfeng,JackeyLove,,,,
Ahri,Lissandra,Yuumi,Lulu,12.11,ON,Mark,,,,
,,,,,,,Weibo Gaming,Top Esports,red_side,blue_side
Ahri,Fiora,Camille,Gangplank,12.11,Xiaolaohu,369,,,,
Kalista,Zeri,Wukong,Viego,12.11,Clid,Kanavi,,,,
Lucian,Senna,Galio,LeBlanc,12.11,Care,Yagao,,,,
Sylas,Kayle,Jinx,Aphelios,12.11,Lwx,Hope,,,,
Twisted Fate,Gwen,Renata Glasc,Nautilus,12.11,Hang,Missing,,,,
,,,,,,,Funplus Phoenix,JD Gaming,red_side,blue_side
Senna,Wukong,Gangplank,Gragas,12.11,369,Summit,,,,
Renata Glasc,Zeri,Graves,Lee Sin,12.11,Kanavi,Clid,,,,
Sylas,Viego,Zoe,Ahri,12.11,Yagao,Care,,,,
Gnar,Lissandra,Kalista,Aphelios,12.11,Hope,Lwx,,,,
Thresh,LeBlanc,Nautilus,Braum,12.11,Missing,Hang,,,,
,,,,,,,JD Gaming,Funplus Phoenix,red_side,blue_side
Gangplank,Zeri,Kayle,Gnar,12.11,Summit,369,,,,
Ahri,Senna,Viego,Lee Sin,12.11,Clid,Kanavi,,,,
Wukong,Renata Glasc,Galio,Viktor,12.11,Care,Yagao,,,,
LeBlanc,Sylas,Lucian,Aphelios,12.11,Lwx,Hope,,,,
Twisted Fate,Lissandra,Nami,Lulu,12.11,Hang,Missing,,,,
,,,,,,,Funplus Phoenix,JD Gaming,blue_side,red_side
Renata Glasc,Wukong,Sejuani,Ornn,12.11,Ale,Chelizi,,,,
Nautilus,Lucian,Volibear,Viego,12.11,Tarzan,Shad0w,,,,
Kalista,Yuumi,Sylas,Corki,12.11,Doinb,Haichao,,,,
Draven,Fiora,Zeri,Tahm Kench,12.11,Light,jinjiao,,,,
Jinx,Gnar,Rakan,Senna,12.11,Iwandy,Assum,,,,
,,,,,,,LNG Esports,LGD Gaming,blue_side,red_side
Lucian,Wukong,Gwen,Gnar,12.11,Chelizi,Ale,,,,
Corki,Zeri,Viego,Nocturne,12.11,Shad0w,Tarzan,,,,
Fiora,Kalista,Galio,Azir,12.11,YeG,Doinb,,,,
Lee Sin,Sejuani,Aphelios,Tahm Kench,12.11,Assum,Iwandy,,,,
Diana,Sylas,Renata Glasc,Senna,12.11,jinjiao,Light,,,,
,,,,,,,LGD Gaming,LNG Esports,blue_side,red_side
Renata Glasc,Lucian,Gnar,Kayle,12.11,Ale,Chelizi,,,,
Nautilus,Corki,Viego,Lee Sin,12.11,Tarzan,Shad0w,,,,
Wukong,Zeri,Taliyah,Lissandra,12.11,Doinb,YeG,,,,
Gwen,Sylas,Ezreal,Kalista,12.11,Light,Assum,,,,
Sejuani,Braum,Tahm Kench,Amumu,12.11,Iwandy,jinjiao,,,,
,,,,,,,LNG Esports,LGD Gaming,blue_side,red_side
Galio,Wukong,Gangplank,Aatrox,12.11,Zdz,Rich,,,,
Tahm Kench,Zeri,Diana,Taliyah,12.11,Xiaohao,Karsa,,,,
Renata Glasc,Gwen,Swain,Yone,12.11,Forge,Dream,,,,
Renekton,Lee Sin,Kalista,Draven,12.11,Betty,Photic,,,,
Sylas,Nocturne,Amumu,Nautilus,12.11,Qiuqiu,Ppgod,,,,
,,,,,,,Anyone s Legend,Victory Five,blue_side,red_side
Amumu,Wukong,Gnar,Kayle,12.11,Rich,Zdz,,,,
Swain,Galio,Lee Sin,Viego,12.11,Karsa,Xiaohao,,,,
Gangplank,Zeri,Akali,Sylas,12.11,Dream,Forge,,,,
Ryze,Ahri,Kalista,Tahm Kench,12.11,Photic,Qiuqiu,,,,
Xin Zhao,LeBlanc,Renata Glasc,Senna,12.11,Ppgod,Betty,,,,
,,,,,,,Victory Five,Anyone s Legend,blue_side,red_side
Galio,Gangplank,Camille,Gragas,12.11,Zdz,Rich,,,,
Tahm Kench,Wukong,Viego,Lee Sin,12.11,Xiaohao,Karsa,,,,
Renata Glasc,Swain,Taliyah,Sylas,12.11,Forge,Dream,,,,
Kayle,Akali,Kalista,Zeri,12.11,Betty,Photic,,,,
Gwen,Ryze,Amumu,Braum,12.11,Qiuqiu,Ppgod,,,,
,,,,,,,Anyone s Legend,Victory Five,red_side,blue_side
Twisted Fate,Gangplank,Gnar,Gragas,12.11,Flandre,Hoya,,,,
Viego,Lucian,Vi,Wukong,12.11,Jiejie,Beichuan,,,,
Nautilus,Azir,Ahri,Swain,12.11,Scout,Ucal,,,,
Lissandra,Kayle,Zeri,Tahm Kench,12.11,Viper,Southwind,,,,
Sylas,Gwen,Lulu,Senna,12.11,meiko,Puff,,,,
,,,,,,,Edward Gaming,TT,blue_side,red_side
Twisted Fate,Lucian,Gangplank,Kayle,12.11,Flandre,xiaoxiang,,,,
Fiora,Zeri,Wukong,Viego,12.11,Jiejie,Beichuan,,,,
Senna,Azir,Corki,Ahri,12.11,Scout,Ucal,,,,
Renata Glasc,Lissandra,Jinx,Aphelios,12.11,Viper,Puff,,,,
Gwen,LeBlanc,Nautilus,Braum,12.11,meiko,Southwind,,,,
,,,,,,,Edward Gaming,TT,blue_side,red_side
Sylas,Lissandra,Gnar,Sejuani,12.11,Breathe,shanji,,,,
Viego,Wukong,Nocturne,Lee Sin,12.11,Wei,AKi,,,,
LeBlanc,Gwen,Ahri,Corki,12.11,xiaohu,Creme,,,,
Akali,Vi,Jinx,Zeri,12.11,GALA,Able,,,,
Gangplank,RekSai,Nautilus,Braum,12.11,Ming,cold,,,,
,,,,,,,Royal Never Give Up,OMG,red_side,blue_side
Lissandra,Zeri,Sejuani,Gnar,12.11,shanji,Breathe,,,,
Gwen,Wukong,Viego,Vi,12.11,AKi,Wei,,,,
Lee Sin,Ahri,Corki,Azir,12.11,Creme,xiaohu,,,,
Fiora,Yuumi,Samira,Tahm Kench,12.11,Able,Ming,,,,
Trundle,Ezreal,Rell,Senna,12.11,cold,GALA,,,,
,,,,,,,OMG,Royal Never Give Up,red_side,blue_side
Sylas,Lissandra,Gnar,Ornn,12.11,Breathe,shanji,,,,
Ahri,Gwen,Wukong,Trundle,12.11,Wei,AKi,,,,
Sejuani,Tahm Kench,Twisted Fate,Akali,12.11,xiaohu,Creme,,,,
Corki,Galio,Jinx,Zeri,12.11,GALA,Able,,,,
Swain,Fiora,Nautilus,Braum,12.11,Ming,cold,,,,
,,,,,,,Royal Never Give Up,OMG,blue_side,red_side
Nidalee,Gangplank,Gnar,Gwen,12.11,Bin,Zika,,,,
Kindred,Wukong,Viego,Xin Zhao,12.11,WeiWei,XUN,,,,
Diana,Zeri,Sylas,Ryze,12.11,icon,Yuekai,,,,
Nautilus,Jax,Aphelios,Kalista,12.11,Doggo,Ahn,,,,
Lissandra,Camille,Renata Glasc,Amumu,12.11,Crisp,Wink,,,,
,,,,,,,Bilibili Gaming,Invictus Gaming,blue_side,red_side
Gangplank,Nidalee,Camille,Jax,12.11,Zika,Bin,,,,
Azir,Zeri,Wukong,Viego,12.11,XUN,WeiWei,,,,
Sylas,Senna,Galio,Ahri,12.11,Yuekai,icon,,,,
Fiora,Lissandra,Aphelios,Kalista,12.11,Ahn,Doggo,,,,
Gwen,Swain,Renata Glasc,Nautilus,12.11,Wink,Crisp,,,,
,,,,,,,Invictus Gaming,Bilibili Gaming,blue_side,red_side
Nidalee,Wukong,Gnar,Sejuani,12.11,Bin,Zika,,,,
Kindred,Gangplank,Viego,Xin Zhao,12.11,WeiWei,XUN,,,,
Diana,Zeri,LeBlanc,Lissandra,12.11,icon,Yuekai,,,,
Swain,Azir,Kalista,Seraphine,12.11,Doggo,Ahn,,,,
Galio,Sylas,Renata Glasc,Senna,12.11,Crisp,Wink,,,,
,,,,,,,Bilibili Gaming,Invictus Gaming,blue_side,red_side
Nautilus,Gwen,Kayle,Sejuani,12.11,TheShy,Zoom,,,,
Lee Sin,Viego,Wukong,Xin Zhao,12.11,SofM,H4cker,,,,
Lucian,Ahri,Twisted Fate,Corki,12.11,Angel,Cryin,,,,
Gangplank,Fiora,Twitch,Zeri,12.11,huanfeng,Elk,,,,
Swain,Sylas,Yuumi,Renata Glasc,12.11,ON,ShiauC,,,,
,,,,,,,Weibo Gaming,Ultra Prime,blue_side,red_side
Gwen,Senna,Aatrox,Gnar,12.11,Zoom,TheShy,,,,
Ahri,Zeri,Wukong,Lee Sin,12.11,H4cker,SofM,,,,
Viego,Lucian,Galio,Twisted Fate,12.11,Cryin,Angel,,,,
Fiora,Swain,Aphelios,Kalista,12.11,Elk,huanfeng,,,,
LeBlanc,Sylas,Nautilus,Renata Glasc,12.11,ShiauC,ON,,,,
,,,,,,,Ultra Prime,Weibo Gaming,red_side,blue_side
Corki,Fiora,Gwen,Kayle,12.11,Xiaolaohu,Cube,,,,
Kalista,Wukong,Jarvan IV,Xin Zhao,12.11,Clid,Leyan,,,,
Ahri,Lissandra,Galio,Sylas,12.11,Care,Strive,,,,
LeBlanc,Viego,Zeri,Twitch,12.11,Lwx,iBOY,,,,
Lee Sin,Trundle,Lulu,Yuumi,12.11,Hang,yuyanjia,,,,
,,,,,,,Funplus Phoenix,Rare Atom,blue_side,red_side
Corki,Fiora,Gwen,Kayle,12.11,Xiaolaohu,Cube,,,,
Kalista,Wukong,Viego,Lee Sin,12.11,Clid,Leyan,,,,
Ahri,Renata Glasc,Sylas,Orianna,12.11,Care,Strive,,,,
Vladimir,Galio,Zeri,Jinx,12.11,Lwx,iBOY,,,,
LeBlanc,Lissandra,Yuumi,Nautilus,12.11,Hang,yuyanjia,,,,
,,,,,,,Funplus Phoenix,Rare Atom,blue_side,red_side
Senna,Wukong,Gnar,Sejuani,12.11,Ale,Wayward,,,,
Renata Glasc,Zeri,Lee Sin,Trundle,12.11,Tarzan,Tian,,,,
Nautilus,Corki,Twisted Fate,Galio,12.11,Doinb,Knight,,,,
Sylas,Taliyah,Lucian,KogMaw,12.11,Light,JackeyLove,,,,
Viego,Diana,Nami,Lulu,12.11,Iwandy,Mark,,,,
,,,,,,,LNG Esports,Top Esports,red_side,blue_side
Corki,Wukong,Gangplank,Fiora,12.11,Wayward,Ale,,,,
Lucian,Senna,Viego,Trundle,12.11,Tian,Tarzan,,,,
Renata Glasc,Zeri,Ahri,Swain,12.11,Knight,Doinb,,,,
Gwen,Sylas,Ezreal,Xayah,12.11,JackeyLove,Light,,,,
Sejuani,Gnar,Leona,Rakan,12.11,Mark,Iwandy,,,,
,,,,,,,Top Esports,LNG Esports,blue_side,red_side
Gwen,Senna,Aatrox,Sejuani,12.11,Rich,Biubiu,,,,
Nocturne,Wukong,Taliyah,Lee Sin,12.11,XLB,beishang,,,,
Kalista,Zeri,Sylas,Corki,12.11,Dream,Shanks,,,,
Ahri,LeBlanc,Jinx,Aphelios,12.11,Photic,Xing,,,,
Azir,Gnar,Nautilus,Leona,12.11,Ppgod,heal,,,,
,,,,,,,Victory Five,Team WE,blue_side,red_side
Gwen,Senna,Gnar,Gangplank,12.11,Rich,Biubiu,,,,
Kalista,Wukong,Xin Zhao,Lee Sin,12.11,XLB,beishang,,,,
Nocturne,Taliyah,Galio,Lissandra,12.11,Dream,Shanks,,,,
Sejuani,Viego,Zeri,Twitch,12.11,Photic,SmLz,,,,
Sylas,Trundle,Lulu,Yuumi,12.11,Ppgod,heal,,,,
,,,,,,,Victory Five,Team WE,blue_side,red_side
Fiora,LeBlanc,Gangplank,Gwen,12.11,369,xiaoxiang,,,,
Senna,Ahri,Lee Sin,Viego,12.11,Kanavi,Beichuan,,,,
Nautilus,Wukong,Lissandra,Ryze,12.11,Yagao,Ucal,,,,
Sylas,Karma,Zeri,Kalista,12.11,Hope,Puff,,,,
Kayle,Alistar,Yuumi,Renata Glasc,12.11,Missing,Southwind,,,,
,,,,,,,JD Gaming,TT,blue_side,red_side
Fiora,Gangplank,Sion,Sejuani,12.11,369,xiaoxiang,,,,
Senna,Wukong,Vi,Viego,12.11,Kanavi,Beichuan,,,,
Renata Glasc,Lee Sin,Ahri,Lissandra,12.11,Yagao,Ucal,,,,
Gwen,Sett,Zeri,Ezreal,12.11,Hope,Puff,,,,
Kayle,Ornn,Yuumi,Seraphine,12.11,Missing,Southwind,,,,
,,,,,,,JD Gaming,TT,blue_side,red_side
Fiora,Wukong,Sejuani,Mordekaiser,12.11,shanji,fearness,,,,
Kalista,Gangplank,Viego,Lee Sin,12.11,AKi,Shad0w,,,,
Draven,Sylas,Viktor,Azir,12.11,Creme,Haichao,,,,
Galio,Ahri,Zeri,Jinx,12.11,Able,Assum,,,,
Corki,LeBlanc,Braum,Nautilus,12.11,cold,jinjiao,,,,
,,,,,,,OMG,LGD Gaming,blue_side,red_side
Gangplank,Fiora,Ornn,Shyvana,12.11,fearness,shanji,,,,
Sylas,Kalista,Wukong,Viego,12.11,Shad0w,AKi,,,,
Samira,Draven,Corki,Ahri,12.11,Haichao,Creme,,,,
Sejuani,Nautilus,Jinx,Zeri,12.11,Assum,Able,,,,
Kayle,Gwen,Leona,Yuumi,12.11,jinjiao,cold,,,,
,,,,,,,LGD Gaming,OMG,red_side,blue_side
Gwen,Zeri,Gangplank,Gnar,12.11,Flandre,Bin,,,,
Fiora,Wukong,Viego,Graves,12.11,Jiejie,WeiWei,,,,
LeBlanc,Vladimir,Azir,Ahri,12.11,Scout,icon,,,,
Xin Zhao,Senna,Aphelios,Kalista,12.11,Viper,Doggo,,,,
Vi,Ezreal,Nautilus,Renata Glasc,12.11,meiko,Crisp,,,,
,,,,,,,Edward Gaming,Bilibili Gaming,blue_side,red_side
Senna,Wukong,Gangplank,Kayle,12.11,Bin,Flandre,,,,
Lee Sin,Zeri,Viego,Xin Zhao,12.11,WeiWei,Jiejie,,,,
Vladimir,Gwen,Sylas,Azir,12.11,icon,Scout,,,,
Ezreal,Kalista,Xayah,Aphelios,12.11,Doggo,Viper,,,,
Renata Glasc,Lucian,Rakan,Tahm Kench,12.11,Crisp,meiko,,,,
,,,,,,,Bilibili Gaming,Edward Gaming,blue_side,red_side
Gwen,Zeri,Kayle,Gangplank,12.11,Flandre,Bin,,,,
Fiora,Vladimir,Wukong,Viego,12.11,Jiejie,WeiWei,,,,
Sylas,Ahri,Corki,Azir,12.11,Scout,icon,,,,
Kalista,Senna,Xayah,Ezreal,12.11,Viper,Doggo,,,,
Lucian,Nautilus,Leona,Rakan,12.11,meiko,Crisp,,,,
,,,,,,,Edward Gaming,Bilibili Gaming,blue_side,red_side
Gangplank,Nidalee,Jax,Kennen,12.11,Zika,Zdz,,,,
Zeri,Wukong,Diana,Viego,12.11,XUN,Xiaohao,,,,
Kalista,Kindred,Sion,LeBlanc,12.11,Yuekai,Forge,,,,
Ornn,Yone,Tahm Kench,Lucian,12.11,XinLiu,Betty,,,,
Kayle,Sett,Senna,Nami,12.11,Wink,Qiuqiu,,,,
,,,,,,,Invictus Gaming,Anyone s Legend,blue_side,red_side
Nidalee,Gangplank,Camille,Jax,12.11,Zdz,Zika,,,,
Kindred,Wukong,Xin Zhao,Viego,12.11,Xiaohao,XUN,,,,
Diana,Kalista,Swain,Ahri,12.11,Forge,Yuekai,,,,
Galio,LeBlanc,Seraphine,Ezreal,12.11,Qiuqiu,Wink,,,,
Fiora,Lissandra,Senna,Bard,12.11,Betty,XinLiu,,,,
,,,,,,,Anyone s Legend,Invictus Gaming,blue_side,red_side
Gangplank,Nidalee,Gwen,Camille,12.11,Zika,Zdz,,,,
Kalista,Wukong,Diana,Xin Zhao,12.11,XUN,Xiaohao,,,,
Zeri,Kindred,Renekton,Akali,12.11,Yuekai,Forge,,,,
LeBlanc,Fiora,Tahm Kench,Ezreal,12.11,XinLiu,Betty,,,,
Swain,Jax,Senna,Bard,12.11,Wink,Qiuqiu,,,,
,,,,,,,Invictus Gaming,Anyone s Legend,red_side,blue_side
Fiora,Zeri,Gnar,Gwen,12.11,Rich,Breathe,,,,
Lissandra,Viego,RekSai,Lee Sin,12.11,Karsa,Wei,,,,
Nautilus,Wukong,Ahri,Azir,12.11,Dream,xiaohu,,,,
Renata Glasc,Kayle,Tahm Kench,Ezreal,12.11,Ppgod,GALA,,,,
Lucian,Jayce,Senna,Rakan,12.11,Photic,Ming,,,,
,,,,,,,Victory Five,Royal Never Give Up,blue_side,red_side
Ahri,Zeri,Gwen,Gragas,12.11,Breathe,Rich,,,,
Senna,Wukong,Lee Sin,Viego,12.11,Wei,Karsa,,,,
Sylas,Nautilus,Lissandra,Viktor,12.11,xiaohu,Dream,,,,
Kayle,Ezreal,Lucian,Kalista,12.11,GALA,Photic,,,,
Gnar,Aphelios,Nami,Renata Glasc,12.11,Ming,Ppgod,,,,
,,,,,,,Royal Never Give Up,Victory Five,blue_side,red_side
Lissandra,Zeri,Gnar,Gwen,12.11,Rich,Breathe,,,,
Nautilus,Senna,Wukong,Viego,12.11,Karsa,Wei,,,,
Galio,Ahri,Orianna,Corki,12.11,Dream,xiaohu,,,,
Ezreal,Sylas,Kalista,Aphelios,12.11,Photic,GALA,,,,
Lucian,LeBlanc,Renata Glasc,Braum,12.11,Ppgod,Ming,,,,
,,,,,,,Victory Five,Royal Never Give Up,blue_side,red_side
Draven,Wukong,Fiora,Gwen,12.11,Xiaolaohu,Wayward,,,,
Ahri,Zeri,Viego,Trundle,12.11,Clid,Tian,,,,
Renata Glasc,Lucian,Twisted Fate,Sylas,12.11,Care,Knight,,,,
LeBlanc,Kaisa,Jinx,Aphelios,12.11,Lwx,JackeyLove,,,,
Lee Sin,Kalista,Nautilus,Braum,12.11,Hang,Mark,,,,
,,,,,,,Funplus Phoenix,Top Esports,red_side,blue_side
Fiora,Draven,Gangplank,Kayle,12.11,Wayward,Xiaolaohu,,,,
Lucian,Gwen,Trundle,Viego,12.11,Tian,Clid,,,,
Wukong,LeBlanc,Ahri,Sylas,12.11,Knight,Care,,,,
Thresh,Yuumi,Zeri,Jinx,12.11,JackeyLove,Lwx,,,,
Lulu,Renata Glasc,Braum,Nautilus,12.11,Mark,Hang,,,,
,,,,,,,Top Esports,Funplus Phoenix,red_side,blue_side
Sylas,Draven,Gnar,Gragas,12.11,Wayward,Xiaolaohu,,,,
Fiora,Gwen,Wukong,Viego,12.11,Tian,Clid,,,,
Zeri,Ahri,Corki,Swain,12.11,Knight,Care,,,,
Kayle,Taliyah,Tahm Kench,Kalista,12.11,Mark,Lwx,,,,
LeBlanc,Gangplank,Senna,Renata Glasc,12.11,JackeyLove,Hang,,,,
,,,,,,,Top Esports,Funplus Phoenix,blue_side,red_side
Ahri,Gwen,Kayle,Nasus,12.11,TheShy,Cube,,,,
Renata Glasc,Viego,Wukong,Lee Sin,12.11,SofM,Leyan,,,,
Lucian,Fiora,Twisted Fate,Corki,12.11,Angel,Strive,,,,
Braum,Azir,Jinx,Zeri,12.11,huanfeng,iBOY,,,,
Jax,Orianna,Nautilus,Rakan,12.11,ON,yuyanjia,,,,
,,,,,,,Weibo Gaming,Rare Atom,red_side,blue_side
Ahri,Gwen,Kayle,Sejuani,12.11,TheShy,Cube,,,,
Corki,Viego,Nocturne,Lee Sin,12.11,SofM,Leyan,,,,
Lucian,Fiora,Twisted Fate,LeBlanc,12.11,Angel,Strive,,,,
Jax,Azir,Zeri,Jinx,12.11,huanfeng,iBOY,,,,
Nasus,Lissandra,Renata Glasc,Nautilus,12.11,ON,yuyanjia,,,,
,,,,,,,Weibo Gaming,Rare Atom,blue_side,red_side
Ahri,Gwen,Fiora,Vladimir,12.11,TheShy,Cube,,,,
Corki,Viego,Lee Sin,Wukong,12.11,SofM,Leyan,,,,
Lucian,Twisted Fate,Zoe,Orianna,12.11,Angel,Strive,,,,
Jax,Azir,Zeri,Jinx,12.11,huanfeng,iBOY,,,,
LeBlanc,Kayle,Renata Glasc,Nautilus,12.11,SwordArt,yuyanjia,,,,
,,,,,,,Weibo Gaming,Rare Atom,blue_side,red_side
Lee Sin,Wukong,Gwen,Gnar,12.11,369,Zoom,,,,
Renata Glasc,Zeri,Viego,Trundle,12.11,Kanavi,H4cker,,,,
Nautilus,Ahri,Ryze,Corki,12.11,Yagao,Cryin,,,,
Rakan,Karma,Ezreal,Xayah,12.11,Hope,Elk,,,,
Twisted Fate,Yuumi,Leona,Alistar,12.11,Missing,ShiauC,,,,
,,,,,,,JD Gaming,Ultra Prime,blue_side,red_side
Gwen,Wukong,Gangplank,Aatrox,12.11,Zoom,369,,,,
Ahri,Zeri,Lee Sin,Vi,12.11,H4cker,Kanavi,,,,
Kalista,Nautilus,LeBlanc,Azir,12.11,Cryin,Yagao,,,,
Corki,Twisted Fate,Aphelios,Ezreal,12.11,Elk,Hope,,,,
Zoe,Sejuani,Thresh,Karma,12.11,ShiauC,Missing,,,,
,,,,,,,Ultra Prime,JD Gaming,blue_side,red_side
Lee Sin,Wukong,Gwen,Gangplank,12.11,369,Zoom,,,,
Nautilus,Zeri,Graves,Trundle,12.11,Kanavi,H4cker,,,,
Aphelios,Viego,Ahri,Azir,12.11,Yagao,Cryin,,,,
Kaisa,Kalista,Jinx,Ezreal,12.11,Hope,Elk,,,,
Renata Glasc,Lucian,Leona,Alistar,12.11,Missing,ShiauC,,,,
,,,,,,,JD Gaming,Ultra Prime,blue_side,red_side
Gwen,Wukong,Gragas,Gnar,12.11,shanji,Ale,,,,
Taliyah,Zeri,Viego,Lee Sin,12.11,AKi,Tarzan,,,,
Lucian,Gangplank,Sylas,Ryze,12.11,Creme,Doinb,,,,
Lissandra,Ornn,Samira,Aphelios,12.11,Able,Light,,,,
Fiora,Sejuani,Nautilus,Alistar,12.11,cold,LvMao,,,,
,,,,,,,OMG,LNG Esports,blue_side,red_side
Viego,Gwen,Fiora,Sion,12.11,Ale,shanji,,,,
Gangplank,Wukong,Trundle,Xin Zhao,12.11,Tarzan,AKi,,,,
Nautilus,Zeri,Corki,LeBlanc,12.11,Doinb,Creme,,,,
Sejuani,Lee Sin,Lucian,Aphelios,12.11,Light,Able,,,,
Kennen,Taliyah,Nami,Renata Glasc,12.11,LvMao,cold,,,,
,,,,,,,LNG Esports,OMG,blue_side,red_side
Gwen,Wukong,Gragas,Aatrox,12.11,shanji,Ale,,,,
Lucian,Zeri,Trundle,Xin Zhao,12.11,AKi,Tarzan,,,,
Fiora,Viego,Sylas,Corki,12.11,Creme,Doinb,,,,
Braum,Gangplank,Kaisa,Ezreal,12.11,Able,Light,,,,
Leona,Sejuani,Nautilus,Rakan,12.11,cold,LvMao,,,,
,,,,,,,OMG,LNG Esports,blue_side,red_side
Taliyah,Lucian,Gwen,Gnar,12.11,xiaoxiang,Biubiu,,,,
Wukong,Kalista,Xin Zhao,Viego,12.11,Beichuan,beishang,,,,
Zeri,Fiora,Ahri,Lissandra,12.11,Ucal,xiye,,,,
Jax,Yone,Tahm Kench,Ezreal,12.11,Southwind,SmLz,,,,
Corki,Twisted Fate,Senna,Karma,12.11,Puff,heal,,,,
,,,,,,,TT,Team WE,blue_side,red_side
Fiora,Kalista,Gwen,Gnar,12.11,Biubiu,xiaoxiang,,,,
Senna,Lucian,Xin Zhao,Viego,12.11,beishang,Beichuan,,,,
Ahri,Wukong,LeBlanc,Azir,12.11,xiye,Ucal,,,,
Kayle,Corki,Zeri,Jinx,12.11,SmLz,Puff,,,,
Leona,Nautilus,Yuumi,Lulu,12.11,heal,Southwind,,,,
,,,,,,,Team WE,TT,red_side,blue_side
Draven,Wukong,Gangplank,Kayle,12.11,Zdz,fearness,,,,
Corki,Lucian,Xin Zhao,Viego,12.11,Xiaohao,Shad0w,,,,
Fiora,Taliyah,Ryze,Galio,12.11,Forge,Haichao,,,,
LeBlanc,Yuumi,Zeri,Jinx,12.11,Betty,Assum,,,,
Swain,Sylas,Leona,Nautilus,12.11,Qiuqiu,jinjiao,,,,
,,,,,,,Anyone s Legend,LGD Gaming,red_side,blue_side
Lucian,Draven,Ornn,Gwen,12.11,fearness,Zdz,,,,
Gangplank,Wukong,Viego,Lee Sin,12.11,Shad0w,Xiaohao,,,,
Taliyah,Fiora,LeBlanc,Corki,12.11,Haichao,Forge,,,,
Kayle,Leona,Jinx,Zeri,12.11,Assum,Betty,,,,
Yuumi,Akali,Nautilus,Braum,12.11,jinjiao,Qiuqiu,,,,
,,,,,,,LGD Gaming,Anyone s Legend,blue_side,red_side
Lissandra,Wukong,Gwen,Gangplank,12.11,Wayward,Bin,,,,
LeBlanc,Lucian,Lee Sin,Viego,12.11,Tian,WeiWei,,,,
Zeri,Kalista,Ahri,Corki,12.11,Knight,icon,,,,
Jax,Nautilus,Ezreal,Aphelios,12.11,JackeyLove,Doggo,,,,
Jayce,Tahm Kench,Leona,Thresh,12.11,Mark,Crisp,,,,
,,,,,,,Top Esports,Bilibili Gaming,blue_side,red_side
Senna,Wukong,Sion,Camille,12.11,Bin,Wayward,,,,
Ahri,Zeri,Lee Sin,Viego,12.11,WeiWei,Tian,,,,
Taliyah,Gwen,LeBlanc,Viktor,12.11,icon,Knight,,,,
Sejuani,Gangplank,Lucian,Kalista,12.11,Doggo,JackeyLove,,,,
Corki,Azir,Nami,Renata Glasc,12.11,Crisp,Mark,,,,
,,,,,,,Bilibili Gaming,Top Esports,red_side,blue_side
Gangplank,Nidalee,Fiora,Ornn,12.11,Zika,Flandre,,,,
Azir,Kindred,Wukong,Viego,12.11,XUN,Jiejie,,,,
Lee Sin,Kalista,Ahri,Lissandra,12.11,Yuekai,Scout,,,,
Vladimir,Gwen,Draven,Lucian,12.11,Wink,Viper,,,,
Sejuani,Twisted Fate,Nautilus,Nami,12.11,XinLiu,meiko,,,,
,,,,,,,Invictus Gaming,Edward Gaming,blue_side,red_side
Nidalee,Gangplank,Kennen,Camille,12.11,Flandre,Zika,,,,
Kindred,Azir,Viego,Xin Zhao,12.11,Jiejie,XUN,,,,
Diana,Wukong,Corki,Taliyah,12.11,Scout,Yuekai,,,,
Nautilus,Sejuani,Zeri,Kalista,12.11,Viper,Wink,,,,
Rell,Ornn,Renata Glasc,Taric,12.11,meiko,XinLiu,,,,
,,,,,,,Edward Gaming,Invictus Gaming,blue_side,red_side
Gangplank,Nidalee,Gwen,Kennen,12.11,Zika,Flandre,,,,
Azir,Kindred,Viego,Xin Zhao,12.11,XUN,Jiejie,,,,
Lee Sin,Wukong,Taliyah,Viktor,12.11,Yuekai,Scout,,,,
Corki,Fiora,Draven,Zeri,12.11,Wink,Viper,,,,
Ahri,Lissandra,Nautilus,Braum,12.11,XinLiu,meiko,,,,
,,,,,,,Invictus Gaming,Edward Gaming,red_side,blue_side
Senna,Wukong,Gwen,Jax,12.10,Breathe,TheShy,,,,
Ahri,Fiora,Lee Sin,Viego,12.10,Wei,SofM,,,,
Twisted Fate,Galio,Corki,Azir,12.10,xiaohu,Angel,,,,
Leona,Kaisa,Aphelios,Ezreal,12.10,GALA,huanfeng,,,,
Braum,LeBlanc,Nautilus,Rakan,12.10,Ming,ON,,,,
,,,,,,,Royal Never Give Up,Weibo Gaming,blue_side,red_side
Senna,Wukong,Gwen,Jax,12.10,Breathe,TheShy,,,,
Twisted Fate,Nautilus,Lee Sin,Viego,12.10,Wei,SofM,,,,
Jayce,Galio,Ahri,Lissandra,12.10,xiaohu,Angel,,,,
Kalista,Lucian,Jinx,Aphelios,12.10,GALA,huanfeng,,,,
Ezreal,Rakan,Tahm Kench,Renata Glasc,12.10,Ming,ON,,,,
,,,,,,,Royal Never Give Up,Weibo Gaming,red_side,blue_side
Twisted Fate,Wukong,Sejuani,Mordekaiser,12.10,Breathe,TheShy,,,,
Ahri,Nautilus,Viego,Lee Sin,12.10,Wei,SofM,,,,
Gwen,Fiora,Lissandra,Corki,12.10,xiaohu,Angel,,,,
Vladimir,Kayle,Lucian,Ezreal,12.10,GALA,huanfeng,,,,
Azir,Galio,Nami,Karma,12.10,Ming,ON,,,,
,,,,,,,Royal Never Give Up,Weibo Gaming,blue_side,red_side
Fiora,Gwen,Sejuani,Kayle,12.10,Rich,Xiaolaohu,,,,
Azir,Taliyah,Wukong,Trundle,12.10,Karsa,Clid,,,,
Kalista,Lucian,Sylas,Ahri,12.10,Dream,Care,,,,
Viego,Lissandra,Kaisa,Ezreal,12.10,Photic,Lwx,,,,
Jax,LeBlanc,Nautilus,Braum,12.10,Ppgod,Hang,,,,
,,,,,,,Victory Five,Funplus Phoenix,blue_side,red_side
Senna,Wukong,Gwen,Kayle,12.10,Xiaolaohu,Rich,,,,
Taliyah,Fiora,Lee Sin,Viego,12.10,Clid,Karsa,,,,
Lucian,Kalista,Ahri,Lissandra,12.10,Care,Dream,,,,
Karma,Kaisa,Jinx,Ezreal,12.10,Lwx,Photic,,,,
Gnar,Xayah,Thresh,Nautilus,12.10,Hang,Ppgod,,,,
,,,,,,,Funplus Phoenix,Victory Five,red_side,blue_side
Ahri,Wukong,Sejuani,Mordekaiser,12.10,Zoom,Cube,,,,
Gwen,Swain,Viego,Lee Sin,12.10,H4cker,Leyan,,,,
Kalista,Lucian,Taliyah,Corki,12.10,Cryin,Strive,,,,
LeBlanc,Lissandra,Aphelios,Ezreal,12.10,Elk,iBOY,,,,
Zoe,Twisted Fate,Renata Glasc,Karma,12.10,ShiauC,yuyanjia,,,,
,,,,,,,Ultra Prime,Rare Atom,red_side,blue_side
Swain,Wukong,Ornn,Kayle,12.10,Cube,Zoom,,,,
Ahri,Kalista,RekSai,Lee Sin,12.10,Leyan,H4cker,,,,
Karma,Gwen,Viktor,Azir,12.10,Strive,Cryin,,,,
Gangplank,Corki,Lucian,Aphelios,12.10,iBOY,Elk,,,,
LeBlanc,Lissandra,Nami,Renata Glasc,12.10,yuyanjia,ShiauC,,,,
,,,,,,,Rare Atom,Ultra Prime,red_side,blue_side
Gwen,Wukong,Ornn,Aatrox,12.10,Zoom,Cube,,,,
Ahri,Swain,Lee Sin,Sejuani,12.10,H4cker,Leyan,,,,
Kalista,Lucian,Taliyah,Corki,12.10,Cryin,Strive,,,,
Viego,LeBlanc,Kaisa,Ezreal,12.10,Elk,iBOY,,,,
RekSai,Gangplank,Nautilus,Braum,12.10,ShiauC,yuyanjia,,,,
,,,,,,,Ultra Prime,Rare Atom,blue_side,red_side
Taliyah,Akali,Gangplank,Vladimir,12.10,shanji,369,,,,
Lucian,Gwen,Viego,Lee Sin,12.10,AKi,Kanavi,,,,
Ahri,Wukong,Corki,Azir,12.10,Creme,Yagao,,,,
LeBlanc,Sylas,Kaisa,Ezreal,12.10,Able,Hope,,,,
Kennen,Rumble,Nautilus,Braum,12.10,cold,Missing,,,,
,,,,,,,OMG,JD Gaming,blue_side,red_side
Corki,Wukong,Gwen,Kayle,12.10,369,shanji,,,,
Nautilus,Lucian,Viego,Trundle,12.10,Kanavi,AKi,,,,
Gangplank,Taliyah,Lissandra,Ahri,12.10,Yagao,Creme,,,,
Rumble,Renata Glasc,Kalista,Ezreal,12.10,Hope,Able,,,,
Sett,Kennen,Gragas,Alistar,12.10,Missing,cold,,,,
,,,,,,,JD Gaming,OMG,blue_side,red_side
Taliyah,Wukong,Kennen,Sion,12.10,shanji,369,,,,
Kalista,Nautilus,Talon,Graves,12.10,AKi,Kanavi,,,,
Gwen,Viego,LeBlanc,Ahri,12.10,Creme,Yagao,,,,
Vi,Gangplank,Lucian,Ezreal,12.10,Able,Hope,,,,
Lee Sin,Rumble,Nami,Karma,12.10,cold,Missing,,,,
,,,,,,,OMG,JD Gaming,red_side,blue_side
Senna,Taliyah,Gnar,Camille,12.10,Ale,xiaoxiang,,,,
Fiora,Gwen,Viego,Graves,12.10,Tarzan,Beichuan,,,,
Lucian,Wukong,Corki,Twisted Fate,12.10,Doinb,Ucal,,,,
Renata Glasc,Galio,Aphelios,Kalista,12.10,Light,Puff,,,,
Alistar,Gangplank,Nautilus,Braum,12.10,Iwandy,Southwind,,,,
,,,,,,,LNG Esports,TT,blue_side,red_side
Senna,Taliyah,Camille,Ornn,12.10,Ale,xiaoxiang,,,,
Fiora,Gwen,Viego,Graves,12.10,Tarzan,Beichuan,,,,
Lucian,Wukong,Galio,Swain,12.10,Doinb,Ucal,,,,
Azir,Kayle,Aphelios,Kalista,12.10,Light,Puff,,,,
Sylas,Corki,Nautilus,Renata Glasc,12.10,LvMao,Southwind,,,,
,,,,,,,LNG Esports,TT,red_side,blue_side
Senna,Taliyah,Gwen,Fiora,12.10,Ale,xiaoxiang,,,,
Kalista,Wukong,Lee Sin,Viego,12.10,Tarzan,Beichuan,,,,
Nautilus,Lucian,Swain,Twisted Fate,12.10,Doinb,Ucal,,,,
Aphelios,Corki,Ezreal,Xayah,12.10,Light,Puff,,,,
KogMaw,Lissandra,Leona,Rakan,12.10,LvMao,Southwind,,,,
,,,,,,,LNG Esports,TT,blue_side,red_side
Twisted Fate,Wukong,Gangplank,Gwen,12.10,Zdz,Bin,,,,
Lulu,Taliyah,Viego,KhaZix,12.10,Xiaohao,WeiWei,,,,
Kalista,LeBlanc,Sylas,Swain,12.10,Forge,FoFo,,,,
Lee Sin,Ahri,Lucian,Ezreal,12.10,Betty,Doggo,,,,
Graves,Kayle,Nami,Karma,12.10,Qiuqiu,Crisp,,,,
,,,,,,,Anyone s Legend,Bilibili Gaming,blue_side,red_side
Taliyah,Wukong,Gnar,Kayle,12.10,Bin,Zdz,,,,
Lee Sin,Gwen,Viego,Nocturne,12.10,WeiWei,Xiaohao,,,,
Kalista,Lucian,Azir,Swain,12.10,FoFo,Forge,,,,
Gangplank,LeBlanc,Ezreal,Seraphine,12.10,Doggo,Qiuqiu,,,,
Ahri,Twisted Fate,Bard,Senna,12.10,Crisp,Betty,,,,
,,,,,,,Bilibili Gaming,Anyone s Legend,red_side,blue_side
Senna,Graves,Gnar,Jayce,12.10,Biubiu,TheShy,,,,
Gwen,Wukong,Trundle,Viego,12.10,beishang,SofM,,,,
Draven,Lucian,Swain,Ahri,12.10,Shanks,Angel,,,,
Kayle,Lissandra,Kalista,Ezreal,12.10,SmLz,huanfeng,,,,
Karma,Sejuani,Renata Glasc,Bard,12.10,heal,ON,,,,
,,,,,,,Team WE,Weibo Gaming,red_side,blue_side
Senna,Graves,Gnar,Jayce,12.10,Biubiu,TheShy,,,,
Gwen,Lucian,Trundle,Viego,12.10,beishang,SofM,,,,
Ezreal,Wukong,Azir,Ahri,12.10,Shanks,Angel,,,,
Rakan,Lissandra,Kalista,Aphelios,12.10,SmLz,huanfeng,,,,
Kayle,Sejuani,Renata Glasc,Thresh,12.10,heal,ON,,,,
,,,,,,,Team WE,Weibo Gaming,blue_side,red_side
Senna,Graves,Gnar,Jayce,12.10,Biubiu,TheShy,,,,
Gwen,Wukong,Trundle,Viego,12.10,beishang,SofM,,,,
Ezreal,Renata Glasc,Corki,Azir,12.10,Shanks,Angel,,,,
Ahri,Lissandra,Lucian,Kalista,12.10,SmLz,huanfeng,,,,
Kayle,Swain,Nami,Nautilus,12.10,heal,ON,,,,
,,,,,,,Team WE,Weibo Gaming,red_side,blue_side
Nidalee,Senna,Sejuani,Kayle,12.10,Wayward,Zika,,,,
Kindred,Gwen,Viego,Lillia,12.10,Tian,XUN,,,,
Diana,Wukong,Taliyah,Ornn,12.10,Knight,Yuekai,,,,
Fiora,Ahri,Ezreal,Kalista,12.10,JackeyLove,Wink,,,,
Camille,Gangplank,Karma,Renata Glasc,12.10,Mark,XinLiu,,,,
,,,,,,,Top Esports,Invictus Gaming,blue_side,red_side
Nidalee,Gwen,Gangplank,Riven,12.10,Wayward,Zika,,,,
Kindred,Taliyah,Wukong,Viego,12.10,Tian,XUN,,,,
Diana,Ahri,Brand,Swain,12.10,Knight,Yuekai,,,,
Galio,Sejuani,Kalista,Tahm Kench,12.10,JackeyLove,XinLiu,,,,
Twisted Fate,Sylas,Renata Glasc,Senna,12.10,Mark,Wink,,,,
,,,,,,,Top Esports,Invictus Gaming,blue_side,red_side
Gwen,Fiora,Renekton,Gangplank,12.10,fearness,Rich,,,,
Lucian,Jax,Taliyah,Wukong,12.10,Shad0w,XLB,,,,
Ahri,Draven,Azir,LeBlanc,12.10,YeG,Dream,,,,
Kayle,Swain,Kalista,Tahm Kench,12.10,Assum,Ppgod,,,,
Sejuani,Sett,Nautilus,Senna,12.10,jinjiao,Photic,,,,
,,,,,,,LGD Gaming,Victory Five,red_side,blue_side
Fiora,Gwen,Kayle,Jayce,12.10,Rich,fearness,,,,
Jax,Taliyah,Wukong,Viego,12.10,XLB,Shad0w,,,,
Azir,Lucian,Orianna,Veigar,12.10,Dream,YeG,,,,
LeBlanc,Gangplank,Tahm Kench,Draven,12.10,Ppgod,Assum,,,,
Ahri,Lissandra,Senna,Nautilus,12.10,Photic,jinjiao,,,,
,,,,,,,Victory Five,LGD Gaming,blue_side,red_side
Kalista,Gwen,Gangplank,Kayle,12.10,Breathe,Xiaolaohu,,,,
Senna,Wukong,Viego,Lee Sin,12.10,Wei,Clid,,,,
Lucian,Ezreal,Lissandra,Ahri,12.10,xiaohu,Care,,,,
Swain,Galio,Jinx,Xayah,12.10,GALA,Lwx,,,,
Fiora,Vladimir,Tahm Kench,Rakan,12.10,Ming,Hang,,,,
,,,,,,,Royal Never Give Up,Funplus Phoenix,red_side,blue_side
Kalista,Gwen,Fiora,Kayle,12.10,Breathe,Xiaolaohu,,,,
Ahri,Wukong,Viego,Kindred,12.10,Wei,Clid,,,,
Swain,Lucian,Lissandra,Galio,12.10,xiaohu,Care,,,,
Lee Sin,Vladimir,Ezreal,Tahm Kench,12.10,GALA,Hang,,,,
Vi,Jax,Karma,Senna,12.10,Ming,Lwx,,,,
,,,,,,,Royal Never Give Up,Funplus Phoenix,blue_side,red_side
Kalista,Lucian,Gangplank,Aatrox,12.10,Breathe,Xiaolaohu,,,,
Ahri,Wukong,Viego,Lee Sin,12.10,Wei,Clid,,,,
Swain,Gwen,Twisted Fate,LeBlanc,12.10,xiaohu,Care,,,,
Kayle,Galio,Kaisa,Ezreal,12.10,GALA,Lwx,,,,
Fiora,Lissandra,Nautilus,Braum,12.10,Ming,Hang,,,,
,,,,,,,Royal Never Give Up,Funplus Phoenix,blue_side,red_side
Senna,Gwen,Gangplank,Graves,12.10,369,Flandre,,,,
Braum,Lucian,Viego,Lee Sin,12.10,Kanavi,Jiejie,,,,
Taliyah,Wukong,Ahri,Lissandra,12.10,Yagao,Scout,,,,
Vladimir,Alistar,Ezreal,Kalista,12.10,Hope,Viper,,,,
Nautilus,Leona,Karma,Renata Glasc,12.10,Missing,meiko,,,,
,,,,,,,JD Gaming,Edward Gaming,blue_side,red_side
Senna,Lucian,Gangplank,Riven,12.10,369,Flandre,,,,
Braum,Gwen,Wukong,Viego,12.10,Kanavi,Jiejie,,,,
Taliyah,Nautilus,LeBlanc,Zoe,12.10,Yagao,Scout,,,,
Vladimir,Lissandra,Jinx,Ezreal,12.10,Hope,Viper,,,,
Ahri,Twisted Fate,Leona,Yuumi,12.10,Missing,meiko,,,,
,,,,,,,JD Gaming,Edward Gaming,blue_side,red_side
LeBlanc,Wukong,Kennen,Gwen,12.10,Zoom,Bin,,,,
Kalista,Nautilus,Lee Sin,Graves,12.10,H4cker,WeiWei,,,,
Viego,Renata Glasc,Taliyah,Swain,12.10,Cryin,FoFo,,,,
Ahri,Gnar,Lucian,Ezreal,12.10,Elk,Doggo,,,,
Twisted Fate,Galio,Nami,Karma,12.10,ShiauC,Crisp,,,,
,,,,,,,Ultra Prime,Bilibili Gaming,red_side,blue_side
Kalista,Wukong,Sejuani,Gangplank,12.10,Zoom,Bin,,,,
Gwen,Nautilus,Lee Sin,Viego,12.10,H4cker,WeiWei,,,,
Ezreal,Renata Glasc,Taliyah,Twisted Fate,12.10,Cryin,FoFo,,,,
Ahri,Lissandra,Lucian,KogMaw,12.10,Elk,Doggo,,,,
Fiora,Galio,Nami,Lulu,12.10,ShiauC,Crisp,,,,
,,,,,,,Ultra Prime,Bilibili Gaming,blue_side,red_side
Kalista,Wukong,Sejuani,Gangplank,12.10,Zoom,Bin,,,,
Gwen,Taliyah,Viego,KhaZix,12.10,H4cker,WeiWei,,,,
Ezreal,Lucian,Azir,Swain,12.10,Cryin,FoFo,,,,
Trundle,Twisted Fate,Tahm Kench,Aphelios,12.10,ShiauC,Doggo,,,,
Fiora,Ahri,Senna,Renata Glasc,12.10,Elk,Crisp,,,,
,,,,,,,Ultra Prime,Bilibili Gaming,red_side,blue_side
Ahri,Kalista,Gwen,Kayle,12.10,Cube,shanji,,,,
Lucian,Taliyah,Wukong,Vi,12.10,Leyan,AKi,,,,
Viego,Nidalee,Orianna,Lissandra,12.10,Strive,0909,,,,
Diana,Bard,Ezreal,Tahm Kench,12.10,iBOY,cold,,,,
Trundle,Yuumi,Rakan,Senna,12.10,yuyanjia,Able,,,,
,,,,,,,Rare Atom,OMG,blue_side,red_side
Kalista,Lucian,Kayle,Gwen,12.10,shanji,Cube,,,,
Taliyah,Swain,Wukong,Viego,12.10,AKi,Leyan,,,,
Nidalee,Twitch,Lissandra,Galio,12.10,0909,Strive,,,,
Corki,Kaisa,Samira,Ezreal,12.10,Able,iBOY,,,,
Bard,Aphelios,Nautilus,Rakan,12.10,cold,yuyanjia,,,,
,,,,,,,OMG,Rare Atom,blue_side,red_side
Lissandra,Kalista,Nasus,Kayle,12.10,Cube,shanji,,,,
Lucian,Nidalee,Wukong,Vi,12.10,Leyan,AKi,,,,
Viego,Senna,Ahri,Akali,12.10,Strive,0909,,,,
Braum,Jax,Kaisa,Ezreal,12.10,iBOY,Able,,,,
Darius,Gwen,Nautilus,Alistar,12.10,yuyanjia,cold,,,,
,,,,,,,Rare Atom,OMG,blue_side,red_side
Senna,Wukong,Kennen,Gwen,12.10,xiaoxiang,Rich,,,,
Kalista,Taliyah,Viego,Poppy,12.10,Beichuan,Karsa,,,,
Ahri,Swain,Twisted Fate,Galio,12.10,Ucal,Dream,,,,
Lee Sin,Fiora,Lucian,KogMaw,12.10,Puff,Photic,,,,
Nocturne,Akali,Nami,Lulu,12.10,Southwind,Ppgod,,,,
,,,,,,,TT,Victory Five,red_side,blue_side
Twisted Fate,Gwen,Ornn,Sejuani,12.10,Rich,xiaoxiang,,,,
Swain,Taliyah,Wukong,Viego,12.10,Karsa,Beichuan,,,,
Fiora,Ahri,Lissandra,LeBlanc,12.10,Dream,Ucal,,,,
Senna,Mordekaiser,Kalista,Lucian,12.10,Photic,Puff,,,,
Aphelios,Kayle,Renata Glasc,Yuumi,12.10,Ppgod,Southwind,,,,
,,,,,,,Victory Five,TT,blue_side,red_side
LeBlanc,Fiora,Gwen,Gangplank,12.10,Ale,Zdz,,,,
Senna,Taliyah,Sejuani,Viego,12.10,Tarzan,Xiaohao,,,,
Lucian,Wukong,Kled,Swain,12.10,Doinb,Forge,,,,
Jax,Galio,Aphelios,Kalista,12.10,Light,Betty,,,,
Kayle,Corki,Nautilus,Renata Glasc,12.10,Iwandy,Qiuqiu,,,,
,,,,,,,LNG Esports,Anyone s Legend,blue_side,red_side
Fiora,Gwen,Camille,Jax,12.10,Zdz,Ale,,,,
Viego,Lucian,Taliyah,Wukong,12.10,Xiaohao,Tarzan,,,,
Kalista,LeBlanc,Yone,Swain,12.10,Forge,Doinb,,,,
Irelia,Gangplank,Kaisa,Ezreal,12.10,Betty,Light,,,,
Orianna,Kayle,Nautilus,Braum,12.10,Qiuqiu,Iwandy,,,,
,,,,,,,Anyone s Legend,LNG Esports,red_side,blue_side
Kalista,Senna,Gwen,Gnar,12.10,Wayward,Biubiu,,,,
Graves,Draven,Trundle,Viego,12.10,Tian,beishang,,,,
Wukong,Lucian,Ahri,Taliyah,12.10,Knight,xiye,,,,
LeBlanc,Karma,Ezreal,Kaisa,12.10,JackeyLove,Xing,,,,
Rakan,Leona,Braum,Renata Glasc,12.10,Mark,Kedaya,,,,
,,,,,,,Top Esports,Team WE,blue_side,red_side
Kalista,Senna,Jayce,Gwen,12.10,Wayward,Biubiu,,,,
Graves,Draven,Wukong,Volibear,12.10,Tian,beishang,,,,
Viego,Lucian,Ahri,Taliyah,12.10,Knight,xiye,,,,
Vi,Karma,Ezreal,Xayah,12.10,JackeyLove,Xing,,,,
Nocturne,LeBlanc,Leona,Rakan,12.10,Mark,Kedaya,,,,
,,,,,,,Top Esports,Team WE,blue_side,red_side
Wukong,Lucian,Fiora,Kennen,12.10,fearness,369,,,,
Taliyah,Gwen,Viego,Lee Sin,12.10,Shad0w,Kanavi,,,,
Senna,Lissandra,Sylas,Ahri,12.10,YeG,Yagao,,,,
Gangplank,LeBlanc,Kalista,Ezreal,12.10,Assum,Hope,,,,
Leona,Galio,Nautilus,Alistar,12.10,jinjiao,Missing,,,,
,,,,,,,LGD Gaming,JD Gaming,blue_side,red_side
Wukong,Lucian,Fiora,Gangplank,12.10,fearness,369,,,,
Taliyah,Lissandra,Diana,Viego,12.10,Shad0w,Kanavi,,,,
Senna,Draven,Sett,Ahri,12.10,YeG,Yagao,,,,
Xayah,Graves,Kalista,Ezreal,12.10,Assum,Hope,,,,
Leona,Twisted Fate,Nautilus,Braum,12.10,jinjiao,Missing,,,,
,,,,,,,LGD Gaming,JD Gaming,red_side,blue_side
Fiora,Wukong,Sett,Gwen,12.10,369,fearness,,,,
Kalista,Lucian,Taliyah,Viego,12.10,Kanavi,Shad0w,,,,
Lissandra,Gangplank,Ahri,Swain,12.10,Yagao,YeG,,,,
Twisted Fate,Jayce,Ezreal,Draven,12.10,Hope,Assum,,,,
Nautilus,Jax,Leona,Renata Glasc,12.10,Missing,jinjiao,,,,
,,,,,,,JD Gaming,LGD Gaming,blue_side,red_side
Senna,Gwen,Kayle,Jayce,12.10,TheShy,Flandre,,,,
Ahri,Lucian,Viego,Lee Sin,12.10,SofM,Jiejie,,,,
Wukong,Kalista,Orianna,Swain,12.10,Angel,Scout,,,,
Vladimir,Sylas,Draven,Ezreal,12.10,huanfeng,Viper,,,,
Jax,Twisted Fate,Nautilus,Braum,12.10,ON,meiko,,,,
,,,,,,,Weibo Gaming,Edward Gaming,red_side,blue_side
Senna,Gwen,Anivia,Vladimir,12.10,TheShy,Flandre,,,,
Ahri,Lucian,Viego,Lee Sin,12.10,SofM,Jiejie,,,,
Wukong,Kalista,Swain,Azir,12.10,Angel,Scout,,,,
Jax,Sylas,Draven,Ezreal,12.10,huanfeng,Viper,,,,
Jayce,No ban,Nautilus,Braum,12.10,ON,meiko,,,,
,,,,,,,Weibo Gaming,Edward Gaming,red_side,blue_side
Nidalee,Kalista,Jayce,Fiora,12.10,Xiaolaohu,Zika,,,,
Draven,Gwen,Viego,Kindred,12.10,Clid,XUN,,,,
Graves,Wukong,Swain,Galio,12.10,Care,Yuekai,,,,
Riven,Kayle,Lucian,Tahm Kench,12.10,Lwx,XinLiu,,,,
Jax,Gangplank,Nami,Senna,12.10,Hang,Wink,,,,
,,,,,,,Funplus Phoenix,Invictus Gaming,red_side,blue_side
Nidalee,Kalista,Fiora,Jax,12.10,Xiaolaohu,Zika,,,,
Senna,Gwen,Viego,Diana,12.10,Clid,XUN,,,,
Kindred,Wukong,Swain,Sett,12.10,Care,Yuekai,,,,
Yasuo,Kayle,Lucian,Draven,12.10,Lwx,Wink,,,,
Yone,Gangplank,Nami,Nautilus,12.10,Hang,XinLiu,,,,
,,,,,,,Funplus Phoenix,Invictus Gaming,red_side,blue_side
Renata Glasc,Taliyah,Sion,Camille,12.10,Ale,Bin,,,,
LeBlanc,Gwen,Viego,Wukong,12.10,Tarzan,WeiWei,,,,
Karma,Lee Sin,Corki,Galio,12.10,Doinb,FoFo,,,,
Kayle,Swain,Lucian,Kalista,12.10,Light,Doggo,,,,
Vladimir,Lissandra,Nami,Nautilus,12.10,Iwandy,Crisp,,,,
,,,,,,,LNG Esports,Bilibili Gaming,blue_side,red_side
Taliyah,Gwen,Gangplank,Sion,12.10,Bin,Ale,,,,
Lee Sin,Lucian,Wukong,Viego,12.10,WeiWei,Tarzan,,,,
Fiora,Renata Glasc,LeBlanc,Corki,12.10,FoFo,Doinb,,,,
Kayle,Nautilus,Kalista,Ezreal,12.10,Doggo,Light,,,,
Lissandra,Rakan,Thresh,Karma,12.10,Crisp,Iwandy,,,,
,,,,,,,Bilibili Gaming,LNG Esports,blue_side,red_side
Renata Glasc,Taliyah,Vladimir,Gangplank,12.10,Ale,Bin,,,,
Kalista,Gwen,Wukong,Viego,12.10,Tarzan,WeiWei,,,,
Lucian,Corki,Swain,Azir,12.10,Doinb,FoFo,,,,
LeBlanc,Kayle,Xayah,Ezreal,12.10,Light,Doggo,,,,
Karma,Galio,Rakan,Alistar,12.10,Iwandy,Crisp,,,,
,,,,,,,LNG Esports,Bilibili Gaming,blue_side,red_side
LeBlanc,Lucian,Gnar,Aatrox,12.10,Zoom,shanji,,,,
Ahri,Kalista,Wukong,Trundle,12.10,H4cker,AKi,,,,
Viego,Senna,Lissandra,Taliyah,12.10,Cryin,Creme,,,,
Karma,Gwen,Kaisa,Ezreal,12.10,Elk,Able,,,,
Gangplank,Kayle,Nautilus,Braum,12.10,ShiauC,Jerry,,,,
,,,,,,,Ultra Prime,OMG,blue_side,red_side
Lissandra,Ahri,Gangplank,Kayle,12.10,shanji,Zoom,,,,
Kalista,Wukong,Zed,Viego,12.10,AKi,H4cker,,,,
Senna,LeBlanc,Akali,Taliyah,12.10,Creme,Cryin,,,,
Galio,Volibear,Lucian,Xayah,12.10,Able,Elk,,,,
Gwen,Yone,Nami,Renata Glasc,12.10,Jerry,ShiauC,,,,
,,,,,,,OMG,Ultra Prime,red_side,blue_side
Lissandra,Senna,Gwen,Sett,12.10,Wayward,369,,,,
Taliyah,Draven,Graves,Wukong,12.10,Tian,Kanavi,,,,
Viego,Lucian,Ahri,LeBlanc,12.10,Knight,Yagao,,,,
Jayce,Kalista,Twitch,Ezreal,12.10,JackeyLove,Hope,,,,
Karma,Kaisa,Rakan,Yuumi,12.10,Mark,Missing,,,,
,,,,,,,Top Esports,JD Gaming,red_side,blue_side
Taliyah,Senna,Gwen,Kennen,12.10,Wayward,369,,,,
Wukong,Draven,Viego,Lee Sin,12.10,Tian,Kanavi,,,,
Graves,Lucian,Lissandra,Ahri,12.10,Knight,Yagao,,,,
Yuumi,Kalista,Aphelios,Ezreal,12.10,JackeyLove,Hope,,,,
Jayce,Kaisa,Nautilus,Leona,12.10,Mark,Missing,,,,
,,,,,,,Top Esports,JD Gaming,blue_side,red_side
Lissandra,Taliyah,Gragas,Kayle,12.10,369,Wayward,,,,
Gwen,Ahri,Wukong,Viego,12.10,Kanavi,Tian,,,,
Senna,Gangplank,Galio,Vex,12.10,Yagao,Knight,,,,
Gnar,Azir,Lucian,Draven,12.10,Hope,JackeyLove,,,,
Vladimir,Zoe,Nami,Nautilus,12.10,Missing,Mark,,,,
,,,,,,,JD Gaming,Top Esports,blue_side,red_side
Nidalee,Gangplank,Kayle,Gwen,12.10,Zdz,Cube,,,,
Taliyah,Wukong,Lee Sin,Nocturne,12.10,Xiaohao,Leyan,,,,
Kalista,Viego,Swain,Ahri,12.10,Forge,Strive,,,,
RekSai,Lissandra,Lucian,Tahm Kench,12.10,Betty,yuyanjia,,,,
Graves,LeBlanc,Nami,Senna,12.10,Qiuqiu,iBOY,,,,
,,,,,,,Anyone s Legend,Rare Atom,blue_side,red_side
Gangplank,Nidalee,Ornn,Camille,12.10,Cube,Zdz,,,,
Gwen,Taliyah,Graves,Viego,12.10,Leyan,Xiaohao,,,,
Kalista,Lucian,Azir,Swain,12.10,Strive,Forge,,,,
Kayle,LeBlanc,Tahm Kench,Ezreal,12.10,yuyanjia,Betty,,,,
Ahri,Lissandra,Senna,Bard,12.10,iBOY,Qiuqiu,,,,
,,,,,,,Rare Atom,Anyone s Legend,red_side,blue_side
Twisted Fate,Gwen,Camille,Kayle,12.10,Xiaolaohu,Flandre,,,,
Gangplank,Lucian,Viego,Lee Sin,12.10,Clid,Jiejie,,,,
Wukong,Swain,Taliyah,Ahri,12.10,Care,Scout,,,,
Azir,Renata Glasc,Kalista,Tahm Kench,12.10,Lwx,meiko,,,,
Orianna,Nautilus,Sett,Senna,12.10,Hang,Viper,,,,
,,,,,,,Funplus Phoenix,Edward Gaming,red_side,blue_side
Taliyah,Twisted Fate,Gangplank,Fiora,12.10,Flandre,Xiaolaohu,,,,
Gwen,LeBlanc,Graves,Viego,12.10,Jiejie,Clid,,,,
Swain,Wukong,Orianna,Zoe,12.10,Scout,Care,,,,
Kayle,Lee Sin,Lucian,Kalista,12.10,Viper,Lwx,,,,
Ahri,Azir,Nami,Renata Glasc,12.10,meiko,Hang,,,,
,,,,,,,Edward Gaming,Funplus Phoenix,red_side,blue_side
Twisted Fate,Lucian,Fiora,Vladimir,12.10,Xiaolaohu,Flandre,,,,
Kayle,Gwen,Wukong,Vi,12.10,Clid,Jiejie,,,,
Viego,Swain,LeBlanc,Ahri,12.10,Care,Scout,,,,
Lee Sin,Lissandra,Ezreal,Tahm Kench,12.10,Lwx,meiko,,,,
Volibear,Taliyah,Yuumi,Senna,12.10,Hang,Viper,,,,
,,,,,,,Funplus Phoenix,Edward Gaming,red_side,blue_side
Senna,Nidalee,Gwen,Jayce,12.10,Zika,TheShy,,,,
Orianna,Kindred,Wukong,Viego,12.10,XUN,SofM,,,,
Gangplank,Lucian,Vex,Ahri,12.10,Yuekai,Angel,,,,
Azir,LeBlanc,Aphelios,Kalista,12.10,Wink,huanfeng,,,,
Swain,Lissandra,Renata Glasc,Rell,12.10,XinLiu,ON,,,,
,,,,,,,Invictus Gaming,Weibo Gaming,red_side,blue_side
Nidalee,Gwen,Kayle,Riven,12.10,TheShy,Zika,,,,
Kindred,Lucian,Viego,Wukong,12.10,SofM,XUN,,,,
Ahri,Gnar,Zoe,Taliyah,12.10,Angel,Yuekai,,,,
Jax,Azir,Seraphine,Ezreal,12.10,huanfeng,Wink,,,,
Galio,Swain,Senna,Tahm Kench,12.10,ON,XinLiu,,,,
,,,,,,,Weibo Gaming,Invictus Gaming,red_side,blue_side
Senna,Nidalee,Gnar,Kayle,12.10,Zika,TheShy,,,,
Gwen,Kindred,Wukong,Viego,12.10,XUN,SofM,,,,
Renata Glasc,Lucian,Swain,Ahri,12.10,Yuekai,Angel,,,,
Rakan,Lissandra,Draven,Kalista,12.10,Wink,huanfeng,,,,
Rell,LeBlanc,Nautilus,Alistar,12.10,XinLiu,ON,,,,
,,,,,,,Invictus Gaming,Weibo Gaming,red_side,blue_side
